DeployID,Ptt,Instr,Count,Date,Disposition,Code
171233,171233,Mk10,1,00:00:00 09-Aug-2018,deep,1
171233,171233,Mk10,1,01:00:00 09-Aug-2018,deep,1
171233,171233,Mk10,1,02:00:00 09-Aug-2018,deep,1
171233,171233,Mk10,1,03:00:00 09-Aug-2018,deep,1
171233,171233,Mk10,1,04:00:00 09-Aug-2018,deep,1
171233,171233,Mk10,1,05:00:00 09-Aug-2018,deep,1
171233,171233,Mk10,1,06:00:00 09-Aug-2018,deep,1
171233,171233,Mk10,1,07:00:00 09-Aug-2018,deep,1
171233,171233,Mk10,1,08:00:00 09-Aug-2018,deep,1
171233,171233,Mk10,1,09:00:00 09-Aug-2018,deep,1
171233,171233,Mk10,1,10:00:00 09-Aug-2018,neither,2
171233,171233,Mk10,1,11:00:00 09-Aug-2018,neither,2
171233,171233,Mk10,1,12:00:00 09-Aug-2018,deep,1
171233,171233,Mk10,1,13:00:00 09-Aug-2018,deep,1
171233,171233,Mk10,1,14:00:00 09-Aug-2018,neither,2
171233,171233,Mk10,1,15:00:00 09-Aug-2018,neither,2
171233,171233,Mk10,1,16:00:00 09-Aug-2018,deep,1
171233,171233,Mk10,1,17:00:00 09-Aug-2018,deep,1
171233,171233,Mk10,1,18:00:00 09-Aug-2018,neither,2
171233,171233,Mk10,1,19:00:00 09-Aug-2018,neither,2
171233,171233,Mk10,1,20:00:00 09-Aug-2018,deep,1
171233,171233,Mk10,1,21:00:00 09-Aug-2018,deep,1
171233,171233,Mk10,1,22:00:00 09-Aug-2018,deep,1
171233,171233,Mk10,1,23:00:00 09-Aug-2018,deep,1
171233,171233,Mk10,1,00:00:00 10-Aug-2018,deep,1
171233,171233,Mk10,1,01:00:00 10-Aug-2018,deep,1
171233,171233,Mk10,1,02:00:00 10-Aug-2018,deep,1
171233,171233,Mk10,1,03:00:00 10-Aug-2018,deep,1
171233,171233,Mk10,1,04:00:00 10-Aug-2018,deep,1
171233,171233,Mk10,1,05:00:00 10-Aug-2018,deep,1
171233,171233,Mk10,1,06:00:00 10-Aug-2018,deep,1
171233,171233,Mk10,1,07:00:00 10-Aug-2018,deep,1
171233,171233,Mk10,1,08:00:00 10-Aug-2018,deep,1
171233,171233,Mk10,1,09:00:00 10-Aug-2018,deep,1
171233,171233,Mk10,1,10:00:00 10-Aug-2018,deep,1
171233,171233,Mk10,1,11:00:00 10-Aug-2018,deep,1
171233,171233,Mk10,1,12:00:00 10-Aug-2018,neither,2
171233,171233,Mk10,1,13:00:00 10-Aug-2018,neither,2
171233,171233,Mk10,1,14:00:00 10-Aug-2018,deep,1
171233,171233,Mk10,1,15:00:00 10-Aug-2018,deep,1
171233,171233,Mk10,1,16:00:00 10-Aug-2018,deep,1
171233,171233,Mk10,1,17:00:00 10-Aug-2018,deep,1
171233,171233,Mk10,1,18:00:00 10-Aug-2018,deep,1
171233,171233,Mk10,1,19:00:00 10-Aug-2018,deep,1
171233,171233,Mk10,1,20:00:00 10-Aug-2018,deep,1
171233,171233,Mk10,1,21:00:00 10-Aug-2018,deep,1
171233,171233,Mk10,1,22:00:00 10-Aug-2018,deep,1
171233,171233,Mk10,1,23:00:00 10-Aug-2018,deep,1
171233,171233,Mk10,1,00:00:00 11-Aug-2018,deep,1
171233,171233,Mk10,1,01:00:00 11-Aug-2018,deep,1
171233,171233,Mk10,1,02:00:00 11-Aug-2018,deep,1
171233,171233,Mk10,1,03:00:00 11-Aug-2018,deep,1
171233,171233,Mk10,1,04:00:00 11-Aug-2018,deep,1
171233,171233,Mk10,1,05:00:00 11-Aug-2018,deep,1
171233,171233,Mk10,1,06:00:00 11-Aug-2018,deep,1
171233,171233,Mk10,1,07:00:00 11-Aug-2018,deep,1
171233,171233,Mk10,1,08:00:00 11-Aug-2018,deep,1
171233,171233,Mk10,1,09:00:00 11-Aug-2018,deep,1
171233,171233,Mk10,1,10:00:00 11-Aug-2018,deep,1
171233,171233,Mk10,1,11:00:00 11-Aug-2018,deep,1
171233,171233,Mk10,1,12:00:00 11-Aug-2018,neither,2
171233,171233,Mk10,1,13:00:00 11-Aug-2018,neither,2
171233,171233,Mk10,1,14:00:00 11-Aug-2018,deep,1
171233,171233,Mk10,1,15:00:00 11-Aug-2018,deep,1
171233,171233,Mk10,1,16:00:00 11-Aug-2018,deep,1
171233,171233,Mk10,1,17:00:00 11-Aug-2018,neither,2
171233,171233,Mk10,1,18:00:00 11-Aug-2018,neither,2
171233,171233,Mk10,1,19:00:00 11-Aug-2018,neither,2
171233,171233,Mk10,1,20:00:00 11-Aug-2018,deep,1
171233,171233,Mk10,1,21:00:00 11-Aug-2018,deep,1
171233,171233,Mk10,1,22:00:00 11-Aug-2018,deep,1
171233,171233,Mk10,1,23:00:00 11-Aug-2018,deep,1
171233,171233,Mk10,1,00:00:00 12-Aug-2018,deep,1
171233,171233,Mk10,1,01:00:00 12-Aug-2018,deep,1
171233,171233,Mk10,1,02:00:00 12-Aug-2018,deep,1
171233,171233,Mk10,1,03:00:00 12-Aug-2018,deep,1
171233,171233,Mk10,1,04:00:00 12-Aug-2018,deep,1
171233,171233,Mk10,1,05:00:00 12-Aug-2018,deep,1
171233,171233,Mk10,1,06:00:00 12-Aug-2018,deep,1
171233,171233,Mk10,1,07:00:00 12-Aug-2018,deep,1
171233,171233,Mk10,1,08:00:00 12-Aug-2018,deep,1
171233,171233,Mk10,1,09:00:00 12-Aug-2018,deep,1
171233,171233,Mk10,1,10:00:00 12-Aug-2018,deep,1
171233,171233,Mk10,1,11:00:00 12-Aug-2018,neither,2
171233,171233,Mk10,1,12:00:00 12-Aug-2018,deep,1
171233,171233,Mk10,1,13:00:00 12-Aug-2018,neither,2
171233,171233,Mk10,1,14:00:00 12-Aug-2018,neither,2
171233,171233,Mk10,1,15:00:00 12-Aug-2018,deep,1
171233,171233,Mk10,1,16:00:00 12-Aug-2018,deep,1
171233,171233,Mk10,1,17:00:00 12-Aug-2018,deep,1
171233,171233,Mk10,1,18:00:00 12-Aug-2018,deep,1
171233,171233,Mk10,1,19:00:00 12-Aug-2018,deep,1
171233,171233,Mk10,1,20:00:00 12-Aug-2018,deep,1
171233,171233,Mk10,1,21:00:00 12-Aug-2018,deep,1
171233,171233,Mk10,1,22:00:00 12-Aug-2018,deep,1
171233,171233,Mk10,1,23:00:00 12-Aug-2018,deep,1
171233,171233,Mk10,1,00:00:00 13-Aug-2018,deep,1
171233,171233,Mk10,1,01:00:00 13-Aug-2018,deep,1
171233,171233,Mk10,1,02:00:00 13-Aug-2018,deep,1
171233,171233,Mk10,1,03:00:00 13-Aug-2018,deep,1
171233,171233,Mk10,1,04:00:00 13-Aug-2018,deep,1
171233,171233,Mk10,1,05:00:00 13-Aug-2018,deep,1
171233,171233,Mk10,1,06:00:00 13-Aug-2018,deep,1
171233,171233,Mk10,1,07:00:00 13-Aug-2018,deep,1
171233,171233,Mk10,1,08:00:00 13-Aug-2018,deep,1
171233,171233,Mk10,1,09:00:00 13-Aug-2018,deep,1
171233,171233,Mk10,1,10:00:00 13-Aug-2018,deep,1
171233,171233,Mk10,1,11:00:00 13-Aug-2018,deep,1
171233,171233,Mk10,1,12:00:00 13-Aug-2018,neither,2
171233,171233,Mk10,1,13:00:00 13-Aug-2018,neither,2
171233,171233,Mk10,1,14:00:00 13-Aug-2018,neither,2
171233,171233,Mk10,1,15:00:00 13-Aug-2018,deep,1
171233,171233,Mk10,1,16:00:00 13-Aug-2018,deep,1
171233,171233,Mk10,1,17:00:00 13-Aug-2018,deep,1
171233,171233,Mk10,1,18:00:00 13-Aug-2018,deep,1
171233,171233,Mk10,1,19:00:00 13-Aug-2018,deep,1
171233,171233,Mk10,1,20:00:00 13-Aug-2018,deep,1
171233,171233,Mk10,1,21:00:00 13-Aug-2018,deep,1
171233,171233,Mk10,1,22:00:00 13-Aug-2018,deep,1
171233,171233,Mk10,1,23:00:00 13-Aug-2018,deep,1
171233,171233,Mk10,1,00:00:00 15-Aug-2018,deep,1
171233,171233,Mk10,1,01:00:00 15-Aug-2018,deep,1
171233,171233,Mk10,1,02:00:00 15-Aug-2018,deep,1
171233,171233,Mk10,1,03:00:00 15-Aug-2018,deep,1
171233,171233,Mk10,1,04:00:00 15-Aug-2018,deep,1
171233,171233,Mk10,1,05:00:00 15-Aug-2018,deep,1
171233,171233,Mk10,1,06:00:00 15-Aug-2018,deep,1
171233,171233,Mk10,1,07:00:00 15-Aug-2018,deep,1
171233,171233,Mk10,1,08:00:00 15-Aug-2018,deep,1
171233,171233,Mk10,1,09:00:00 15-Aug-2018,deep,1
171233,171233,Mk10,1,10:00:00 15-Aug-2018,deep,1
171233,171233,Mk10,1,11:00:00 15-Aug-2018,deep,1
171233,171233,Mk10,1,12:00:00 15-Aug-2018,deep,1
171233,171233,Mk10,1,13:00:00 15-Aug-2018,deep,1
171233,171233,Mk10,1,14:00:00 15-Aug-2018,neither,2
171233,171233,Mk10,1,15:00:00 15-Aug-2018,neither,2
171233,171233,Mk10,1,16:00:00 15-Aug-2018,neither,2
171233,171233,Mk10,1,17:00:00 15-Aug-2018,neither,2
171233,171233,Mk10,1,18:00:00 15-Aug-2018,neither,2
171233,171233,Mk10,1,19:00:00 15-Aug-2018,neither,2
171233,171233,Mk10,1,20:00:00 15-Aug-2018,neither,2
171233,171233,Mk10,1,21:00:00 15-Aug-2018,deep,1
171233,171233,Mk10,1,22:00:00 15-Aug-2018,deep,1
171233,171233,Mk10,1,23:00:00 15-Aug-2018,deep,1
171233,171233,Mk10,1,00:00:00 16-Aug-2018,deep,1
171233,171233,Mk10,1,01:00:00 16-Aug-2018,deep,1
171233,171233,Mk10,1,02:00:00 16-Aug-2018,deep,1
171233,171233,Mk10,1,03:00:00 16-Aug-2018,deep,1
171233,171233,Mk10,1,04:00:00 16-Aug-2018,deep,1
171233,171233,Mk10,1,05:00:00 16-Aug-2018,deep,1
171233,171233,Mk10,1,06:00:00 16-Aug-2018,deep,1
171233,171233,Mk10,1,07:00:00 16-Aug-2018,deep,1
171233,171233,Mk10,1,08:00:00 16-Aug-2018,deep,1
171233,171233,Mk10,1,09:00:00 16-Aug-2018,deep,1
171233,171233,Mk10,1,10:00:00 16-Aug-2018,deep,1
171233,171233,Mk10,1,11:00:00 16-Aug-2018,neither,2
171233,171233,Mk10,1,12:00:00 16-Aug-2018,neither,2
171233,171233,Mk10,1,13:00:00 16-Aug-2018,neither,2
171233,171233,Mk10,1,14:00:00 16-Aug-2018,neither,2
171233,171233,Mk10,1,15:00:00 16-Aug-2018,neither,2
171233,171233,Mk10,1,16:00:00 16-Aug-2018,neither,2
171233,171233,Mk10,1,17:00:00 16-Aug-2018,neither,2
171233,171233,Mk10,1,18:00:00 16-Aug-2018,neither,2
171233,171233,Mk10,1,19:00:00 16-Aug-2018,deep,1
171233,171233,Mk10,1,20:00:00 16-Aug-2018,deep,1
171233,171233,Mk10,1,21:00:00 16-Aug-2018,deep,1
171233,171233,Mk10,1,22:00:00 16-Aug-2018,deep,1
171233,171233,Mk10,1,23:00:00 16-Aug-2018,deep,1
171233,171233,Mk10,1,00:00:00 17-Aug-2018,deep,1
171233,171233,Mk10,1,01:00:00 17-Aug-2018,deep,1
171233,171233,Mk10,1,02:00:00 17-Aug-2018,deep,1
171233,171233,Mk10,1,03:00:00 17-Aug-2018,deep,1
171233,171233,Mk10,1,04:00:00 17-Aug-2018,deep,1
171233,171233,Mk10,1,05:00:00 17-Aug-2018,deep,1
171233,171233,Mk10,1,06:00:00 17-Aug-2018,deep,1
171233,171233,Mk10,1,07:00:00 17-Aug-2018,deep,1
171233,171233,Mk10,1,08:00:00 17-Aug-2018,deep,1
171233,171233,Mk10,1,09:00:00 17-Aug-2018,deep,1
171233,171233,Mk10,1,10:00:00 17-Aug-2018,deep,1
171233,171233,Mk10,1,11:00:00 17-Aug-2018,deep,1
171233,171233,Mk10,1,12:00:00 17-Aug-2018,deep,1
171233,171233,Mk10,1,13:00:00 17-Aug-2018,neither,2
171233,171233,Mk10,1,14:00:00 17-Aug-2018,neither,2
171233,171233,Mk10,1,15:00:00 17-Aug-2018,neither,2
171233,171233,Mk10,1,16:00:00 17-Aug-2018,neither,2
171233,171233,Mk10,1,17:00:00 17-Aug-2018,deep,1
171233,171233,Mk10,1,18:00:00 17-Aug-2018,deep,1
171233,171233,Mk10,1,19:00:00 17-Aug-2018,deep,1
171233,171233,Mk10,1,20:00:00 17-Aug-2018,deep,1
171233,171233,Mk10,1,21:00:00 17-Aug-2018,deep,1
171233,171233,Mk10,1,22:00:00 17-Aug-2018,deep,1
171233,171233,Mk10,1,23:00:00 17-Aug-2018,deep,1
171233,171233,Mk10,1,00:00:00 18-Aug-2018,deep,1
171233,171233,Mk10,1,01:00:00 18-Aug-2018,deep,1
171233,171233,Mk10,1,02:00:00 18-Aug-2018,deep,1
171233,171233,Mk10,1,03:00:00 18-Aug-2018,deep,1
171233,171233,Mk10,1,04:00:00 18-Aug-2018,deep,1
171233,171233,Mk10,1,05:00:00 18-Aug-2018,deep,1
171233,171233,Mk10,1,06:00:00 18-Aug-2018,deep,1
171233,171233,Mk10,1,07:00:00 18-Aug-2018,deep,1
171233,171233,Mk10,1,08:00:00 18-Aug-2018,deep,1
171233,171233,Mk10,1,09:00:00 18-Aug-2018,deep,1
171233,171233,Mk10,1,10:00:00 18-Aug-2018,deep,1
171233,171233,Mk10,1,11:00:00 18-Aug-2018,neither,2
171233,171233,Mk10,1,12:00:00 18-Aug-2018,neither,2
171233,171233,Mk10,1,13:00:00 18-Aug-2018,neither,2
171233,171233,Mk10,1,14:00:00 18-Aug-2018,deep,1
171233,171233,Mk10,1,15:00:00 18-Aug-2018,neither,2
171233,171233,Mk10,1,16:00:00 18-Aug-2018,neither,2
171233,171233,Mk10,1,17:00:00 18-Aug-2018,neither,2
171233,171233,Mk10,1,18:00:00 18-Aug-2018,neither,2
171233,171233,Mk10,1,19:00:00 18-Aug-2018,neither,2
171233,171233,Mk10,1,20:00:00 18-Aug-2018,neither,2
171233,171233,Mk10,1,21:00:00 18-Aug-2018,neither,2
171233,171233,Mk10,1,22:00:00 18-Aug-2018,deep,1
171233,171233,Mk10,1,23:00:00 18-Aug-2018,deep,1
171233,171233,Mk10,1,00:00:00 19-Aug-2018,deep,1
171233,171233,Mk10,1,01:00:00 19-Aug-2018,deep,1
171233,171233,Mk10,1,02:00:00 19-Aug-2018,deep,1
171233,171233,Mk10,1,03:00:00 19-Aug-2018,deep,1
171233,171233,Mk10,1,04:00:00 19-Aug-2018,deep,1
171233,171233,Mk10,1,05:00:00 19-Aug-2018,deep,1
171233,171233,Mk10,1,06:00:00 19-Aug-2018,deep,1
171233,171233,Mk10,1,07:00:00 19-Aug-2018,deep,1
171233,171233,Mk10,1,08:00:00 19-Aug-2018,deep,1
171233,171233,Mk10,1,09:00:00 19-Aug-2018,deep,1
171233,171233,Mk10,1,10:00:00 19-Aug-2018,deep,1
171233,171233,Mk10,1,11:00:00 19-Aug-2018,neither,2
171233,171233,Mk10,1,12:00:00 19-Aug-2018,neither,2
171233,171233,Mk10,1,13:00:00 19-Aug-2018,neither,2
171233,171233,Mk10,1,14:00:00 19-Aug-2018,neither,2
171233,171233,Mk10,1,15:00:00 19-Aug-2018,neither,2
171233,171233,Mk10,1,16:00:00 19-Aug-2018,neither,2
171233,171233,Mk10,1,17:00:00 19-Aug-2018,neither,2
171233,171233,Mk10,1,18:00:00 19-Aug-2018,deep,1
171233,171233,Mk10,1,19:00:00 19-Aug-2018,deep,1
171233,171233,Mk10,1,20:00:00 19-Aug-2018,neither,2
171233,171233,Mk10,1,21:00:00 19-Aug-2018,neither,2
171233,171233,Mk10,1,22:00:00 19-Aug-2018,neither,2
171233,171233,Mk10,1,23:00:00 19-Aug-2018,deep,1
171233,171233,Mk10,1,00:00:00 22-Aug-2018,deep,1
171233,171233,Mk10,1,01:00:00 22-Aug-2018,deep,1
171233,171233,Mk10,1,02:00:00 22-Aug-2018,deep,1
171233,171233,Mk10,1,03:00:00 22-Aug-2018,deep,1
171233,171233,Mk10,1,04:00:00 22-Aug-2018,deep,1
171233,171233,Mk10,1,05:00:00 22-Aug-2018,deep,1
171233,171233,Mk10,1,06:00:00 22-Aug-2018,deep,1
171233,171233,Mk10,1,07:00:00 22-Aug-2018,deep,1
171233,171233,Mk10,1,08:00:00 22-Aug-2018,deep,1
171233,171233,Mk10,1,09:00:00 22-Aug-2018,deep,1
171233,171233,Mk10,1,10:00:00 22-Aug-2018,deep,1
171233,171233,Mk10,1,11:00:00 22-Aug-2018,deep,1
171233,171233,Mk10,1,12:00:00 22-Aug-2018,deep,1
171233,171233,Mk10,1,13:00:00 22-Aug-2018,deep,1
171233,171233,Mk10,1,14:00:00 22-Aug-2018,deep,1
171233,171233,Mk10,1,15:00:00 22-Aug-2018,deep,1
171233,171233,Mk10,1,16:00:00 22-Aug-2018,neither,2
171233,171233,Mk10,1,17:00:00 22-Aug-2018,neither,2
171233,171233,Mk10,1,18:00:00 22-Aug-2018,neither,2
171233,171233,Mk10,1,19:00:00 22-Aug-2018,neither,2
171233,171233,Mk10,1,20:00:00 22-Aug-2018,neither,2
171233,171233,Mk10,1,21:00:00 22-Aug-2018,neither,2
171233,171233,Mk10,1,22:00:00 22-Aug-2018,deep,1
171233,171233,Mk10,1,23:00:00 22-Aug-2018,deep,1
171233,171233,Mk10,1,00:00:00 23-Aug-2018,deep,1
171233,171233,Mk10,1,01:00:00 23-Aug-2018,deep,1
171233,171233,Mk10,1,02:00:00 23-Aug-2018,deep,1
171233,171233,Mk10,1,03:00:00 23-Aug-2018,deep,1
171233,171233,Mk10,1,04:00:00 23-Aug-2018,deep,1
171233,171233,Mk10,1,05:00:00 23-Aug-2018,deep,1
171233,171233,Mk10,1,06:00:00 23-Aug-2018,deep,1
171233,171233,Mk10,1,07:00:00 23-Aug-2018,deep,1
171233,171233,Mk10,1,08:00:00 23-Aug-2018,deep,1
171233,171233,Mk10,1,09:00:00 23-Aug-2018,deep,1
171233,171233,Mk10,1,10:00:00 23-Aug-2018,deep,1
171233,171233,Mk10,1,11:00:00 23-Aug-2018,deep,1
171233,171233,Mk10,1,12:00:00 23-Aug-2018,deep,1
171233,171233,Mk10,1,13:00:00 23-Aug-2018,neither,2
171233,171233,Mk10,1,14:00:00 23-Aug-2018,neither,2
171233,171233,Mk10,1,15:00:00 23-Aug-2018,neither,2
171233,171233,Mk10,1,16:00:00 23-Aug-2018,neither,2
171233,171233,Mk10,1,17:00:00 23-Aug-2018,neither,2
171233,171233,Mk10,1,18:00:00 23-Aug-2018,neither,2
171233,171233,Mk10,1,19:00:00 23-Aug-2018,neither,2
171233,171233,Mk10,1,20:00:00 23-Aug-2018,neither,2
171233,171233,Mk10,1,21:00:00 23-Aug-2018,deep,1
171233,171233,Mk10,1,22:00:00 23-Aug-2018,deep,1
171233,171233,Mk10,1,23:00:00 23-Aug-2018,deep,1
171233,171233,Mk10,1,00:00:00 24-Aug-2018,deep,1
171233,171233,Mk10,1,01:00:00 24-Aug-2018,deep,1
171233,171233,Mk10,1,02:00:00 24-Aug-2018,deep,1
171233,171233,Mk10,1,03:00:00 24-Aug-2018,deep,1
171233,171233,Mk10,1,04:00:00 24-Aug-2018,deep,1
171233,171233,Mk10,1,05:00:00 24-Aug-2018,deep,1
171233,171233,Mk10,1,06:00:00 24-Aug-2018,deep,1
171233,171233,Mk10,1,07:00:00 24-Aug-2018,deep,1
171233,171233,Mk10,1,08:00:00 24-Aug-2018,deep,1
171233,171233,Mk10,1,09:00:00 24-Aug-2018,deep,1
171233,171233,Mk10,1,10:00:00 24-Aug-2018,deep,1
171233,171233,Mk10,1,11:00:00 24-Aug-2018,neither,2
171233,171233,Mk10,1,12:00:00 24-Aug-2018,neither,2
171233,171233,Mk10,1,13:00:00 24-Aug-2018,neither,2
171233,171233,Mk10,1,14:00:00 24-Aug-2018,neither,2
171233,171233,Mk10,1,15:00:00 24-Aug-2018,neither,2
171233,171233,Mk10,1,16:00:00 24-Aug-2018,neither,2
171233,171233,Mk10,1,17:00:00 24-Aug-2018,neither,2
171233,171233,Mk10,1,18:00:00 24-Aug-2018,deep,1
171233,171233,Mk10,1,19:00:00 24-Aug-2018,deep,1
171233,171233,Mk10,1,20:00:00 24-Aug-2018,deep,1
171233,171233,Mk10,1,21:00:00 24-Aug-2018,deep,1
171233,171233,Mk10,1,22:00:00 24-Aug-2018,deep,1
171233,171233,Mk10,1,23:00:00 24-Aug-2018,deep,1
171233,171233,Mk10,1,00:00:00 25-Aug-2018,deep,1
171233,171233,Mk10,1,01:00:00 25-Aug-2018,deep,1
171233,171233,Mk10,1,02:00:00 25-Aug-2018,deep,1
171233,171233,Mk10,1,03:00:00 25-Aug-2018,deep,1
171233,171233,Mk10,1,04:00:00 25-Aug-2018,deep,1
171233,171233,Mk10,1,05:00:00 25-Aug-2018,deep,1
171233,171233,Mk10,1,06:00:00 25-Aug-2018,deep,1
171233,171233,Mk10,1,07:00:00 25-Aug-2018,deep,1
171233,171233,Mk10,1,08:00:00 25-Aug-2018,deep,1
171233,171233,Mk10,1,09:00:00 25-Aug-2018,deep,1
171233,171233,Mk10,1,10:00:00 25-Aug-2018,neither,2
171233,171233,Mk10,1,11:00:00 25-Aug-2018,neither,2
171233,171233,Mk10,1,12:00:00 25-Aug-2018,neither,2
171233,171233,Mk10,1,13:00:00 25-Aug-2018,neither,2
171233,171233,Mk10,1,14:00:00 25-Aug-2018,neither,2
171233,171233,Mk10,1,15:00:00 25-Aug-2018,neither,2
171233,171233,Mk10,1,16:00:00 25-Aug-2018,neither,2
171233,171233,Mk10,1,17:00:00 25-Aug-2018,neither,2
171233,171233,Mk10,1,18:00:00 25-Aug-2018,neither,2
171233,171233,Mk10,1,19:00:00 25-Aug-2018,neither,2
171233,171233,Mk10,1,20:00:00 25-Aug-2018,neither,2
171233,171233,Mk10,1,21:00:00 25-Aug-2018,neither,2
171233,171233,Mk10,1,22:00:00 25-Aug-2018,deep,1
171233,171233,Mk10,1,23:00:00 25-Aug-2018,deep,1
171233,171233,Mk10,1,00:00:00 26-Aug-2018,deep,1
171233,171233,Mk10,1,01:00:00 26-Aug-2018,deep,1
171233,171233,Mk10,1,02:00:00 26-Aug-2018,deep,1
171233,171233,Mk10,1,03:00:00 26-Aug-2018,deep,1
171233,171233,Mk10,1,04:00:00 26-Aug-2018,deep,1
171233,171233,Mk10,1,05:00:00 26-Aug-2018,deep,1
171233,171233,Mk10,1,06:00:00 26-Aug-2018,deep,1
171233,171233,Mk10,1,07:00:00 26-Aug-2018,deep,1
171233,171233,Mk10,1,08:00:00 26-Aug-2018,deep,1
171233,171233,Mk10,1,09:00:00 26-Aug-2018,deep,1
171233,171233,Mk10,1,10:00:00 26-Aug-2018,deep,1
171233,171233,Mk10,1,11:00:00 26-Aug-2018,deep,1
171233,171233,Mk10,1,12:00:00 26-Aug-2018,deep,1
171233,171233,Mk10,1,13:00:00 26-Aug-2018,neither,2
171233,171233,Mk10,1,14:00:00 26-Aug-2018,neither,2
171233,171233,Mk10,1,15:00:00 26-Aug-2018,neither,2
171233,171233,Mk10,1,16:00:00 26-Aug-2018,deep,1
171233,171233,Mk10,1,17:00:00 26-Aug-2018,neither,2
171233,171233,Mk10,1,18:00:00 26-Aug-2018,neither,2
171233,171233,Mk10,1,19:00:00 26-Aug-2018,neither,2
171233,171233,Mk10,1,20:00:00 26-Aug-2018,neither,2
171233,171233,Mk10,1,21:00:00 26-Aug-2018,neither,2
171233,171233,Mk10,1,22:00:00 26-Aug-2018,deep,1
171233,171233,Mk10,1,23:00:00 26-Aug-2018,deep,1
171233,171233,Mk10,1,00:00:00 31-Aug-2018,deep,1
171233,171233,Mk10,1,01:00:00 31-Aug-2018,deep,1
171233,171233,Mk10,1,02:00:00 31-Aug-2018,deep,1
171233,171233,Mk10,1,03:00:00 31-Aug-2018,deep,1
171233,171233,Mk10,1,04:00:00 31-Aug-2018,deep,1
171233,171233,Mk10,1,05:00:00 31-Aug-2018,deep,1
171233,171233,Mk10,1,06:00:00 31-Aug-2018,deep,1
171233,171233,Mk10,1,07:00:00 31-Aug-2018,deep,1
171233,171233,Mk10,1,08:00:00 31-Aug-2018,deep,1
171233,171233,Mk10,1,09:00:00 31-Aug-2018,deep,1
171233,171233,Mk10,1,10:00:00 31-Aug-2018,deep,1
171233,171233,Mk10,1,11:00:00 31-Aug-2018,deep,1
171233,171233,Mk10,1,12:00:00 31-Aug-2018,deep,1
171233,171233,Mk10,1,13:00:00 31-Aug-2018,deep,1
171233,171233,Mk10,1,14:00:00 31-Aug-2018,deep,1
171233,171233,Mk10,1,15:00:00 31-Aug-2018,deep,1
171233,171233,Mk10,1,16:00:00 31-Aug-2018,deep,1
171233,171233,Mk10,1,17:00:00 31-Aug-2018,deep,1
171233,171233,Mk10,1,18:00:00 31-Aug-2018,deep,1
171233,171233,Mk10,1,19:00:00 31-Aug-2018,deep,1
171233,171233,Mk10,1,20:00:00 31-Aug-2018,deep,1
171233,171233,Mk10,1,21:00:00 31-Aug-2018,neither,2
171233,171233,Mk10,1,22:00:00 31-Aug-2018,deep,1
171233,171233,Mk10,1,23:00:00 31-Aug-2018,deep,1
171233,171233,Mk10,1,00:00:00 01-Sep-2018,deep,1
171233,171233,Mk10,1,01:00:00 01-Sep-2018,deep,1
171233,171233,Mk10,1,02:00:00 01-Sep-2018,deep,1
171233,171233,Mk10,1,03:00:00 01-Sep-2018,deep,1
171233,171233,Mk10,1,04:00:00 01-Sep-2018,deep,1
171233,171233,Mk10,1,05:00:00 01-Sep-2018,deep,1
171233,171233,Mk10,1,06:00:00 01-Sep-2018,deep,1
171233,171233,Mk10,1,07:00:00 01-Sep-2018,deep,1
171233,171233,Mk10,1,08:00:00 01-Sep-2018,deep,1
171233,171233,Mk10,1,09:00:00 01-Sep-2018,deep,1
171233,171233,Mk10,1,10:00:00 01-Sep-2018,deep,1
171233,171233,Mk10,1,11:00:00 01-Sep-2018,deep,1
171233,171233,Mk10,1,12:00:00 01-Sep-2018,deep,1
171233,171233,Mk10,1,13:00:00 01-Sep-2018,deep,1
171233,171233,Mk10,1,14:00:00 01-Sep-2018,deep,1
171233,171233,Mk10,1,15:00:00 01-Sep-2018,deep,1
171233,171233,Mk10,1,16:00:00 01-Sep-2018,deep,1
171233,171233,Mk10,1,17:00:00 01-Sep-2018,deep,1
171233,171233,Mk10,1,18:00:00 01-Sep-2018,deep,1
171233,171233,Mk10,1,19:00:00 01-Sep-2018,deep,1
171233,171233,Mk10,1,20:00:00 01-Sep-2018,deep,1
171233,171233,Mk10,1,21:00:00 01-Sep-2018,neither,2
171233,171233,Mk10,1,22:00:00 01-Sep-2018,deep,1
171233,171233,Mk10,1,23:00:00 01-Sep-2018,deep,1
171233,171233,Mk10,1,00:00:00 02-Sep-2018,deep,1
171233,171233,Mk10,1,01:00:00 02-Sep-2018,deep,1
171233,171233,Mk10,1,02:00:00 02-Sep-2018,deep,1
171233,171233,Mk10,1,03:00:00 02-Sep-2018,deep,1
171233,171233,Mk10,1,04:00:00 02-Sep-2018,deep,1
171233,171233,Mk10,1,05:00:00 02-Sep-2018,deep,1
171233,171233,Mk10,1,06:00:00 02-Sep-2018,deep,1
171233,171233,Mk10,1,07:00:00 02-Sep-2018,deep,1
171233,171233,Mk10,1,08:00:00 02-Sep-2018,deep,1
171233,171233,Mk10,1,09:00:00 02-Sep-2018,deep,1
171233,171233,Mk10,1,10:00:00 02-Sep-2018,deep,1
171233,171233,Mk10,1,11:00:00 02-Sep-2018,deep,1
171233,171233,Mk10,1,12:00:00 02-Sep-2018,deep,1
171233,171233,Mk10,1,13:00:00 02-Sep-2018,deep,1
171233,171233,Mk10,1,14:00:00 02-Sep-2018,deep,1
171233,171233,Mk10,1,15:00:00 02-Sep-2018,deep,1
171233,171233,Mk10,1,16:00:00 02-Sep-2018,deep,1
171233,171233,Mk10,1,17:00:00 02-Sep-2018,deep,1
171233,171233,Mk10,1,18:00:00 02-Sep-2018,deep,1
171233,171233,Mk10,1,19:00:00 02-Sep-2018,deep,1
171233,171233,Mk10,1,20:00:00 02-Sep-2018,neither,2
171233,171233,Mk10,1,21:00:00 02-Sep-2018,deep,1
171233,171233,Mk10,1,22:00:00 02-Sep-2018,deep,1
171233,171233,Mk10,1,23:00:00 02-Sep-2018,deep,1
171233,171233,Mk10,1,00:00:00 03-Sep-2018,deep,1
171233,171233,Mk10,1,01:00:00 03-Sep-2018,deep,1
171233,171233,Mk10,1,02:00:00 03-Sep-2018,deep,1
171233,171233,Mk10,1,03:00:00 03-Sep-2018,deep,1
171233,171233,Mk10,1,04:00:00 03-Sep-2018,deep,1
171233,171233,Mk10,1,05:00:00 03-Sep-2018,deep,1
171233,171233,Mk10,1,06:00:00 03-Sep-2018,deep,1
171233,171233,Mk10,1,07:00:00 03-Sep-2018,deep,1
171233,171233,Mk10,1,08:00:00 03-Sep-2018,deep,1
171233,171233,Mk10,1,09:00:00 03-Sep-2018,deep,1
171233,171233,Mk10,1,10:00:00 03-Sep-2018,deep,1
171233,171233,Mk10,1,11:00:00 03-Sep-2018,deep,1
171233,171233,Mk10,1,12:00:00 03-Sep-2018,deep,1
171233,171233,Mk10,1,13:00:00 03-Sep-2018,deep,1
171233,171233,Mk10,1,14:00:00 03-Sep-2018,deep,1
171233,171233,Mk10,1,15:00:00 03-Sep-2018,deep,1
171233,171233,Mk10,1,16:00:00 03-Sep-2018,deep,1
171233,171233,Mk10,1,17:00:00 03-Sep-2018,deep,1
171233,171233,Mk10,1,18:00:00 03-Sep-2018,deep,1
171233,171233,Mk10,1,19:00:00 03-Sep-2018,deep,1
171233,171233,Mk10,1,20:00:00 03-Sep-2018,neither,2
171233,171233,Mk10,1,21:00:00 03-Sep-2018,neither,2
171233,171233,Mk10,1,22:00:00 03-Sep-2018,deep,1
171233,171233,Mk10,1,23:00:00 03-Sep-2018,deep,1
171233,171233,Mk10,1,00:00:00 04-Sep-2018,deep,1
171233,171233,Mk10,1,01:00:00 04-Sep-2018,deep,1
171233,171233,Mk10,1,02:00:00 04-Sep-2018,deep,1
171233,171233,Mk10,1,03:00:00 04-Sep-2018,deep,1
171233,171233,Mk10,1,04:00:00 04-Sep-2018,deep,1
171233,171233,Mk10,1,05:00:00 04-Sep-2018,deep,1
171233,171233,Mk10,1,06:00:00 04-Sep-2018,deep,1
171233,171233,Mk10,1,07:00:00 04-Sep-2018,deep,1
171233,171233,Mk10,1,08:00:00 04-Sep-2018,deep,1
171233,171233,Mk10,1,09:00:00 04-Sep-2018,deep,1
171233,171233,Mk10,1,10:00:00 04-Sep-2018,deep,1
171233,171233,Mk10,1,11:00:00 04-Sep-2018,deep,1
171233,171233,Mk10,1,12:00:00 04-Sep-2018,neither,2
171233,171233,Mk10,1,13:00:00 04-Sep-2018,deep,1
171233,171233,Mk10,1,14:00:00 04-Sep-2018,deep,1
171233,171233,Mk10,1,15:00:00 04-Sep-2018,deep,1
171233,171233,Mk10,1,16:00:00 04-Sep-2018,deep,1
171233,171233,Mk10,1,17:00:00 04-Sep-2018,neither,2
171233,171233,Mk10,1,18:00:00 04-Sep-2018,neither,2
171233,171233,Mk10,1,19:00:00 04-Sep-2018,neither,2
171233,171233,Mk10,1,20:00:00 04-Sep-2018,neither,2
171233,171233,Mk10,1,21:00:00 04-Sep-2018,deep,1
171233,171233,Mk10,1,22:00:00 04-Sep-2018,deep,1
171233,171233,Mk10,1,23:00:00 04-Sep-2018,deep,1
171233,171233,Mk10,2,00:00:00 10-Sep-2018,deep,1
171233,171233,Mk10,2,01:00:00 10-Sep-2018,deep,1
171233,171233,Mk10,2,02:00:00 10-Sep-2018,deep,1
171233,171233,Mk10,2,03:00:00 10-Sep-2018,deep,1
171233,171233,Mk10,2,04:00:00 10-Sep-2018,deep,1
171233,171233,Mk10,2,05:00:00 10-Sep-2018,deep,1
171233,171233,Mk10,2,06:00:00 10-Sep-2018,deep,1
171233,171233,Mk10,2,07:00:00 10-Sep-2018,deep,1
171233,171233,Mk10,2,08:00:00 10-Sep-2018,deep,1
171233,171233,Mk10,2,09:00:00 10-Sep-2018,deep,1
171233,171233,Mk10,2,10:00:00 10-Sep-2018,deep,1
171233,171233,Mk10,2,11:00:00 10-Sep-2018,neither,2
171233,171233,Mk10,2,12:00:00 10-Sep-2018,deep,1
171233,171233,Mk10,2,13:00:00 10-Sep-2018,deep,1
171233,171233,Mk10,2,14:00:00 10-Sep-2018,deep,1
171233,171233,Mk10,2,15:00:00 10-Sep-2018,deep,1
171233,171233,Mk10,2,16:00:00 10-Sep-2018,deep,1
171233,171233,Mk10,2,17:00:00 10-Sep-2018,deep,1
171233,171233,Mk10,2,18:00:00 10-Sep-2018,deep,1
171233,171233,Mk10,2,19:00:00 10-Sep-2018,deep,1
171233,171233,Mk10,2,20:00:00 10-Sep-2018,deep,1
171233,171233,Mk10,2,21:00:00 10-Sep-2018,deep,1
171233,171233,Mk10,2,22:00:00 10-Sep-2018,deep,1
171233,171233,Mk10,2,23:00:00 10-Sep-2018,deep,1
171233,171233,Mk10,2,00:00:00 11-Sep-2018,deep,1
171233,171233,Mk10,2,01:00:00 11-Sep-2018,deep,1
171233,171233,Mk10,2,02:00:00 11-Sep-2018,deep,1
171233,171233,Mk10,2,03:00:00 11-Sep-2018,deep,1
171233,171233,Mk10,2,04:00:00 11-Sep-2018,deep,1
171233,171233,Mk10,2,05:00:00 11-Sep-2018,deep,1
171233,171233,Mk10,2,06:00:00 11-Sep-2018,deep,1
171233,171233,Mk10,2,07:00:00 11-Sep-2018,deep,1
171233,171233,Mk10,2,08:00:00 11-Sep-2018,deep,1
171233,171233,Mk10,2,09:00:00 11-Sep-2018,deep,1
171233,171233,Mk10,2,10:00:00 11-Sep-2018,deep,1
171233,171233,Mk10,2,11:00:00 11-Sep-2018,deep,1
171233,171233,Mk10,2,12:00:00 11-Sep-2018,neither,2
171233,171233,Mk10,2,13:00:00 11-Sep-2018,deep,1
171233,171233,Mk10,2,14:00:00 11-Sep-2018,deep,1
171233,171233,Mk10,2,15:00:00 11-Sep-2018,deep,1
171233,171233,Mk10,2,16:00:00 11-Sep-2018,deep,1
171233,171233,Mk10,2,17:00:00 11-Sep-2018,deep,1
171233,171233,Mk10,2,18:00:00 11-Sep-2018,neither,2
171233,171233,Mk10,2,19:00:00 11-Sep-2018,deep,1
171233,171233,Mk10,2,20:00:00 11-Sep-2018,deep,1
171233,171233,Mk10,2,21:00:00 11-Sep-2018,deep,1
171233,171233,Mk10,2,22:00:00 11-Sep-2018,deep,1
171233,171233,Mk10,2,23:00:00 11-Sep-2018,deep,1
171233,171233,Mk10,2,00:00:00 12-Sep-2018,deep,1
171233,171233,Mk10,2,01:00:00 12-Sep-2018,deep,1
171233,171233,Mk10,2,02:00:00 12-Sep-2018,deep,1
171233,171233,Mk10,2,03:00:00 12-Sep-2018,deep,1
171233,171233,Mk10,2,04:00:00 12-Sep-2018,deep,1
171233,171233,Mk10,2,05:00:00 12-Sep-2018,deep,1
171233,171233,Mk10,2,06:00:00 12-Sep-2018,deep,1
171233,171233,Mk10,2,07:00:00 12-Sep-2018,deep,1
171233,171233,Mk10,2,08:00:00 12-Sep-2018,deep,1
171233,171233,Mk10,2,09:00:00 12-Sep-2018,deep,1
171233,171233,Mk10,2,10:00:00 12-Sep-2018,deep,1
171233,171233,Mk10,2,11:00:00 12-Sep-2018,deep,1
171233,171233,Mk10,2,12:00:00 12-Sep-2018,deep,1
171233,171233,Mk10,2,13:00:00 12-Sep-2018,deep,1
171233,171233,Mk10,2,14:00:00 12-Sep-2018,deep,1
171233,171233,Mk10,2,15:00:00 12-Sep-2018,deep,1
171233,171233,Mk10,2,16:00:00 12-Sep-2018,deep,1
171233,171233,Mk10,2,17:00:00 12-Sep-2018,neither,2
171233,171233,Mk10,2,18:00:00 12-Sep-2018,deep,1
171233,171233,Mk10,2,19:00:00 12-Sep-2018,neither,2
171233,171233,Mk10,2,20:00:00 12-Sep-2018,deep,1
171233,171233,Mk10,2,21:00:00 12-Sep-2018,neither,2
171233,171233,Mk10,2,22:00:00 12-Sep-2018,deep,1
171233,171233,Mk10,2,23:00:00 12-Sep-2018,deep,1
171233,171233,Mk10,2,00:00:00 13-Sep-2018,deep,1
171233,171233,Mk10,2,01:00:00 13-Sep-2018,deep,1
171233,171233,Mk10,2,02:00:00 13-Sep-2018,deep,1
171233,171233,Mk10,2,03:00:00 13-Sep-2018,deep,1
171233,171233,Mk10,2,04:00:00 13-Sep-2018,deep,1
171233,171233,Mk10,2,05:00:00 13-Sep-2018,deep,1
171233,171233,Mk10,2,06:00:00 13-Sep-2018,deep,1
171233,171233,Mk10,2,07:00:00 13-Sep-2018,deep,1
171233,171233,Mk10,2,08:00:00 13-Sep-2018,deep,1
171233,171233,Mk10,2,09:00:00 13-Sep-2018,deep,1
171233,171233,Mk10,2,10:00:00 13-Sep-2018,deep,1
171233,171233,Mk10,2,11:00:00 13-Sep-2018,deep,1
171233,171233,Mk10,2,12:00:00 13-Sep-2018,deep,1
171233,171233,Mk10,2,13:00:00 13-Sep-2018,deep,1
171233,171233,Mk10,2,14:00:00 13-Sep-2018,neither,2
171233,171233,Mk10,2,15:00:00 13-Sep-2018,deep,1
171233,171233,Mk10,2,16:00:00 13-Sep-2018,deep,1
171233,171233,Mk10,2,17:00:00 13-Sep-2018,deep,1
171233,171233,Mk10,2,18:00:00 13-Sep-2018,deep,1
171233,171233,Mk10,2,19:00:00 13-Sep-2018,deep,1
171233,171233,Mk10,2,20:00:00 13-Sep-2018,deep,1
171233,171233,Mk10,2,21:00:00 13-Sep-2018,deep,1
171233,171233,Mk10,2,22:00:00 13-Sep-2018,deep,1
171233,171233,Mk10,2,23:00:00 13-Sep-2018,deep,1
171233,171233,Mk10,2,00:00:00 14-Sep-2018,deep,1
171233,171233,Mk10,2,01:00:00 14-Sep-2018,deep,1
171233,171233,Mk10,2,02:00:00 14-Sep-2018,deep,1
171233,171233,Mk10,2,03:00:00 14-Sep-2018,deep,1
171233,171233,Mk10,2,04:00:00 14-Sep-2018,deep,1
171233,171233,Mk10,2,05:00:00 14-Sep-2018,deep,1
171233,171233,Mk10,2,06:00:00 14-Sep-2018,deep,1
171233,171233,Mk10,2,07:00:00 14-Sep-2018,deep,1
171233,171233,Mk10,2,08:00:00 14-Sep-2018,deep,1
171233,171233,Mk10,2,09:00:00 14-Sep-2018,deep,1
171233,171233,Mk10,2,10:00:00 14-Sep-2018,deep,1
171233,171233,Mk10,2,11:00:00 14-Sep-2018,neither,2
171233,171233,Mk10,2,12:00:00 14-Sep-2018,deep,1
171233,171233,Mk10,2,13:00:00 14-Sep-2018,deep,1
171233,171233,Mk10,2,14:00:00 14-Sep-2018,deep,1
171233,171233,Mk10,2,15:00:00 14-Sep-2018,deep,1
171233,171233,Mk10,2,16:00:00 14-Sep-2018,deep,1
171233,171233,Mk10,2,17:00:00 14-Sep-2018,deep,1
171233,171233,Mk10,2,18:00:00 14-Sep-2018,deep,1
171233,171233,Mk10,2,19:00:00 14-Sep-2018,deep,1
171233,171233,Mk10,2,20:00:00 14-Sep-2018,deep,1
171233,171233,Mk10,2,21:00:00 14-Sep-2018,deep,1
171233,171233,Mk10,2,22:00:00 14-Sep-2018,deep,1
171233,171233,Mk10,2,23:00:00 14-Sep-2018,deep,1
171233,171233,Mk10,3,00:00:00 16-Sep-2018,deep,1
171233,171233,Mk10,3,01:00:00 16-Sep-2018,deep,1
171233,171233,Mk10,3,02:00:00 16-Sep-2018,deep,1
171233,171233,Mk10,3,03:00:00 16-Sep-2018,deep,1
171233,171233,Mk10,3,04:00:00 16-Sep-2018,deep,1
171233,171233,Mk10,3,05:00:00 16-Sep-2018,deep,1
171233,171233,Mk10,3,06:00:00 16-Sep-2018,deep,1
171233,171233,Mk10,3,07:00:00 16-Sep-2018,deep,1
171233,171233,Mk10,3,08:00:00 16-Sep-2018,deep,1
171233,171233,Mk10,3,09:00:00 16-Sep-2018,deep,1
171233,171233,Mk10,3,10:00:00 16-Sep-2018,deep,1
171233,171233,Mk10,3,11:00:00 16-Sep-2018,deep,1
171233,171233,Mk10,3,12:00:00 16-Sep-2018,deep,1
171233,171233,Mk10,3,13:00:00 16-Sep-2018,deep,1
171233,171233,Mk10,3,14:00:00 16-Sep-2018,deep,1
171233,171233,Mk10,3,15:00:00 16-Sep-2018,deep,1
171233,171233,Mk10,3,16:00:00 16-Sep-2018,deep,1
171233,171233,Mk10,3,17:00:00 16-Sep-2018,deep,1
171233,171233,Mk10,3,18:00:00 16-Sep-2018,deep,1
171233,171233,Mk10,3,19:00:00 16-Sep-2018,deep,1
171233,171233,Mk10,3,20:00:00 16-Sep-2018,deep,1
171233,171233,Mk10,3,21:00:00 16-Sep-2018,deep,1
171233,171233,Mk10,3,22:00:00 16-Sep-2018,deep,1
171233,171233,Mk10,3,23:00:00 16-Sep-2018,deep,1
171233,171233,Mk10,4,00:00:00 17-Sep-2018,deep,1
171233,171233,Mk10,4,01:00:00 17-Sep-2018,deep,1
171233,171233,Mk10,4,02:00:00 17-Sep-2018,deep,1
171233,171233,Mk10,4,03:00:00 17-Sep-2018,deep,1
171233,171233,Mk10,4,04:00:00 17-Sep-2018,deep,1
171233,171233,Mk10,4,05:00:00 17-Sep-2018,deep,1
171233,171233,Mk10,4,06:00:00 17-Sep-2018,deep,1
171233,171233,Mk10,4,07:00:00 17-Sep-2018,deep,1
171233,171233,Mk10,4,08:00:00 17-Sep-2018,deep,1
171233,171233,Mk10,4,09:00:00 17-Sep-2018,deep,1
171233,171233,Mk10,4,10:00:00 17-Sep-2018,deep,1
171233,171233,Mk10,4,11:00:00 17-Sep-2018,deep,1
171233,171233,Mk10,4,12:00:00 17-Sep-2018,deep,1
171233,171233,Mk10,4,13:00:00 17-Sep-2018,deep,1
171233,171233,Mk10,4,14:00:00 17-Sep-2018,deep,1
171233,171233,Mk10,4,15:00:00 17-Sep-2018,deep,1
171233,171233,Mk10,4,16:00:00 17-Sep-2018,deep,1
171233,171233,Mk10,4,17:00:00 17-Sep-2018,deep,1
171233,171233,Mk10,4,18:00:00 17-Sep-2018,deep,1
171233,171233,Mk10,4,19:00:00 17-Sep-2018,deep,1
171233,171233,Mk10,4,20:00:00 17-Sep-2018,deep,1
171233,171233,Mk10,4,21:00:00 17-Sep-2018,deep,1
171233,171233,Mk10,4,22:00:00 17-Sep-2018,deep,1
171233,171233,Mk10,4,23:00:00 17-Sep-2018,deep,1
171233,171233,Mk10,4,00:00:00 18-Sep-2018,deep,1
171233,171233,Mk10,4,01:00:00 18-Sep-2018,deep,1
171233,171233,Mk10,4,02:00:00 18-Sep-2018,deep,1
171233,171233,Mk10,4,03:00:00 18-Sep-2018,deep,1
171233,171233,Mk10,4,04:00:00 18-Sep-2018,deep,1
171233,171233,Mk10,4,05:00:00 18-Sep-2018,deep,1
171233,171233,Mk10,4,06:00:00 18-Sep-2018,deep,1
171233,171233,Mk10,4,07:00:00 18-Sep-2018,deep,1
171233,171233,Mk10,4,08:00:00 18-Sep-2018,deep,1
171233,171233,Mk10,4,09:00:00 18-Sep-2018,deep,1
171233,171233,Mk10,4,10:00:00 18-Sep-2018,deep,1
171233,171233,Mk10,4,11:00:00 18-Sep-2018,deep,1
171233,171233,Mk10,4,12:00:00 18-Sep-2018,deep,1
171233,171233,Mk10,4,13:00:00 18-Sep-2018,deep,1
171233,171233,Mk10,4,14:00:00 18-Sep-2018,deep,1
171233,171233,Mk10,4,15:00:00 18-Sep-2018,deep,1
171233,171233,Mk10,4,16:00:00 18-Sep-2018,deep,1
171233,171233,Mk10,4,17:00:00 18-Sep-2018,deep,1
171233,171233,Mk10,4,18:00:00 18-Sep-2018,deep,1
171233,171233,Mk10,4,19:00:00 18-Sep-2018,deep,1
171233,171233,Mk10,4,20:00:00 18-Sep-2018,neither,2
171233,171233,Mk10,4,21:00:00 18-Sep-2018,neither,2
171233,171233,Mk10,4,22:00:00 18-Sep-2018,deep,1
171233,171233,Mk10,4,23:00:00 18-Sep-2018,deep,1
171233,171233,Mk10,4,00:00:00 19-Sep-2018,deep,1
171233,171233,Mk10,4,01:00:00 19-Sep-2018,deep,1
171233,171233,Mk10,4,02:00:00 19-Sep-2018,deep,1
171233,171233,Mk10,4,03:00:00 19-Sep-2018,deep,1
171233,171233,Mk10,4,04:00:00 19-Sep-2018,deep,1
171233,171233,Mk10,4,05:00:00 19-Sep-2018,deep,1
171233,171233,Mk10,4,06:00:00 19-Sep-2018,deep,1
171233,171233,Mk10,4,07:00:00 19-Sep-2018,deep,1
171233,171233,Mk10,4,08:00:00 19-Sep-2018,deep,1
171233,171233,Mk10,4,09:00:00 19-Sep-2018,deep,1
171233,171233,Mk10,4,10:00:00 19-Sep-2018,deep,1
171233,171233,Mk10,4,11:00:00 19-Sep-2018,deep,1
171233,171233,Mk10,4,12:00:00 19-Sep-2018,deep,1
171233,171233,Mk10,4,13:00:00 19-Sep-2018,deep,1
171233,171233,Mk10,4,14:00:00 19-Sep-2018,deep,1
171233,171233,Mk10,4,15:00:00 19-Sep-2018,deep,1
171233,171233,Mk10,4,16:00:00 19-Sep-2018,deep,1
171233,171233,Mk10,4,17:00:00 19-Sep-2018,deep,1
171233,171233,Mk10,4,18:00:00 19-Sep-2018,neither,2
171233,171233,Mk10,4,19:00:00 19-Sep-2018,deep,1
171233,171233,Mk10,4,20:00:00 19-Sep-2018,deep,1
171233,171233,Mk10,4,21:00:00 19-Sep-2018,neither,2
171233,171233,Mk10,4,22:00:00 19-Sep-2018,deep,1
171233,171233,Mk10,4,23:00:00 19-Sep-2018,deep,1
171233,171233,Mk10,4,00:00:00 20-Sep-2018,deep,1
171233,171233,Mk10,4,01:00:00 20-Sep-2018,deep,1
171233,171233,Mk10,4,02:00:00 20-Sep-2018,deep,1
171233,171233,Mk10,4,03:00:00 20-Sep-2018,deep,1
171233,171233,Mk10,4,04:00:00 20-Sep-2018,deep,1
171233,171233,Mk10,4,05:00:00 20-Sep-2018,deep,1
171233,171233,Mk10,4,06:00:00 20-Sep-2018,deep,1
171233,171233,Mk10,4,07:00:00 20-Sep-2018,deep,1
171233,171233,Mk10,4,08:00:00 20-Sep-2018,deep,1
171233,171233,Mk10,4,09:00:00 20-Sep-2018,deep,1
171233,171233,Mk10,4,10:00:00 20-Sep-2018,deep,1
171233,171233,Mk10,4,11:00:00 20-Sep-2018,deep,1
171233,171233,Mk10,4,12:00:00 20-Sep-2018,deep,1
171233,171233,Mk10,4,13:00:00 20-Sep-2018,deep,1
171233,171233,Mk10,4,14:00:00 20-Sep-2018,deep,1
171233,171233,Mk10,4,15:00:00 20-Sep-2018,deep,1
171233,171233,Mk10,4,16:00:00 20-Sep-2018,deep,1
171233,171233,Mk10,4,17:00:00 20-Sep-2018,deep,1
171233,171233,Mk10,4,18:00:00 20-Sep-2018,deep,1
171233,171233,Mk10,4,19:00:00 20-Sep-2018,deep,1
171233,171233,Mk10,4,20:00:00 20-Sep-2018,deep,1
171233,171233,Mk10,4,21:00:00 20-Sep-2018,deep,1
171233,171233,Mk10,4,22:00:00 20-Sep-2018,deep,1
171233,171233,Mk10,4,23:00:00 20-Sep-2018,deep,1
171233,171233,Mk10,1,00:00:00 21-Sep-2018,deep,1
171233,171233,Mk10,1,01:00:00 21-Sep-2018,deep,1
171233,171233,Mk10,1,02:00:00 21-Sep-2018,deep,1
171233,171233,Mk10,1,03:00:00 21-Sep-2018,deep,1
171233,171233,Mk10,1,04:00:00 21-Sep-2018,deep,1
171233,171233,Mk10,1,05:00:00 21-Sep-2018,deep,1
171233,171233,Mk10,1,06:00:00 21-Sep-2018,deep,1
171233,171233,Mk10,1,07:00:00 21-Sep-2018,deep,1
171233,171233,Mk10,1,08:00:00 21-Sep-2018,deep,1
171233,171233,Mk10,1,09:00:00 21-Sep-2018,deep,1
171233,171233,Mk10,1,10:00:00 21-Sep-2018,deep,1
171233,171233,Mk10,1,11:00:00 21-Sep-2018,deep,1
171233,171233,Mk10,1,12:00:00 21-Sep-2018,deep,1
171233,171233,Mk10,1,13:00:00 21-Sep-2018,deep,1
171233,171233,Mk10,1,14:00:00 21-Sep-2018,deep,1
171233,171233,Mk10,1,15:00:00 21-Sep-2018,deep,1
171233,171233,Mk10,1,16:00:00 21-Sep-2018,deep,1
171233,171233,Mk10,1,17:00:00 21-Sep-2018,deep,1
171233,171233,Mk10,1,18:00:00 21-Sep-2018,deep,1
171233,171233,Mk10,1,19:00:00 21-Sep-2018,deep,1
171233,171233,Mk10,1,20:00:00 21-Sep-2018,deep,1
171233,171233,Mk10,1,21:00:00 21-Sep-2018,deep,1
171233,171233,Mk10,1,22:00:00 21-Sep-2018,deep,1
171233,171233,Mk10,1,23:00:00 21-Sep-2018,deep,1
171233,171233,Mk10,1,00:00:00 07-Oct-2018,deep,1
171233,171233,Mk10,1,01:00:00 07-Oct-2018,deep,1
171233,171233,Mk10,1,02:00:00 07-Oct-2018,deep,1
171233,171233,Mk10,1,03:00:00 07-Oct-2018,deep,1
171233,171233,Mk10,1,04:00:00 07-Oct-2018,deep,1
171233,171233,Mk10,1,05:00:00 07-Oct-2018,deep,1
171233,171233,Mk10,1,06:00:00 07-Oct-2018,deep,1
171233,171233,Mk10,1,07:00:00 07-Oct-2018,deep,1
171233,171233,Mk10,1,08:00:00 07-Oct-2018,deep,1
171233,171233,Mk10,1,09:00:00 07-Oct-2018,deep,1
171233,171233,Mk10,1,10:00:00 07-Oct-2018,deep,1
171233,171233,Mk10,1,11:00:00 07-Oct-2018,deep,1
171233,171233,Mk10,1,12:00:00 07-Oct-2018,deep,1
171233,171233,Mk10,1,13:00:00 07-Oct-2018,deep,1
171233,171233,Mk10,1,14:00:00 07-Oct-2018,deep,1
171233,171233,Mk10,1,15:00:00 07-Oct-2018,neither,2
171233,171233,Mk10,1,16:00:00 07-Oct-2018,deep,1
171233,171233,Mk10,1,17:00:00 07-Oct-2018,deep,1
171233,171233,Mk10,1,18:00:00 07-Oct-2018,neither,2
171233,171233,Mk10,1,19:00:00 07-Oct-2018,neither,2
171233,171233,Mk10,1,20:00:00 07-Oct-2018,neither,2
171233,171233,Mk10,1,21:00:00 07-Oct-2018,neither,2
171233,171233,Mk10,1,22:00:00 07-Oct-2018,deep,1
171233,171233,Mk10,1,23:00:00 07-Oct-2018,deep,1
171233,171233,Mk10,1,00:00:00 08-Oct-2018,deep,1
171233,171233,Mk10,1,01:00:00 08-Oct-2018,deep,1
171233,171233,Mk10,1,02:00:00 08-Oct-2018,deep,1
171233,171233,Mk10,1,03:00:00 08-Oct-2018,deep,1
171233,171233,Mk10,1,04:00:00 08-Oct-2018,deep,1
171233,171233,Mk10,1,05:00:00 08-Oct-2018,deep,1
171233,171233,Mk10,1,06:00:00 08-Oct-2018,deep,1
171233,171233,Mk10,1,07:00:00 08-Oct-2018,deep,1
171233,171233,Mk10,1,08:00:00 08-Oct-2018,deep,1
171233,171233,Mk10,1,09:00:00 08-Oct-2018,deep,1
171233,171233,Mk10,1,10:00:00 08-Oct-2018,deep,1
171233,171233,Mk10,1,11:00:00 08-Oct-2018,deep,1
171233,171233,Mk10,1,12:00:00 08-Oct-2018,deep,1
171233,171233,Mk10,1,13:00:00 08-Oct-2018,deep,1
171233,171233,Mk10,1,14:00:00 08-Oct-2018,deep,1
171233,171233,Mk10,1,15:00:00 08-Oct-2018,deep,1
171233,171233,Mk10,1,16:00:00 08-Oct-2018,deep,1
171233,171233,Mk10,1,17:00:00 08-Oct-2018,deep,1
171233,171233,Mk10,1,18:00:00 08-Oct-2018,deep,1
171233,171233,Mk10,1,19:00:00 08-Oct-2018,neither,2
171233,171233,Mk10,1,20:00:00 08-Oct-2018,deep,1
171233,171233,Mk10,1,21:00:00 08-Oct-2018,neither,2
171233,171233,Mk10,1,22:00:00 08-Oct-2018,deep,1
171233,171233,Mk10,1,23:00:00 08-Oct-2018,deep,1
171233,171233,Mk10,3,00:00:00 09-Oct-2018,deep,1
171233,171233,Mk10,3,01:00:00 09-Oct-2018,deep,1
171233,171233,Mk10,3,02:00:00 09-Oct-2018,deep,1
171233,171233,Mk10,3,03:00:00 09-Oct-2018,deep,1
171233,171233,Mk10,3,04:00:00 09-Oct-2018,deep,1
171233,171233,Mk10,3,05:00:00 09-Oct-2018,deep,1
171233,171233,Mk10,3,06:00:00 09-Oct-2018,deep,1
171233,171233,Mk10,3,07:00:00 09-Oct-2018,deep,1
171233,171233,Mk10,3,08:00:00 09-Oct-2018,deep,1
171233,171233,Mk10,3,09:00:00 09-Oct-2018,deep,1
171233,171233,Mk10,3,10:00:00 09-Oct-2018,deep,1
171233,171233,Mk10,3,11:00:00 09-Oct-2018,deep,1
171233,171233,Mk10,3,12:00:00 09-Oct-2018,deep,1
171233,171233,Mk10,3,13:00:00 09-Oct-2018,deep,1
171233,171233,Mk10,3,14:00:00 09-Oct-2018,deep,1
171233,171233,Mk10,3,15:00:00 09-Oct-2018,deep,1
171233,171233,Mk10,3,16:00:00 09-Oct-2018,deep,1
171233,171233,Mk10,3,17:00:00 09-Oct-2018,deep,1
171233,171233,Mk10,3,18:00:00 09-Oct-2018,deep,1
171233,171233,Mk10,3,19:00:00 09-Oct-2018,neither,2
171233,171233,Mk10,3,20:00:00 09-Oct-2018,neither,2
171233,171233,Mk10,3,21:00:00 09-Oct-2018,neither,2
171233,171233,Mk10,3,22:00:00 09-Oct-2018,deep,1
171233,171233,Mk10,3,23:00:00 09-Oct-2018,deep,1
171233,171233,Mk10,3,00:00:00 10-Oct-2018,deep,1
171233,171233,Mk10,3,01:00:00 10-Oct-2018,deep,1
171233,171233,Mk10,3,02:00:00 10-Oct-2018,deep,1
171233,171233,Mk10,3,03:00:00 10-Oct-2018,deep,1
171233,171233,Mk10,3,04:00:00 10-Oct-2018,deep,1
171233,171233,Mk10,3,05:00:00 10-Oct-2018,deep,1
171233,171233,Mk10,3,06:00:00 10-Oct-2018,deep,1
171233,171233,Mk10,3,07:00:00 10-Oct-2018,deep,1
171233,171233,Mk10,3,08:00:00 10-Oct-2018,deep,1
171233,171233,Mk10,3,09:00:00 10-Oct-2018,deep,1
171233,171233,Mk10,3,10:00:00 10-Oct-2018,deep,1
171233,171233,Mk10,3,11:00:00 10-Oct-2018,deep,1
171233,171233,Mk10,3,12:00:00 10-Oct-2018,deep,1
171233,171233,Mk10,3,13:00:00 10-Oct-2018,deep,1
171233,171233,Mk10,3,14:00:00 10-Oct-2018,deep,1
171233,171233,Mk10,3,15:00:00 10-Oct-2018,deep,1
171233,171233,Mk10,3,16:00:00 10-Oct-2018,deep,1
171233,171233,Mk10,3,17:00:00 10-Oct-2018,deep,1
171233,171233,Mk10,3,18:00:00 10-Oct-2018,deep,1
171233,171233,Mk10,3,19:00:00 10-Oct-2018,deep,1
171233,171233,Mk10,3,20:00:00 10-Oct-2018,deep,1
171233,171233,Mk10,3,21:00:00 10-Oct-2018,deep,1
171233,171233,Mk10,3,22:00:00 10-Oct-2018,deep,1
171233,171233,Mk10,3,23:00:00 10-Oct-2018,deep,1
171233,171233,Mk10,3,00:00:00 11-Oct-2018,deep,1
171233,171233,Mk10,3,01:00:00 11-Oct-2018,deep,1
171233,171233,Mk10,3,02:00:00 11-Oct-2018,deep,1
171233,171233,Mk10,3,03:00:00 11-Oct-2018,deep,1
171233,171233,Mk10,3,04:00:00 11-Oct-2018,deep,1
171233,171233,Mk10,3,05:00:00 11-Oct-2018,deep,1
171233,171233,Mk10,3,06:00:00 11-Oct-2018,deep,1
171233,171233,Mk10,3,07:00:00 11-Oct-2018,deep,1
171233,171233,Mk10,3,08:00:00 11-Oct-2018,deep,1
171233,171233,Mk10,3,09:00:00 11-Oct-2018,deep,1
171233,171233,Mk10,3,10:00:00 11-Oct-2018,deep,1
171233,171233,Mk10,3,11:00:00 11-Oct-2018,deep,1
171233,171233,Mk10,3,12:00:00 11-Oct-2018,deep,1
171233,171233,Mk10,3,13:00:00 11-Oct-2018,deep,1
171233,171233,Mk10,3,14:00:00 11-Oct-2018,deep,1
171233,171233,Mk10,3,15:00:00 11-Oct-2018,deep,1
171233,171233,Mk10,3,16:00:00 11-Oct-2018,deep,1
171233,171233,Mk10,3,17:00:00 11-Oct-2018,deep,1
171233,171233,Mk10,3,18:00:00 11-Oct-2018,neither,2
171233,171233,Mk10,3,19:00:00 11-Oct-2018,deep,1
171233,171233,Mk10,3,20:00:00 11-Oct-2018,neither,2
171233,171233,Mk10,3,21:00:00 11-Oct-2018,deep,1
171233,171233,Mk10,3,22:00:00 11-Oct-2018,deep,1
171233,171233,Mk10,3,23:00:00 11-Oct-2018,deep,1
171233,171233,Mk10,3,00:00:00 12-Oct-2018,deep,1
171233,171233,Mk10,3,01:00:00 12-Oct-2018,deep,1
171233,171233,Mk10,3,02:00:00 12-Oct-2018,deep,1
171233,171233,Mk10,3,03:00:00 12-Oct-2018,deep,1
171233,171233,Mk10,3,04:00:00 12-Oct-2018,deep,1
171233,171233,Mk10,3,05:00:00 12-Oct-2018,deep,1
171233,171233,Mk10,3,06:00:00 12-Oct-2018,deep,1
171233,171233,Mk10,3,07:00:00 12-Oct-2018,deep,1
171233,171233,Mk10,3,08:00:00 12-Oct-2018,deep,1
171233,171233,Mk10,3,09:00:00 12-Oct-2018,deep,1
171233,171233,Mk10,3,10:00:00 12-Oct-2018,deep,1
171233,171233,Mk10,3,11:00:00 12-Oct-2018,deep,1
171233,171233,Mk10,3,12:00:00 12-Oct-2018,deep,1
171233,171233,Mk10,3,13:00:00 12-Oct-2018,deep,1
171233,171233,Mk10,3,14:00:00 12-Oct-2018,deep,1
171233,171233,Mk10,3,15:00:00 12-Oct-2018,deep,1
171233,171233,Mk10,3,16:00:00 12-Oct-2018,deep,1
171233,171233,Mk10,3,17:00:00 12-Oct-2018,deep,1
171233,171233,Mk10,3,18:00:00 12-Oct-2018,deep,1
171233,171233,Mk10,3,19:00:00 12-Oct-2018,deep,1
171233,171233,Mk10,3,20:00:00 12-Oct-2018,deep,1
171233,171233,Mk10,3,21:00:00 12-Oct-2018,deep,1
171233,171233,Mk10,3,22:00:00 12-Oct-2018,deep,1
171233,171233,Mk10,3,23:00:00 12-Oct-2018,deep,1
171233,171233,Mk10,3,00:00:00 13-Oct-2018,deep,1
171233,171233,Mk10,3,01:00:00 13-Oct-2018,deep,1
171233,171233,Mk10,3,02:00:00 13-Oct-2018,deep,1
171233,171233,Mk10,3,03:00:00 13-Oct-2018,deep,1
171233,171233,Mk10,3,04:00:00 13-Oct-2018,deep,1
171233,171233,Mk10,3,05:00:00 13-Oct-2018,deep,1
171233,171233,Mk10,3,06:00:00 13-Oct-2018,deep,1
171233,171233,Mk10,3,07:00:00 13-Oct-2018,deep,1
171233,171233,Mk10,3,08:00:00 13-Oct-2018,deep,1
171233,171233,Mk10,3,09:00:00 13-Oct-2018,deep,1
171233,171233,Mk10,3,10:00:00 13-Oct-2018,deep,1
171233,171233,Mk10,3,11:00:00 13-Oct-2018,deep,1
171233,171233,Mk10,3,12:00:00 13-Oct-2018,deep,1
171233,171233,Mk10,3,13:00:00 13-Oct-2018,deep,1
171233,171233,Mk10,3,14:00:00 13-Oct-2018,neither,2
171233,171233,Mk10,3,15:00:00 13-Oct-2018,deep,1
171233,171233,Mk10,3,16:00:00 13-Oct-2018,deep,1
171233,171233,Mk10,3,17:00:00 13-Oct-2018,deep,1
171233,171233,Mk10,3,18:00:00 13-Oct-2018,deep,1
171233,171233,Mk10,3,19:00:00 13-Oct-2018,deep,1
171233,171233,Mk10,3,20:00:00 13-Oct-2018,deep,1
171233,171233,Mk10,3,21:00:00 13-Oct-2018,deep,1
171233,171233,Mk10,3,22:00:00 13-Oct-2018,deep,1
171233,171233,Mk10,3,23:00:00 13-Oct-2018,deep,1
171233,171233,Mk10,1,00:00:00 14-Oct-2018,deep,1
171233,171233,Mk10,1,01:00:00 14-Oct-2018,deep,1
171233,171233,Mk10,1,02:00:00 14-Oct-2018,deep,1
171233,171233,Mk10,1,03:00:00 14-Oct-2018,deep,1
171233,171233,Mk10,1,04:00:00 14-Oct-2018,deep,1
171233,171233,Mk10,1,05:00:00 14-Oct-2018,deep,1
171233,171233,Mk10,1,06:00:00 14-Oct-2018,deep,1
171233,171233,Mk10,1,07:00:00 14-Oct-2018,deep,1
171233,171233,Mk10,1,08:00:00 14-Oct-2018,deep,1
171233,171233,Mk10,1,09:00:00 14-Oct-2018,deep,1
171233,171233,Mk10,1,10:00:00 14-Oct-2018,deep,1
171233,171233,Mk10,1,11:00:00 14-Oct-2018,deep,1
171233,171233,Mk10,1,12:00:00 14-Oct-2018,deep,1
171233,171233,Mk10,1,13:00:00 14-Oct-2018,deep,1
171233,171233,Mk10,1,14:00:00 14-Oct-2018,deep,1
171233,171233,Mk10,1,15:00:00 14-Oct-2018,deep,1
171233,171233,Mk10,1,16:00:00 14-Oct-2018,deep,1
171233,171233,Mk10,1,17:00:00 14-Oct-2018,deep,1
171233,171233,Mk10,1,18:00:00 14-Oct-2018,deep,1
171233,171233,Mk10,1,19:00:00 14-Oct-2018,deep,1
171233,171233,Mk10,1,20:00:00 14-Oct-2018,deep,1
171233,171233,Mk10,1,21:00:00 14-Oct-2018,deep,1
171233,171233,Mk10,1,22:00:00 14-Oct-2018,deep,1
171233,171233,Mk10,1,23:00:00 14-Oct-2018,deep,1
171233,171233,Mk10,2,00:00:00 15-Oct-2018,deep,1
171233,171233,Mk10,2,01:00:00 15-Oct-2018,deep,1
171233,171233,Mk10,2,02:00:00 15-Oct-2018,deep,1
171233,171233,Mk10,2,03:00:00 15-Oct-2018,deep,1
171233,171233,Mk10,2,04:00:00 15-Oct-2018,deep,1
171233,171233,Mk10,2,05:00:00 15-Oct-2018,deep,1
171233,171233,Mk10,2,06:00:00 15-Oct-2018,deep,1
171233,171233,Mk10,2,07:00:00 15-Oct-2018,deep,1
171233,171233,Mk10,2,08:00:00 15-Oct-2018,deep,1
171233,171233,Mk10,2,09:00:00 15-Oct-2018,deep,1
171233,171233,Mk10,2,10:00:00 15-Oct-2018,deep,1
171233,171233,Mk10,2,11:00:00 15-Oct-2018,deep,1
171233,171233,Mk10,2,12:00:00 15-Oct-2018,deep,1
171233,171233,Mk10,2,13:00:00 15-Oct-2018,deep,1
171233,171233,Mk10,2,14:00:00 15-Oct-2018,deep,1
171233,171233,Mk10,2,15:00:00 15-Oct-2018,deep,1
171233,171233,Mk10,2,16:00:00 15-Oct-2018,deep,1
171233,171233,Mk10,2,17:00:00 15-Oct-2018,deep,1
171233,171233,Mk10,2,18:00:00 15-Oct-2018,deep,1
171233,171233,Mk10,2,19:00:00 15-Oct-2018,deep,1
171233,171233,Mk10,2,20:00:00 15-Oct-2018,neither,2
171233,171233,Mk10,2,21:00:00 15-Oct-2018,deep,1
171233,171233,Mk10,2,22:00:00 15-Oct-2018,deep,1
171233,171233,Mk10,2,23:00:00 15-Oct-2018,deep,1
171233,171233,Mk10,2,00:00:00 16-Oct-2018,deep,1
171233,171233,Mk10,2,01:00:00 16-Oct-2018,deep,1
171233,171233,Mk10,2,02:00:00 16-Oct-2018,deep,1
171233,171233,Mk10,2,03:00:00 16-Oct-2018,deep,1
171233,171233,Mk10,2,04:00:00 16-Oct-2018,deep,1
171233,171233,Mk10,2,05:00:00 16-Oct-2018,deep,1
171233,171233,Mk10,2,06:00:00 16-Oct-2018,deep,1
171233,171233,Mk10,2,07:00:00 16-Oct-2018,deep,1
171233,171233,Mk10,2,08:00:00 16-Oct-2018,deep,1
171233,171233,Mk10,2,09:00:00 16-Oct-2018,deep,1
171233,171233,Mk10,2,10:00:00 16-Oct-2018,neither,2
171233,171233,Mk10,2,11:00:00 16-Oct-2018,deep,1
171233,171233,Mk10,2,12:00:00 16-Oct-2018,deep,1
171233,171233,Mk10,2,13:00:00 16-Oct-2018,deep,1
171233,171233,Mk10,2,14:00:00 16-Oct-2018,deep,1
171233,171233,Mk10,2,15:00:00 16-Oct-2018,deep,1
171233,171233,Mk10,2,16:00:00 16-Oct-2018,deep,1
171233,171233,Mk10,2,17:00:00 16-Oct-2018,deep,1
171233,171233,Mk10,2,18:00:00 16-Oct-2018,deep,1
171233,171233,Mk10,2,19:00:00 16-Oct-2018,deep,1
171233,171233,Mk10,2,20:00:00 16-Oct-2018,neither,2
171233,171233,Mk10,2,21:00:00 16-Oct-2018,deep,1
171233,171233,Mk10,2,22:00:00 16-Oct-2018,deep,1
171233,171233,Mk10,2,23:00:00 16-Oct-2018,deep,1
171233,171233,Mk10,1,00:00:00 17-Oct-2018,deep,1
171233,171233,Mk10,1,01:00:00 17-Oct-2018,deep,1
171233,171233,Mk10,1,02:00:00 17-Oct-2018,deep,1
171233,171233,Mk10,1,03:00:00 17-Oct-2018,deep,1
171233,171233,Mk10,1,04:00:00 17-Oct-2018,deep,1
171233,171233,Mk10,1,05:00:00 17-Oct-2018,deep,1
171233,171233,Mk10,1,06:00:00 17-Oct-2018,deep,1
171233,171233,Mk10,1,07:00:00 17-Oct-2018,deep,1
171233,171233,Mk10,1,08:00:00 17-Oct-2018,deep,1
171233,171233,Mk10,1,09:00:00 17-Oct-2018,deep,1
171233,171233,Mk10,1,10:00:00 17-Oct-2018,deep,1
171233,171233,Mk10,1,11:00:00 17-Oct-2018,deep,1
171233,171233,Mk10,1,12:00:00 17-Oct-2018,deep,1
171233,171233,Mk10,1,13:00:00 17-Oct-2018,deep,1
171233,171233,Mk10,1,14:00:00 17-Oct-2018,deep,1
171233,171233,Mk10,1,15:00:00 17-Oct-2018,deep,1
171233,171233,Mk10,1,16:00:00 17-Oct-2018,deep,1
171233,171233,Mk10,1,17:00:00 17-Oct-2018,neither,2
171233,171233,Mk10,1,18:00:00 17-Oct-2018,deep,1
171233,171233,Mk10,1,19:00:00 17-Oct-2018,deep,1
171233,171233,Mk10,1,20:00:00 17-Oct-2018,deep,1
171233,171233,Mk10,1,21:00:00 17-Oct-2018,deep,1
171233,171233,Mk10,1,22:00:00 17-Oct-2018,deep,1
171233,171233,Mk10,1,23:00:00 17-Oct-2018,deep,1
171233,171233,Mk10,1,00:00:00 18-Oct-2018,deep,1
171233,171233,Mk10,1,01:00:00 18-Oct-2018,deep,1
171233,171233,Mk10,1,02:00:00 18-Oct-2018,deep,1
171233,171233,Mk10,1,03:00:00 18-Oct-2018,deep,1
171233,171233,Mk10,1,04:00:00 18-Oct-2018,deep,1
171233,171233,Mk10,1,05:00:00 18-Oct-2018,deep,1
171233,171233,Mk10,1,06:00:00 18-Oct-2018,deep,1
171233,171233,Mk10,1,07:00:00 18-Oct-2018,deep,1
171233,171233,Mk10,1,08:00:00 18-Oct-2018,deep,1
171233,171233,Mk10,1,09:00:00 18-Oct-2018,deep,1
171233,171233,Mk10,1,10:00:00 18-Oct-2018,deep,1
171233,171233,Mk10,1,11:00:00 18-Oct-2018,deep,1
171233,171233,Mk10,1,12:00:00 18-Oct-2018,deep,1
171233,171233,Mk10,1,13:00:00 18-Oct-2018,deep,1
171233,171233,Mk10,1,14:00:00 18-Oct-2018,deep,1
171233,171233,Mk10,1,15:00:00 18-Oct-2018,deep,1
171233,171233,Mk10,1,16:00:00 18-Oct-2018,deep,1
171233,171233,Mk10,1,17:00:00 18-Oct-2018,deep,1
171233,171233,Mk10,1,18:00:00 18-Oct-2018,deep,1
171233,171233,Mk10,1,19:00:00 18-Oct-2018,deep,1
171233,171233,Mk10,1,20:00:00 18-Oct-2018,deep,1
171233,171233,Mk10,1,21:00:00 18-Oct-2018,deep,1
171233,171233,Mk10,1,22:00:00 18-Oct-2018,deep,1
171233,171233,Mk10,1,23:00:00 18-Oct-2018,deep,1
171233,171233,Mk10,1,00:00:00 19-Oct-2018,deep,1
171233,171233,Mk10,1,01:00:00 19-Oct-2018,deep,1
171233,171233,Mk10,1,02:00:00 19-Oct-2018,deep,1
171233,171233,Mk10,1,03:00:00 19-Oct-2018,deep,1
171233,171233,Mk10,1,04:00:00 19-Oct-2018,deep,1
171233,171233,Mk10,1,05:00:00 19-Oct-2018,deep,1
171233,171233,Mk10,1,06:00:00 19-Oct-2018,deep,1
171233,171233,Mk10,1,07:00:00 19-Oct-2018,deep,1
171233,171233,Mk10,1,08:00:00 19-Oct-2018,deep,1
171233,171233,Mk10,1,09:00:00 19-Oct-2018,deep,1
171233,171233,Mk10,1,10:00:00 19-Oct-2018,deep,1
171233,171233,Mk10,1,11:00:00 19-Oct-2018,deep,1
171233,171233,Mk10,1,12:00:00 19-Oct-2018,deep,1
171233,171233,Mk10,1,13:00:00 19-Oct-2018,deep,1
171233,171233,Mk10,1,14:00:00 19-Oct-2018,deep,1
171233,171233,Mk10,1,15:00:00 19-Oct-2018,deep,1
171233,171233,Mk10,1,16:00:00 19-Oct-2018,deep,1
171233,171233,Mk10,1,17:00:00 19-Oct-2018,deep,1
171233,171233,Mk10,1,18:00:00 19-Oct-2018,deep,1
171233,171233,Mk10,1,19:00:00 19-Oct-2018,deep,1
171233,171233,Mk10,1,20:00:00 19-Oct-2018,deep,1
171233,171233,Mk10,1,21:00:00 19-Oct-2018,deep,1
171233,171233,Mk10,1,22:00:00 19-Oct-2018,deep,1
171233,171233,Mk10,1,23:00:00 19-Oct-2018,deep,1
171233,171233,Mk10,1,00:00:00 06-Nov-2018,deep,1
171233,171233,Mk10,1,01:00:00 06-Nov-2018,deep,1
171233,171233,Mk10,1,02:00:00 06-Nov-2018,deep,1
171233,171233,Mk10,1,03:00:00 06-Nov-2018,deep,1
171233,171233,Mk10,1,04:00:00 06-Nov-2018,deep,1
171233,171233,Mk10,1,05:00:00 06-Nov-2018,deep,1
171233,171233,Mk10,1,06:00:00 06-Nov-2018,deep,1
171233,171233,Mk10,1,07:00:00 06-Nov-2018,deep,1
171233,171233,Mk10,1,08:00:00 06-Nov-2018,deep,1
171233,171233,Mk10,1,09:00:00 06-Nov-2018,deep,1
171233,171233,Mk10,1,10:00:00 06-Nov-2018,deep,1
171233,171233,Mk10,1,11:00:00 06-Nov-2018,deep,1
171233,171233,Mk10,1,12:00:00 06-Nov-2018,deep,1
171233,171233,Mk10,1,13:00:00 06-Nov-2018,deep,1
171233,171233,Mk10,1,14:00:00 06-Nov-2018,deep,1
171233,171233,Mk10,1,15:00:00 06-Nov-2018,deep,1
171233,171233,Mk10,1,16:00:00 06-Nov-2018,deep,1
171233,171233,Mk10,1,17:00:00 06-Nov-2018,deep,1
171233,171233,Mk10,1,18:00:00 06-Nov-2018,deep,1
171233,171233,Mk10,1,19:00:00 06-Nov-2018,deep,1
171233,171233,Mk10,1,20:00:00 06-Nov-2018,deep,1
171233,171233,Mk10,1,21:00:00 06-Nov-2018,deep,1
171233,171233,Mk10,1,22:00:00 06-Nov-2018,deep,1
171233,171233,Mk10,1,23:00:00 06-Nov-2018,deep,1
171233,171233,Mk10,1,00:00:00 07-Nov-2018,deep,1
171233,171233,Mk10,1,01:00:00 07-Nov-2018,deep,1
171233,171233,Mk10,1,02:00:00 07-Nov-2018,deep,1
171233,171233,Mk10,1,03:00:00 07-Nov-2018,deep,1
171233,171233,Mk10,1,04:00:00 07-Nov-2018,deep,1
171233,171233,Mk10,1,05:00:00 07-Nov-2018,deep,1
171233,171233,Mk10,1,06:00:00 07-Nov-2018,deep,1
171233,171233,Mk10,1,07:00:00 07-Nov-2018,deep,1
171233,171233,Mk10,1,08:00:00 07-Nov-2018,deep,1
171233,171233,Mk10,1,09:00:00 07-Nov-2018,deep,1
171233,171233,Mk10,1,10:00:00 07-Nov-2018,deep,1
171233,171233,Mk10,1,11:00:00 07-Nov-2018,deep,1
171233,171233,Mk10,1,12:00:00 07-Nov-2018,deep,1
171233,171233,Mk10,1,13:00:00 07-Nov-2018,deep,1
171233,171233,Mk10,1,14:00:00 07-Nov-2018,neither,2
171233,171233,Mk10,1,15:00:00 07-Nov-2018,deep,1
171233,171233,Mk10,1,16:00:00 07-Nov-2018,deep,1
171233,171233,Mk10,1,17:00:00 07-Nov-2018,deep,1
171233,171233,Mk10,1,18:00:00 07-Nov-2018,deep,1
171233,171233,Mk10,1,19:00:00 07-Nov-2018,deep,1
171233,171233,Mk10,1,20:00:00 07-Nov-2018,deep,1
171233,171233,Mk10,1,21:00:00 07-Nov-2018,deep,1
171233,171233,Mk10,1,22:00:00 07-Nov-2018,deep,1
171233,171233,Mk10,1,23:00:00 07-Nov-2018,deep,1
171233,171233,Mk10,1,00:00:00 08-Nov-2018,deep,1
171233,171233,Mk10,1,01:00:00 08-Nov-2018,deep,1
171233,171233,Mk10,1,02:00:00 08-Nov-2018,deep,1
171233,171233,Mk10,1,03:00:00 08-Nov-2018,deep,1
171233,171233,Mk10,1,04:00:00 08-Nov-2018,deep,1
171233,171233,Mk10,1,05:00:00 08-Nov-2018,deep,1
171233,171233,Mk10,1,06:00:00 08-Nov-2018,deep,1
171233,171233,Mk10,1,07:00:00 08-Nov-2018,deep,1
171233,171233,Mk10,1,08:00:00 08-Nov-2018,deep,1
171233,171233,Mk10,1,09:00:00 08-Nov-2018,deep,1
171233,171233,Mk10,1,10:00:00 08-Nov-2018,deep,1
171233,171233,Mk10,1,11:00:00 08-Nov-2018,deep,1
171233,171233,Mk10,1,12:00:00 08-Nov-2018,deep,1
171233,171233,Mk10,1,13:00:00 08-Nov-2018,deep,1
171233,171233,Mk10,1,14:00:00 08-Nov-2018,deep,1
171233,171233,Mk10,1,15:00:00 08-Nov-2018,deep,1
171233,171233,Mk10,1,16:00:00 08-Nov-2018,deep,1
171233,171233,Mk10,1,17:00:00 08-Nov-2018,deep,1
171233,171233,Mk10,1,18:00:00 08-Nov-2018,deep,1
171233,171233,Mk10,1,19:00:00 08-Nov-2018,deep,1
171233,171233,Mk10,1,20:00:00 08-Nov-2018,deep,1
171233,171233,Mk10,1,21:00:00 08-Nov-2018,deep,1
171233,171233,Mk10,1,22:00:00 08-Nov-2018,deep,1
171233,171233,Mk10,1,23:00:00 08-Nov-2018,deep,1
171233,171233,Mk10,1,00:00:00 09-Nov-2018,deep,1
171233,171233,Mk10,1,01:00:00 09-Nov-2018,deep,1
171233,171233,Mk10,1,02:00:00 09-Nov-2018,deep,1
171233,171233,Mk10,1,03:00:00 09-Nov-2018,deep,1
171233,171233,Mk10,1,04:00:00 09-Nov-2018,deep,1
171233,171233,Mk10,1,05:00:00 09-Nov-2018,deep,1
171233,171233,Mk10,1,06:00:00 09-Nov-2018,deep,1
171233,171233,Mk10,1,07:00:00 09-Nov-2018,deep,1
171233,171233,Mk10,1,08:00:00 09-Nov-2018,deep,1
171233,171233,Mk10,1,09:00:00 09-Nov-2018,deep,1
171233,171233,Mk10,1,10:00:00 09-Nov-2018,deep,1
171233,171233,Mk10,1,11:00:00 09-Nov-2018,deep,1
171233,171233,Mk10,1,12:00:00 09-Nov-2018,deep,1
171233,171233,Mk10,1,13:00:00 09-Nov-2018,deep,1
171233,171233,Mk10,1,14:00:00 09-Nov-2018,deep,1
171233,171233,Mk10,1,15:00:00 09-Nov-2018,deep,1
171233,171233,Mk10,1,16:00:00 09-Nov-2018,deep,1
171233,171233,Mk10,1,17:00:00 09-Nov-2018,deep,1
171233,171233,Mk10,1,18:00:00 09-Nov-2018,deep,1
171233,171233,Mk10,1,19:00:00 09-Nov-2018,deep,1
171233,171233,Mk10,1,20:00:00 09-Nov-2018,deep,1
171233,171233,Mk10,1,21:00:00 09-Nov-2018,deep,1
171233,171233,Mk10,1,22:00:00 09-Nov-2018,deep,1
171233,171233,Mk10,1,23:00:00 09-Nov-2018,deep,1
171233,171233,Mk10,1,00:00:00 10-Nov-2018,deep,1
171233,171233,Mk10,1,01:00:00 10-Nov-2018,deep,1
171233,171233,Mk10,1,02:00:00 10-Nov-2018,deep,1
171233,171233,Mk10,1,03:00:00 10-Nov-2018,deep,1
171233,171233,Mk10,1,04:00:00 10-Nov-2018,deep,1
171233,171233,Mk10,1,05:00:00 10-Nov-2018,deep,1
171233,171233,Mk10,1,06:00:00 10-Nov-2018,deep,1
171233,171233,Mk10,1,07:00:00 10-Nov-2018,deep,1
171233,171233,Mk10,1,08:00:00 10-Nov-2018,deep,1
171233,171233,Mk10,1,09:00:00 10-Nov-2018,deep,1
171233,171233,Mk10,1,10:00:00 10-Nov-2018,deep,1
171233,171233,Mk10,1,11:00:00 10-Nov-2018,deep,1
171233,171233,Mk10,1,12:00:00 10-Nov-2018,deep,1
171233,171233,Mk10,1,13:00:00 10-Nov-2018,deep,1
171233,171233,Mk10,1,14:00:00 10-Nov-2018,deep,1
171233,171233,Mk10,1,15:00:00 10-Nov-2018,deep,1
171233,171233,Mk10,1,16:00:00 10-Nov-2018,deep,1
171233,171233,Mk10,1,17:00:00 10-Nov-2018,deep,1
171233,171233,Mk10,1,18:00:00 10-Nov-2018,neither,2
171233,171233,Mk10,1,19:00:00 10-Nov-2018,deep,1
171233,171233,Mk10,1,20:00:00 10-Nov-2018,deep,1
171233,171233,Mk10,1,21:00:00 10-Nov-2018,deep,1
171233,171233,Mk10,1,22:00:00 10-Nov-2018,deep,1
171233,171233,Mk10,1,23:00:00 10-Nov-2018,deep,1
