"DeployID","Platform ID No.","Prg No.","Latitude","Longitude","Loc. quality","Loc. date","Loc. type","Altitude","Pass","Sat.","Mote Id","Frequency","Msg Date","Comp.","Msg","> - 120 DB","Best level","Delta freq.","Long. 1","Lat. sol. 1","Long. 2","Lat. sol. 2","Loc. idx","Nopc","Error radius","Semi-major axis","Semi-minor axis","Ellipse orientation","GDOP","SENSOR #01","SENSOR #02","SENSOR #03","SENSOR #04","SENSOR #05","SENSOR #06","SENSOR #07","SENSOR #08","SENSOR #09","SENSOR #10","SENSOR #11","SENSOR #12","SENSOR #13","SENSOR #14","SENSOR #15","SENSOR #16","SENSOR #17","SENSOR #18","SENSOR #19","SENSOR #20","SENSOR #21","SENSOR #22","SENSOR #23","SENSOR #24","SENSOR #25","SENSOR #26","SENSOR #27","SENSOR #28","SENSOR #29","SENSOR #30","SENSOR #31","SENSOR #32"
"",142753,4257,47.678,-122.136,1,09/20/2014 00:24:04,Argos,,240,K,,401677549,09/20/2014 00:21:25,1,4,,-121,401677549,-122.136,47.678,,,,,,,,,,2,2,104,5,87,247,233,,,,,,,,,,,,,,,,,,,,,,,,,
"",142753,4257,47.678,-122.136,1,09/20/2014 00:24:04,Argos,,240,K,,401677549,09/20/2014 00:22:25,1,4,,-121,401677549,-122.136,47.678,,,,,,,,,,2,2,104,5,151,203,233,,,,,,,,,,,,,,,,,,,,,,,,,
"",142753,4257,47.678,-122.136,1,09/20/2014 00:24:04,Argos,,240,K,,401677549,09/20/2014 00:24:25,1,4,,-121,401677549,-122.136,47.678,,,,,,,,,,2,2,104,6,23,103,232,,,,,,,,,,,,,,,,,,,,,,,,,
"",142753,4257,47.678,-122.136,1,09/20/2014 00:24:04,Argos,,240,K,,401677549,09/20/2014 00:25:25,1,4,,-121,401677549,-122.136,47.678,,,,,,,,,,2,2,104,6,87,179,233,,,,,,,,,,,,,,,,,,,,,,,,,
"",142753,4257,47.676,-122.134,1,09/20/2014 01:11:54,Argos,,180,N,,401677547,09/20/2014 01:10:25,1,4,,-132,401677547,-122.134,47.676,,,,,,,,,,2,2,104,18,151,127,236,,,,,,,,,,,,,,,,,,,,,,,,,
"",142753,4257,47.676,-122.134,1,09/20/2014 01:11:54,Argos,,180,N,,401677547,09/20/2014 01:11:25,1,4,,-132,401677547,-122.134,47.676,,,,,,,,,,2,189,6,18,215,0,92,,,,,,,,,,,,,,,,,,,,,,,,,
"",142753,4257,47.676,-122.134,1,09/20/2014 01:11:54,Argos,,180,N,,401677547,09/20/2014 01:12:25,1,4,,-132,401677547,-122.134,47.676,,,,,,,,,,2,2,104,19,23,107,236,,,,,,,,,,,,,,,,,,,,,,,,,
"",142753,4257,47.676,-122.134,1,09/20/2014 01:11:54,Argos,,180,N,,401677547,09/20/2014 01:13:25,1,4,,-132,401677547,-122.134,47.676,,,,,,,,,,2,2,104,19,87,191,237,,,,,,,,,,,,,,,,,,,,,,,,,
"",142753,4257,47.678,-122.134,B,09/20/2014 02:00:24,Argos,,240,K,,401677547,09/20/2014 02:00:25,1,2,,-133,401677547,-122.134,47.678,,,,,,,,,,2,2,104,32,23,47,227,,,,,,,,,,,,,,,,,,,,,,,,,
"",142753,4257,47.678,-122.134,B,09/20/2014 02:00:24,Argos,,240,K,,401677547,09/20/2014 02:04:25,1,2,,-133,401677547,-122.134,47.678,,,,,,,,,,2,2,104,33,23,211,226,,,,,,,,,,,,,,,,,,,,,,,,,
"",142753,4257,47.678,-122.134,B,09/20/2014 02:11:24,Argos,,0,A,,401677548,09/20/2014 02:11:25,1,1,,-129,401677548,-122.134,47.678,,,,,,,,,,2,180,254,34,215,0,152,,,,,,,,,,,,,,,,,,,,,,,,,
"",142753,4257,47.678,-122.137,3,09/20/2014 02:34:09,Argos,,480,R,,401677548,09/20/2014 02:30:25,1,8,,-124,401677548,-122.137,47.678,,,,,,,,,,2,2,104,39,151,179,227,,,,,,,,,,,,,,,,,,,,,,,,,
"",142753,4257,47.678,-122.137,3,09/20/2014 02:34:09,Argos,,480,R,,401677548,09/20/2014 02:31:25,1,8,,-124,401677548,-122.137,47.678,,,,,,,,,,2,180,252,39,215,0,172,,,,,,,,,,,,,,,,,,,,,,,,,
"",142753,4257,47.678,-122.137,3,09/20/2014 02:34:09,Argos,,480,R,,401677548,09/20/2014 02:32:25,1,8,,-124,401677548,-122.137,47.678,,,,,,,,,,2,2,104,40,23,79,225,,,,,,,,,,,,,,,,,,,,,,,,,
"",142753,4257,47.678,-122.137,3,09/20/2014 02:34:09,Argos,,480,R,,401677548,09/20/2014 02:33:25,1,8,,-124,401677548,-122.137,47.678,,,,,,,,,,2,2,120,40,87,154,224,,,,,,,,,,,,,,,,,,,,,,,,,
"",142753,4257,47.678,-122.137,3,09/20/2014 02:34:09,Argos,,480,R,,401677548,09/20/2014 02:34:25,1,8,,-124,401677548,-122.137,47.678,,,,,,,,,,2,2,104,40,151,167,224,,,,,,,,,,,,,,,,,,,,,,,,,
"",142753,4257,47.678,-122.137,3,09/20/2014 02:34:09,Argos,,480,R,,401677548,09/20/2014 02:35:25,1,8,,-124,401677548,-122.137,47.678,,,,,,,,,,2,180,250,40,215,0,176,,,,,,,,,,,,,,,,,,,,,,,,,
"",142753,4257,47.678,-122.137,3,09/20/2014 02:34:09,Argos,,480,R,,401677548,09/20/2014 02:37:25,1,8,,-124,401677548,-122.137,47.678,,,,,,,,,,2,2,104,41,87,103,225,,,,,,,,,,,,,,,,,,,,,,,,,
"",142753,4257,47.678,-122.137,3,09/20/2014 02:34:09,Argos,,480,R,,401677548,09/20/2014 02:38:25,1,8,,-124,401677548,-122.137,47.678,,,,,,,,,,2,2,104,41,151,91,225,,,,,,,,,,,,,,,,,,,,,,,,,
"",142753,4257,47.678,-122.137,B,09/20/2014 03:03:24,Argos,,0,B,,401677548,09/20/2014 03:03:25,1,1,,-136,401677548,-122.137,47.678,,,,,,,,,,2,180,248,48,215,0,204,,,,,,,,,,,,,,,,,,,,,,,,,
"",142753,4257,47.679,-122.135,2,09/20/2014 03:49:24,Argos,,240,A,,401677549,09/20/2014 03:49:25,1,5,,-121,401677549,-122.135,47.679,,,,,,,,,,2,2,104,60,87,107,229,,,,,,,,,,,,,,,,,,,,,,,,,
"",142753,4257,47.679,-122.135,2,09/20/2014 03:49:24,Argos,,240,A,,401677549,09/20/2014 03:50:25,1,5,,-121,401677549,-122.135,47.679,,,,,,,,,,2,2,104,60,151,87,229,,,,,,,,,,,,,,,,,,,,,,,,,
"",142753,4257,47.679,-122.135,2,09/20/2014 03:49:24,Argos,,240,A,,401677549,09/20/2014 03:51:25,1,5,,-121,401677549,-122.135,47.679,,,,,,,,,,2,172,246,60,215,0,252,,,,,,,,,,,,,,,,,,,,,,,,,
"",142753,4257,47.679,-122.135,2,09/20/2014 03:49:24,Argos,,240,A,,401677549,09/20/2014 03:52:25,1,5,,-121,401677549,-122.135,47.679,,,,,,,,,,2,18,104,61,23,67,229,,,,,,,,,,,,,,,,,,,,,,,,,
"",142753,4257,47.679,-122.135,2,09/20/2014 03:49:24,Argos,,240,A,,401677549,09/20/2014 03:53:25,1,5,,-121,401677549,-122.135,47.679,,,,,,,,,,2,2,104,61,87,151,228,,,,,,,,,,,,,,,,,,,,,,,,,
"",142753,4257,47.679,-122.136,2,09/20/2014 04:13:24,Argos,,240,R,,401677550,09/20/2014 04:11:25,1,5,,-127,401677550,-122.136,47.679,,,,,,,,,,2,172,244,66,215,1,16,,,,,,,,,,,,,,,,,,,,,,,,,
"",142753,4257,47.679,-122.136,2,09/20/2014 04:13:24,Argos,,240,R,,401677550,09/20/2014 04:12:25,1,5,,-127,401677550,-122.136,47.679,,,,,,,,,,2,2,104,67,23,107,253,,,,,,,,,,,,,,,,,,,,,,,,,
"",142753,4257,47.679,-122.136,2,09/20/2014 04:13:24,Argos,,240,R,,401677550,09/20/2014 04:13:25,1,5,,-127,401677550,-122.136,47.679,,,,,,,,,,2,2,104,67,87,191,252,,,,,,,,,,,,,,,,,,,,,,,,,
"",142753,4257,47.679,-122.136,2,09/20/2014 04:13:24,Argos,,240,R,,401677550,09/20/2014 04:14:25,1,5,,-127,401677550,-122.136,47.679,,,,,,,,,,2,2,104,67,151,131,252,,,,,,,,,,,,,,,,,,,,,,,,,
"",142753,4257,47.679,-122.136,2,09/20/2014 04:13:24,Argos,,240,R,,401677550,09/20/2014 04:15:25,1,5,,-127,401677550,-122.136,47.679,,,,,,,,,,2,172,244,67,215,1,20,,,,,,,,,,,,,,,,,,,,,,,,,
"",142753,4257,47.677,-122.137,2,09/20/2014 04:43:24,Argos,,300,B,,401677549,09/20/2014 04:41:25,1,4,,-126,401677549,-122.137,47.677,,,,,,,,,,2,2,104,74,87,35,255,,,,,,,,,,,,,,,,,,,,,,,,,
"",142753,4257,47.677,-122.137,2,09/20/2014 04:43:24,Argos,,300,B,,401677549,09/20/2014 04:42:25,1,4,,-126,401677549,-122.137,47.677,,,,,,,,,,2,2,104,74,151,31,255,,,,,,,,,,,,,,,,,,,,,,,,,
"",142753,4257,47.677,-122.137,2,09/20/2014 04:43:24,Argos,,300,B,,401677549,09/20/2014 04:43:25,1,4,,-126,401677549,-122.137,47.677,,,,,,,,,,2,172,244,74,215,1,48,,,,,,,,,,,,,,,,,,,,,,,,,
"",142753,4257,47.677,-122.137,2,09/20/2014 04:43:24,Argos,,300,B,,401677549,09/20/2014 04:46:25,1,4,,-126,401677549,-122.137,47.677,,,,,,,,,,2,2,40,75,151,227,254,,,,,,,,,,,,,,,,,,,,,,,,,
"",142753,4257,47.679,-122.133,3,09/20/2014 05:28:12,Argos,,540,A,,401677549,09/20/2014 05:25:25,1,8,,-117,401677549,-122.133,47.679,,,,,,,,,,2,2,104,86,87,179,248,,,,,,,,,,,,,,,,,,,,,,,,,
"",142753,4257,47.679,-122.133,3,09/20/2014 05:28:12,Argos,,540,A,,401677549,09/20/2014 05:26:25,1,8,,-117,401677549,-122.133,47.679,,,,,,,,,,2,2,104,86,151,143,248,,,,,,,,,,,,,,,,,,,,,,,,,
"",142753,4257,47.679,-122.133,3,09/20/2014 05:28:12,Argos,,540,A,,401677549,09/20/2014 05:28:25,1,8,,-117,401677549,-122.133,47.679,,,,,,,,,,2,2,104,87,23,155,248,,,,,,,,,,,,,,,,,,,,,,,,,
"",142753,4257,47.679,-122.133,3,09/20/2014 05:28:12,Argos,,540,A,,401677549,09/20/2014 05:29:25,1,8,,-117,401677549,-122.133,47.679,,,,,,,,,,2,2,104,87,87,79,249,,,,,,,,,,,,,,,,,,,,,,,,,
"",142753,4257,47.679,-122.133,3,09/20/2014 05:28:12,Argos,,540,A,,401677549,09/20/2014 05:31:25,1,8,,-117,401677549,-122.133,47.679,,,,,,,,,,2,172,242,87,215,1,96,,,,,,,,,,,,,,,,,,,,,,,,,
"",142753,4257,47.679,-122.133,3,09/20/2014 05:28:12,Argos,,540,A,,401677549,09/20/2014 05:32:25,1,8,,-117,401677549,-122.133,47.679,,,,,,,,,,2,2,104,88,23,143,251,,,,,,,,,,,,,,,,,,,,,,,,,
"",142753,4257,47.679,-122.133,3,09/20/2014 05:28:12,Argos,,540,A,,401677549,09/20/2014 05:33:25,1,8,,-117,401677549,-122.133,47.679,,,,,,,,,,2,2,104,88,87,91,250,,,,,,,,,,,,,,,,,,,,,,,,,
"",142753,4257,47.679,-122.133,3,09/20/2014 05:28:12,Argos,,540,A,,401677549,09/20/2014 05:34:25,1,8,,-117,401677549,-122.133,47.679,,,,,,,,,,2,2,104,88,151,103,250,,,,,,,,,,,,,,,,,,,,,,,,,
"",142753,4257,,,,,,,0,R,,,03/29/2015 19:11:27,1,1,,,,,,,,,,,,,,,240,157,139,247,67,65,78,,,,,,,,,,,,,,,,,,,,,,,,,
"",142753,4257,,,,,,,0,K,,,11/12/2015 07:29:01,1,1,,,,,,,,,,,,,,,166,120,42,112,155,5,55,,,,,,,,,,,,,,,,,,,,,,,,,
"",142753,4257,15.07,145.63,0,05/16/2016 00:58:23,Argos,,250,A,,401677468,05/16/2016 00:56:18,1,4,,-121,401677468,145.63,15.07,,,,,,,,,,114,231,113,96,6,144,35,57,153,157,220,231,115,59,24,204,205,118,103,59,145,133,152,77,230,64,131,51,174,189,95,
"",142753,4257,15.07,145.63,0,05/16/2016 00:58:23,Argos,,250,A,,401677468,05/16/2016 00:57:08,1,4,,-121,401677468,145.63,15.07,,,,,,,,,,114,231,113,96,6,144,35,57,194,88,143,144,24,220,122,92,221,242,101,177,145,1,195,220,12,115,62,96,13,241,144,
"",142753,4257,15.07,145.63,0,05/16/2016 00:58:23,Argos,,250,A,,401677468,05/16/2016 00:59:38,1,4,,-121,401677468,145.63,15.07,,,,,,,,,,114,231,113,,,,,,,,,,,,,,,,,,,,,,,,,,,,,
"",142753,4257,15.07,145.63,0,05/16/2016 00:58:23,Argos,,250,A,,401677468,05/16/2016 01:00:28,1,4,,-121,401677468,145.63,15.07,,,,,,,,,,114,231,113,96,6,144,35,57,194,88,143,144,24,220,122,92,221,242,101,177,145,1,216,93,36,0,129,152,129,71,64,
"",142753,4257,15.084,145.622,B,05/16/2016 03:16:24,Argos,,0,P,,401677496,05/16/2016 03:16:24,1,1,,-133,401677496,145.622,15.084,,,,,,,,,,114,231,113,96,6,144,35,57,194,88,143,144,24,220,122,92,221,242,101,177,145,1,216,95,100,0,129,184,221,184,246,
"",142753,4257,15.091,145.621,B,05/16/2016 04:55:23,Argos,,0,P,,401677498,05/16/2016 04:55:23,1,1,,-126,401677498,145.621,15.091,,,,,,,,,,114,231,113,96,6,144,35,57,194,88,143,144,24,220,122,92,221,242,101,177,145,1,216,93,36,0,129,152,129,71,64,
"",142753,4257,15.095,145.621,B,05/16/2016 07:59:42,Argos,,0,R,,401677504,05/16/2016 07:59:43,1,1,,-126,401677504,145.621,15.095,,,,,,,,,,0,1,96,126,152,30,3,,,,,,,,,,,,,,,,,,,,,,,,,
"",142753,4257,15.084,145.635,B,05/16/2016 08:38:46,Argos,,45,K,,401677502,05/16/2016 08:38:24,1,2,,-130,401677502,145.635,15.084,,,,,,,,,,23,188,209,96,5,90,46,68,113,129,128,,,,,,,,,,,,,,,,,,,,,
"",142753,4257,15.084,145.635,B,05/16/2016 08:38:46,Argos,,45,K,,401677502,05/16/2016 08:39:09,1,2,,-130,401677502,145.635,15.084,,,,,,,,,,117,165,1,96,103,0,231,118,30,31,30,123,98,111,32,97,138,10,90,129,251,9,95,223,208,154,247,234,178,145,140,
"",142753,4257,15.083,145.64,B,05/16/2016 09:39:09,Argos,,0,R,,401677501,05/16/2016 09:39:10,1,1,,-129,401677501,145.64,15.083,,,,,,,,,,46,121,225,96,140,121,227,12,115,206,56,231,28,224,28,,,,,,,,,,,,,,,,,
"",142753,4257,15.082,145.644,B,05/16/2016 10:33:38,Argos,,0,A,,401677503,05/16/2016 10:33:38,1,1,,-132,401677503,145.644,15.082,,,,,,,,,,48,117,65,40,5,128,8,12,32,16,0,,,,,,,,,,,,,,,,,,,,,
"",142753,4257,15.076,145.694,B,05/16/2016 19:33:55,Argos,,0,K,,401677501,05/16/2016 19:33:55,1,1,,-123,401677501,145.694,15.076,,,,,,,,,,114,231,113,96,6,144,54,61,135,47,224,194,194,71,229,158,140,20,58,240,164,174,106,155,89,39,188,108,222,253,212,
"",142753,4257,15.083,145.674,B,05/16/2016 20:22:53,Argos,,0,N,,401677502,05/16/2016 20:22:54,1,1,,-125,401677502,145.674,15.083,,,,,,,,,,119,67,97,97,39,185,93,184,139,233,250,109,234,60,203,55,43,172,162,133,229,11,9,208,153,148,4,128,49,28,46,
"",142753,4257,15.086,145.651,B,05/17/2016 07:32:48,Argos,,46,N,,401677501,05/17/2016 07:32:25,1,2,,-131,401677501,145.651,15.086,,,,,,,,,,113,162,65,106,153,96,62,19,230,17,4,14,172,63,71,51,103,172,177,228,215,179,103,203,14,208,136,52,203,160,140,
"",142753,4257,15.09,145.655,B,05/17/2016 07:32:48,Argos,,46,R,,401677502,05/17/2016 07:32:25,1,2,,-131,401677502,145.655,15.09,,,,,,,,,,113,162,1,96,21,32,28,19,230,19,84,15,164,63,188,108,211,246,117,12,176,5,56,123,142,24,4,80,147,11,23,
"",142753,4257,15.086,145.651,B,05/17/2016 07:32:48,Argos,,46,N,,401677501,05/17/2016 07:33:11,1,2,,-131,401677501,145.651,15.086,,,,,,,,,,30,97,33,96,101,10,136,37,237,15,0,,,,,,,,,,,,,,,,,,,,,
"",142753,4257,15.09,145.655,B,05/17/2016 07:32:48,Argos,,46,R,,401677502,05/17/2016 07:33:11,1,2,,-131,401677502,145.655,15.09,,,,,,,,,,30,97,33,96,101,10,136,37,237,15,0,,,,,,,,,,,,,,,,,,,,,
"",142753,4257,15.085,145.654,B,05/17/2016 08:21:12,Argos,,0,K,,401677500,05/17/2016 08:21:12,1,1,,-124,401677500,145.654,15.085,,,,,,,,,,119,67,97,97,39,185,89,184,139,225,242,109,234,60,203,55,43,172,34,133,229,11,9,216,153,148,20,144,0,0,0,
"",142753,4257,15.085,145.663,B,05/17/2016 11:46:30,Argos,,0,A,,401677501,05/17/2016 11:46:31,1,1,,-121,401677501,145.663,15.085,,,,,,,,,,20,78,97,97,38,15,44,64,229,172,128,128,0,0,0,,,,,,,,,,,,,,,,,
"",142753,4257,15.077,145.674,B,05/17/2016 17:17:54,Argos,,0,P,,401677504,05/17/2016 17:17:54,1,1,,-130,401677504,145.674,15.077,,,,,,,,,,46,121,208,31,201,15,32,85,8,167,0,164,92,58,125,,,,,,,,,,,,,,,,,
"",142753,4257,15.082,145.658,A,05/17/2016 23:26:51,Argos,,405,B,,401677500,05/17/2016 23:26:28,1,3,,-128,401677500,145.658,15.082,,,,,,,,,,30,97,33,96,101,10,136,37,237,15,0,,,,,,,,,,,,,,,,,,,,,
"",142753,4257,15.082,145.658,A,05/17/2016 23:26:51,Argos,,405,B,,401677500,05/17/2016 23:27:14,1,3,,-128,401677500,145.658,15.082,,,,,,,,,,67,81,97,96,0,91,130,4,20,8,16,32,0,0,0,,,,,,,,,,,,,,,,,
"",142753,4257,15.082,145.658,A,05/17/2016 23:26:51,Argos,,405,B,,401677500,05/17/2016 23:33:13,1,3,,-128,401677500,145.658,15.082,,,,,,,,,,48,117,97,96,5,128,8,12,32,16,0,,,,,,,,,,,,,,,,,,,,,
"",142753,4257,15.081,145.667,B,05/18/2016 04:35:28,Argos,,0,P,,401677502,05/18/2016 04:35:29,1,1,,-131,401677502,145.667,15.081,,,,,,,,,,36,82,241,97,32,121,125,55,0,0,0,,,,,,,,,,,,,,,,,,,,,
"",142753,4257,15.081,145.665,B,05/18/2016 06:13:58,Argos,,0,K,,401677501,05/18/2016 06:13:59,1,1,,-135,401677501,145.665,15.081,,,,,,,,,,53,56,193,97,220,128,178,47,98,4,80,,,,,,,,,,,,,,,,,,,,,
"",142753,4257,15.084,145.667,B,05/18/2016 07:02:04,Argos,,0,R,,401677500,05/18/2016 07:02:05,1,1,,-137,401677500,145.667,15.084,,,,,,,,,,67,81,97,96,128,91,130,4,20,12,146,109,154,91,71,,,,,,,,,,,,,,,,,
"",142753,4257,15.085,145.665,B,05/18/2016 07:29:14,Argos,,0,N,,401677500,05/18/2016 07:29:15,1,1,,-124,401677500,145.665,15.085,,,,,,,,,,114,231,113,96,6,148,34,189,198,74,158,24,80,201,188,113,43,173,100,150,20,7,49,52,144,2,6,98,5,29,2,
"",142753,4257,15.086,145.666,B,05/18/2016 08:42:59,Argos,,0,R,,401677498,05/18/2016 08:42:59,1,1,,-126,401677498,145.666,15.086,,,,,,,,,,44,17,1,99,32,121,119,128,128,0,0,,,,,,,,,,,,,,,,,,,,,
"",142753,4257,15.08,145.661,B,05/18/2016 17:07:17,Argos,,0,P,,401677499,05/18/2016 17:07:18,1,1,,-129,401677499,145.661,15.08,,,,,,,,,,36,82,241,97,32,120,16,29,60,6,95,,,,,,,,,,,,,,,,,,,,,
"",142753,4257,15.094,145.654,B,05/18/2016 19:58:40,Argos,,45,N,,401677503,05/18/2016 19:58:18,1,2,,-125,401677503,145.654,15.094,,,,,,,,,,30,97,33,96,69,41,129,15,106,95,101,,,,,,,,,,,,,,,,,,,,,
"",142753,4257,15.094,145.654,B,05/18/2016 19:58:40,Argos,,45,N,,401677503,05/18/2016 19:59:03,1,2,,-125,401677503,145.654,15.094,,,,,,,,,,67,81,97,96,0,91,130,4,20,8,16,32,0,0,0,,,,,,,,,,,,,,,,,
"",142753,4257,15.087,145.644,A,05/18/2016 20:21:09,Argos,,143,K,,401677499,05/18/2016 20:20:03,1,3,,-121,401677499,145.644,15.087,,,,,,,,,,48,117,97,96,5,128,8,12,32,16,0,,,,,,,,,,,,,,,,,,,,,
"",142753,4257,15.087,145.644,A,05/18/2016 20:21:09,Argos,,143,K,,401677499,05/18/2016 20:21:00,1,3,,-121,401677499,145.644,15.087,,,,,,,,,,46,121,225,96,0,125,104,25,0,2,182,133,0,0,0,,,,,,,,,,,,,,,,,
"",142753,4257,15.087,145.644,A,05/18/2016 20:21:09,Argos,,143,K,,401677499,05/18/2016 20:22:26,1,3,,-121,401677499,145.644,15.087,,,,,,,,,,23,188,209,96,5,90,46,68,113,129,128,,,,,,,,,,,,,,,,,,,,,
"",142753,4257,15.088,145.645,B,05/18/2016 22:15:49,Argos,,0,A,,401677503,05/18/2016 22:15:50,1,1,,-132,401677503,145.645,15.088,,,,,,,,,,25,228,145,100,101,131,71,143,163,229,199,,,,,,,,,,,,,,,,,,,,,
"",142753,4257,15.088,145.645,B,05/18/2016 23:51:20,Argos,,0,A,,401677499,05/18/2016 23:51:21,1,1,,-126,401677499,145.645,15.088,,,,,,,,,,35,61,225,98,192,121,115,228,128,0,0,,,,,,,,,,,,,,,,,,,,,
"",142753,4257,15.08,145.647,B,05/19/2016 07:15:28,Argos,,0,N,,401677498,05/19/2016 07:15:29,1,1,,-128,401677498,145.647,15.08,,,,,,,,,,78,171,129,100,192,139,194,160,159,66,224,,,,,,,,,,,,,,,,,,,,,
"",142753,4257,15.082,145.664,B,05/19/2016 07:28:54,Argos,,44,K,,401677500,05/19/2016 07:28:33,1,2,,-120,401677500,145.664,15.082,,,,,,,,,,58,161,225,100,192,52,140,,,,,,,,,,,,,,,,,,,,,,,,,
"",142753,4257,15.082,145.664,B,05/19/2016 07:28:54,Argos,,44,K,,401677500,05/19/2016 07:29:17,1,2,,-120,401677500,145.664,15.082,,,,,,,,,,42,20,49,100,192,121,39,115,128,0,0,,,,,,,,,,,,,,,,,,,,,
"",142753,4257,15.084,145.666,B,05/19/2016 08:07:38,Argos,,0,R,,401677497,05/19/2016 08:07:38,1,1,,-126,401677497,145.666,15.084,,,,,,,,,,55,198,33,100,102,128,2,0,56,64,32,,,,,,,,,,,,,,,,,,,,,
"",142753,4257,15.089,145.667,B,05/19/2016 11:00:42,Argos,,0,A,,401677498,05/19/2016 11:00:42,1,1,,-129,401677498,145.667,15.089,,,,,,,,,,29,190,17,100,5,14,131,134,194,125,128,,,,,,,,,,,,,,,,,,,,,
"",142753,4257,15.095,145.669,B,05/19/2016 17:03:52,Argos,,0,P,,401677501,05/19/2016 17:03:52,1,1,,-139,401677501,145.669,15.095,,,,,,,,,,127,68,97,102,197,37,34,230,255,146,17,89,105,60,67,107,249,6,4,34,89,248,114,132,162,171,143,204,32,54,41,
"",142753,4257,15.082,145.659,A,05/19/2016 19:45:43,Argos,,640,N,,401677501,05/19/2016 19:45:44,1,3,,-129,401677501,145.659,15.082,,,,,,,,,,33,195,177,96,192,120,122,,,,,,,,,,,,,,,,,,,,,,,,,
"",142753,4257,15.082,145.659,A,05/19/2016 19:45:43,Argos,,640,N,,401677501,05/19/2016 19:50:58,1,3,,-129,401677501,145.659,15.082,,,,,,,,,,18,218,133,204,235,188,80,22,179,242,182,,,,,,,,,,,,,,,,,,,,,
"",142753,4257,15.082,145.659,A,05/19/2016 19:45:43,Argos,,640,N,,401677501,05/19/2016 19:56:24,1,3,,-129,401677501,145.659,15.082,,,,,,,,,,78,153,129,96,96,110,135,2,32,0,0,0,0,128,0,,,,,,,,,,,,,,,,,
"",142753,4257,15.082,145.659,B,05/19/2016 19:56:23,Argos,,0,K,,401677501,05/19/2016 19:56:24,1,1,,-121,401677501,145.659,15.082,,,,,,,,,,78,153,129,96,96,110,135,2,32,0,0,0,0,128,0,,,,,,,,,,,,,,,,,
"",142753,4257,15.075,145.662,2,05/19/2016 21:30:24,Argos,,245,N,,401677499,05/19/2016 21:28:26,1,4,,-126,401677499,145.662,15.075,,,,,,,,,,61,17,225,102,192,52,136,,,,,,,,,,,,,,,,,,,,,,,,,
"",142753,4257,15.075,145.662,2,05/19/2016 21:30:24,Argos,,245,N,,401677499,05/19/2016 21:29:10,1,4,,-126,401677499,145.662,15.075,,,,,,,,,,117,78,161,101,6,64,27,90,168,241,34,122,31,173,185,159,146,154,237,39,141,40,205,130,163,96,0,,,,,
"",142753,4257,15.075,145.662,2,05/19/2016 21:30:24,Argos,,245,N,,401677499,05/19/2016 21:31:30,1,4,,-126,401677499,145.662,15.075,,,,,,,,,,45,17,1,102,192,121,72,107,128,0,0,,,,,,,,,,,,,,,,,,,,,
"",142753,4257,15.075,145.662,2,05/19/2016 21:30:24,Argos,,245,N,,401677499,05/19/2016 21:32:31,1,4,,-126,401677499,145.662,15.075,,,,,,,,,,23,67,65,102,196,2,128,128,246,0,0,,,,,,,,,,,,,,,,,,,,,
"",142753,4257,15.07,145.669,B,05/20/2016 10:41:45,Argos,,0,A,,401677504,05/20/2016 10:41:45,1,1,,-127,401677504,145.669,15.07,,,,,,,,,,0,173,82,170,26,3,183,,,,,,,,,,,,,,,,,,,,,,,,,
"",142753,4257,15.083,145.665,B,05/20/2016 19:39:06,Argos,,0,N,,401677500,05/20/2016 19:39:06,1,1,,-125,401677500,145.665,15.083,,,,,,,,,,50,139,177,104,6,128,4,4,32,5,160,,,,,,,,,,,,,,,,,,,,,
"",142753,4257,15.087,145.68,B,05/21/2016 00:03:23,Argos,,50,B,,401677501,05/21/2016 00:02:59,1,2,,-132,401677501,145.68,15.087,,,,,,,,,,79,130,161,100,32,142,131,2,8,8,0,64,0,0,0,,,,,,,,,,,,,,,,,
"",142753,4257,15.087,145.68,B,05/21/2016 00:03:23,Argos,,50,B,,401677501,05/21/2016 00:03:49,1,2,,-132,401677501,145.68,15.087,,,,,,,,,,52,189,1,101,32,54,131,8,8,0,0,,,,,,,,,,,,,,,,,,,,,
"",142753,4257,15.088,145.648,B,05/21/2016 06:52:18,Argos,,61,N,,401677497,05/21/2016 06:51:48,1,2,,-131,401677497,145.648,15.088,,,,,,,,,,76,88,33,98,96,124,129,2,16,16,32,,,,,,,,,,,,,,,,,,,,,
"",142753,4257,15.088,145.648,B,05/21/2016 06:52:18,Argos,,61,N,,401677497,05/21/2016 06:52:49,1,2,,-131,401677497,145.648,15.088,,,,,,,,,,54,169,129,196,76,129,215,128,4,80,119,,,,,,,,,,,,,,,,,,,,,
"",142753,4257,15.088,145.647,B,05/21/2016 08:43:11,Argos,,0,R,,401677497,05/21/2016 08:43:12,1,1,,-126,401677497,145.647,15.088,,,,,,,,,,71,53,161,97,32,110,130,0,4,0,32,0,65,0,0,,,,,,,,,,,,,,,,,
"",142753,4257,15.089,145.643,B,05/21/2016 16:36:13,Argos,,0,P,,401677497,05/21/2016 16:36:14,1,1,,-124,401677497,145.643,15.089,,,,,,,,,,23,188,209,96,5,90,46,68,113,129,128,,,,,,,,,,,,,,,,,,,,,
"",142753,4257,15.084,145.651,B,05/21/2016 19:06:40,Argos,,0,K,,401677502,05/21/2016 19:06:41,1,1,,-126,401677502,145.651,15.084,,,,,,,,,,28,54,225,106,101,8,1,3,118,213,128,,,,,,,,,,,,,,,,,,,,,
"",142753,4257,15.083,145.652,B,05/21/2016 19:45:07,Argos,,0,R,,401677501,05/21/2016 19:45:07,1,1,,-127,401677501,145.652,15.083,,,,,,,,,,43,87,241,106,0,121,24,33,247,139,192,,,,,,,,,,,,,,,,,,,,,
"",142753,4257,15.081,145.652,B,05/21/2016 20:50:42,Argos,,47,K,,401677500,05/21/2016 20:50:42,1,2,,-127,401677500,145.652,15.081,,,,,,,,,,114,3,136,200,175,170,233,59,196,86,13,80,85,164,80,238,136,206,164,224,73,163,34,,,,,,,,,
"",142753,4257,15.081,145.652,B,05/21/2016 20:50:42,Argos,,47,K,,401677500,05/21/2016 20:51:29,1,2,,-127,401677500,145.652,15.081,,,,,,,,,,22,23,225,105,38,11,10,132,115,200,130,128,0,0,0,,,,,,,,,,,,,,,,,
"",142753,4257,15.072,145.648,B,05/22/2016 07:56:38,Argos,,0,K,,401677503,05/22/2016 07:56:39,1,1,,-123,401677503,145.648,15.072,,,,,,,,,,25,228,145,100,101,9,2,11,116,41,0,,,,,,,,,,,,,,,,,,,,,
"",142753,4257,15.083,145.654,B,05/22/2016 08:21:09,Argos,,62,N,,401677501,05/22/2016 08:20:38,1,2,,-120,401677501,145.654,15.083,,,,,,,,,,68,146,81,100,0,107,130,4,32,16,32,,,,,,,,,,,,,,,,,,,,,
"",142753,4257,15.077,145.65,B,05/22/2016 08:20:38,Argos,,0,R,,401677500,05/22/2016 08:20:38,1,1,,-139,401677500,145.65,15.077,,,,,,,,,,68,146,77,183,36,109,219,146,38,219,102,,,,,,,,,,,,,,,,,,,,,
"",142753,4257,15.083,145.654,B,05/22/2016 08:21:09,Argos,,62,N,,401677501,05/22/2016 08:21:40,1,2,,-120,401677501,145.654,15.083,,,,,,,,,,60,174,161,100,5,128,0,8,16,192,0,,,,,,,,,,,,,,,,,,,,,
"",142753,4257,15.083,145.652,B,05/22/2016 09:55:26,Argos,,0,R,,401677498,05/22/2016 09:55:27,1,1,,-133,401677498,145.652,15.083,,,,,,,,,,124,254,129,101,103,6,23,48,42,25,76,0,90,200,241,21,94,92,172,153,180,77,199,,,,,,,,,
"",142753,4257,15.083,145.65,B,05/22/2016 11:41:44,Argos,,0,A,,401677499,05/22/2016 11:41:45,1,1,,-118,401677499,145.65,15.083,,,,,,,,,,62,85,241,98,192,52,135,,,,,,,,,,,,,,,,,,,,,,,,,
"",142753,4257,15.08,145.659,2,05/22/2016 20:23:57,Argos,,207,K,,401677499,05/22/2016 20:22:12,1,4,,-124,401677499,145.659,15.08,,,,,,,,,,28,54,225,106,101,8,1,3,118,213,128,,,,,,,,,,,,,,,,,,,,,
"",142753,4257,15.08,145.659,2,05/22/2016 20:23:57,Argos,,207,K,,401677499,05/22/2016 20:23:17,1,4,,-124,401677499,145.659,15.08,,,,,,,,,,75,60,97,106,0,126,130,6,0,32,16,0,64,0,0,,,,,,,,,,,,,,,,,
"",142753,4257,15.08,145.659,2,05/22/2016 20:23:57,Argos,,207,K,,401677499,05/22/2016 20:24:42,1,4,,-124,401677499,145.659,15.08,,,,,,,,,,55,8,81,106,0,53,132,14,0,0,0,,,,,,,,,,,,,,,,,,,,,
"",142753,4257,15.08,145.659,2,05/22/2016 20:23:57,Argos,,207,K,,401677499,05/22/2016 20:25:39,1,4,,-124,401677499,145.659,15.08,,,,,,,,,,43,87,241,106,0,121,22,113,0,0,0,,,,,,,,,,,,,,,,,,,,,
"",142753,4257,15.082,145.66,B,05/22/2016 20:55:07,Argos,,260,R,,401677500,05/22/2016 20:52:57,1,2,,-125,401677500,145.66,15.082,,,,,,,,,,35,163,193,104,0,121,109,198,128,0,0,,,,,,,,,,,,,,,,,,,,,
"",142753,4257,15.081,145.657,2,05/22/2016 20:57:36,Argos,,473,N,,401677499,05/22/2016 20:52:57,1,6,,-124,401677499,145.657,15.081,,,,,,,,,,35,163,193,104,0,121,109,198,128,0,0,,,,,,,,,,,,,,,,,,,,,
"",142753,4257,15.081,145.657,2,05/22/2016 20:57:36,Argos,,473,N,,401677499,05/22/2016 20:56:32,1,6,,-124,401677499,145.657,15.081,,,,,,,,,,20,67,241,104,6,8,129,134,235,55,128,128,0,0,0,,,,,,,,,,,,,,,,,
"",142753,4257,15.082,145.66,B,05/22/2016 20:55:07,Argos,,260,R,,401677500,05/22/2016 20:57:17,1,2,,-125,401677500,145.66,15.082,,,,,,,,,,69,252,177,103,32,94,129,6,16,16,32,32,64,1,0,,,,,,,,,,,,,,,,,
"",142753,4257,15.081,145.657,2,05/22/2016 20:57:36,Argos,,473,N,,401677499,05/22/2016 20:57:17,1,6,,-124,401677499,145.657,15.081,,,,,,,,,,69,252,177,103,32,94,129,6,16,16,32,32,64,1,0,,,,,,,,,,,,,,,,,
"",142753,4257,15.081,145.657,2,05/22/2016 20:57:36,Argos,,473,N,,401677499,05/22/2016 20:58:27,1,6,,-124,401677499,145.657,15.081,,,,,,,,,,62,251,161,103,37,128,4,28,24,48,0,,,,,,,,,,,,,,,,,,,,,
"",142753,4257,15.081,145.657,2,05/22/2016 20:57:36,Argos,,473,N,,401677499,05/22/2016 20:59:37,1,6,,-124,401677499,145.657,15.081,,,,,,,,,,164,144,161,111,36,82,57,172,128,16,2,,,,,,,,,,,,,,,,,,,,,
"",142753,4257,15.081,145.657,2,05/22/2016 20:57:36,Argos,,473,N,,401677499,05/22/2016 21:00:50,1,6,,-124,401677499,145.657,15.081,,,,,,,,,,113,245,81,108,213,82,225,48,93,13,227,34,46,49,140,99,24,198,49,156,231,28,227,12,113,199,156,120,227,199,14,
"",142753,4257,15.082,145.659,B,05/22/2016 22:33:53,Argos,,44,A,,401677499,05/22/2016 22:33:31,1,2,,-124,401677499,145.659,15.082,,,,,,,,,,122,224,49,105,100,213,218,82,132,24,4,74,161,179,50,180,65,75,252,186,149,57,147,207,119,190,176,,,,,
"",142753,4257,15.082,145.659,B,05/22/2016 22:33:53,Argos,,44,A,,401677499,05/22/2016 22:34:15,1,2,,-124,401677499,145.659,15.082,,,,,,,,,,24,158,81,98,196,3,0,128,243,128,0,,,,,,,,,,,,,,,,,,,,,
"",142753,4257,15.083,145.654,2,05/23/2016 00:14:11,Argos,,244,A,,401677498,05/23/2016 00:13:43,1,5,,-120,401677498,145.654,15.083,,,,,,,,,,41,24,17,98,0,121,108,199,0,0,0,,,,,,,,,,,,,,,,,,,,,
"",142753,4257,15.083,145.654,2,05/23/2016 00:14:11,Argos,,244,A,,401677498,05/23/2016 00:14:39,1,5,,-120,401677498,145.654,15.083,,,,,,,,,,0,1,110,3,84,140,178,,,,,,,,,,,,,,,,,,,,,,,,,
"",142753,4257,15.083,145.654,2,05/23/2016 00:14:11,Argos,,244,A,,401677498,05/23/2016 00:15:39,1,5,,-120,401677498,145.654,15.083,,,,,,,,,,28,198,33,98,6,12,2,137,36,120,128,128,0,0,0,,,,,,,,,,,,,,,,,
"",142753,4257,15.083,145.654,2,05/23/2016 00:14:11,Argos,,244,A,,401677498,05/23/2016 00:16:41,1,5,,-120,401677498,145.654,15.083,,,,,,,,,,71,53,161,97,32,110,130,0,4,0,32,0,65,0,0,,,,,,,,,,,,,,,,,
"",142753,4257,15.083,145.654,2,05/23/2016 00:14:11,Argos,,244,A,,401677498,05/23/2016 00:17:47,1,5,,-120,401677498,145.654,15.083,,,,,,,,,,61,241,193,97,38,128,2,12,16,16,32,,,,,,,,,,,,,,,,,,,,,
"",142753,4257,15.085,145.649,B,05/23/2016 05:14:56,Argos,,44,P,,401677499,05/23/2016 05:14:34,1,2,,-124,401677499,145.649,15.085,,,,,,,,,,52,29,193,106,192,52,137,,,,,,,,,,,,,,,,,,,,,,,,,
"",142753,4257,15.085,145.649,B,05/23/2016 05:14:56,Argos,,44,P,,401677499,05/23/2016 05:15:18,1,2,,-124,401677499,145.649,15.085,,,,,,,,,,41,72,33,106,192,121,125,10,0,0,0,,,,,,,,,,,,,,,,,,,,,
"",142753,4257,15.09,145.647,B,05/23/2016 09:20:26,Argos,,45,R,,401677499,05/23/2016 09:20:04,1,2,,-125,401677499,145.647,15.09,,,,,,,,,,0,173,80,148,173,5,55,,,,,,,,,,,,,,,,,,,,,,,,,
"",142753,4257,15.09,145.647,B,05/23/2016 09:20:26,Argos,,45,R,,401677499,05/23/2016 09:20:49,1,2,,-125,401677499,145.647,15.09,,,,,,,,,,63,157,209,104,192,52,137,,,,,,,,,,,,,,,,,,,,,,,,,
"",142753,4257,15.091,145.646,B,05/23/2016 11:27:36,Argos,,0,A,,401677498,05/23/2016 11:27:36,1,1,,-124,401677498,145.646,15.091,,,,,,,,,,47,95,209,104,96,121,129,231,57,153,153,,,,,,,,,,,,,,,,,,,,,
"",142753,4257,15.088,145.642,B,05/23/2016 16:12:00,Argos,,0,P,,401677501,05/23/2016 16:12:00,1,1,,-129,401677501,145.642,15.088,,,,,,,,,,61,17,225,102,192,52,136,,,,,,,,,,,,,,,,,,,,,,,,,
"",142753,4257,15.082,145.641,B,05/23/2016 18:49:16,Argos,,45,R,,401677498,05/23/2016 18:48:54,1,2,,-130,401677498,145.641,15.082,,,,,,,,,,38,29,225,102,96,121,6,114,0,0,0,,,,,,,,,,,,,,,,,,,,,
"",142753,4257,15.082,145.641,B,05/23/2016 18:49:16,Argos,,45,R,,401677498,05/23/2016 18:49:39,1,2,,-130,401677498,145.641,15.082,,,,,,,,,,27,23,177,102,101,7,1,147,246,136,0,,,,,,,,,,,,,,,,,,,,,
"",142753,4257,15.082,145.647,B,05/23/2016 20:29:04,Argos,,0,R,,401677502,05/23/2016 20:29:04,1,1,,-126,401677502,145.647,15.082,,,,,,,,,,58,161,225,100,192,52,140,,,,,,,,,,,,,,,,,,,,,,,,,
"",142753,4257,15.089,145.656,B,05/23/2016 20:47:03,Argos,,78,N,,401677502,05/23/2016 20:47:04,1,2,,-124,401677502,145.656,15.089,,,,,,,,,,64,138,209,100,96,109,130,98,12,32,32,0,64,0,0,,,,,,,,,,,,,,,,,
"",142753,4257,15.089,145.656,B,05/23/2016 20:47:03,Argos,,78,N,,401677502,05/23/2016 20:48:22,1,2,,-124,401677502,145.656,15.089,,,,,,,,,,55,194,33,100,102,128,2,0,56,64,32,,,,,,,,,,,,,,,,,,,,,
"",142753,4257,15.073,145.693,B,05/23/2016 22:15:43,Argos,,47,A,,401677498,05/23/2016 22:15:20,1,2,,-134,401677498,145.693,15.073,,,,,,,,,,69,123,129,98,0,10,57,121,211,189,28,1,231,220,54,,,,,,,,,,,,,,,,,
"",142753,4257,15.073,145.693,B,05/23/2016 22:15:43,Argos,,47,A,,401677498,05/23/2016 22:16:07,1,2,,-134,401677498,145.693,15.073,,,,,,,,,,117,167,129,64,39,0,231,118,30,23,30,123,83,105,32,194,136,46,94,137,251,9,95,223,208,154,247,234,178,145,140,
"",142753,4257,15.089,145.656,B,05/23/2016 23:03:55,Argos,,0,B,,401677501,05/23/2016 23:03:55,1,1,,-129,401677501,145.656,15.089,,,,,,,,,,0,1,111,112,164,251,149,,,,,,,,,,,,,,,,,,,,,,,,,
"",142753,4257,15.085,145.662,B,05/24/2016 05:01:49,Argos,,0,P,,401677499,05/24/2016 05:01:50,1,1,,-125,401677499,145.662,15.085,,,,,,,,,,20,67,241,104,6,8,129,134,235,55,128,128,0,0,0,,,,,,,,,,,,,,,,,
"",142753,4257,15.084,145.662,B,05/24/2016 08:40:39,Argos,,0,K,,401677500,05/24/2016 08:40:39,1,1,,-129,401677500,145.662,15.084,,,,,,,,,,40,49,225,102,0,121,0,247,128,0,0,,,,,,,,,,,,,,,,,,,,,
"",142753,4257,15.08,145.651,B,05/24/2016 16:00:34,Argos,,370,P,,401677499,05/24/2016 15:57:30,1,2,,-129,401677499,145.651,15.08,,,,,,,,,,67,30,133,40,168,104,71,253,105,172,91,50,72,204,52,,,,,,,,,,,,,,,,,
"",142753,4257,15.08,145.651,B,05/24/2016 16:00:34,Argos,,370,P,,401677499,05/24/2016 16:03:40,1,2,,-129,401677499,145.651,15.08,,,,,,,,,,56,169,33,99,32,54,131,6,4,0,0,,,,,,,,,,,,,,,,,,,,,
"",142753,4257,15.075,145.652,B,05/24/2016 19:31:31,Argos,,486,K,,401677499,05/24/2016 19:31:32,1,2,,-124,401677499,145.652,15.075,,,,,,,,,,76,88,33,98,96,124,129,2,16,16,32,,,,,,,,,,,,,,,,,,,,,
"",142753,4257,15.075,145.652,B,05/24/2016 19:31:31,Argos,,486,K,,401677499,05/24/2016 19:39:38,1,2,,-124,401677499,145.652,15.075,,,,,,,,,,41,230,161,98,96,121,1,119,0,8,225,,,,,,,,,,,,,,,,,,,,,
"",142753,4257,15.085,145.657,A,05/24/2016 23:30:17,Argos,,100,A,,401677499,05/24/2016 23:29:29,1,3,,-120,401677499,145.657,15.085,,,,,,,,,,74,158,113,110,96,142,132,6,12,0,0,32,0,0,0,,,,,,,,,,,,,,,,,
"",142753,4257,15.085,145.657,A,05/24/2016 23:30:17,Argos,,100,A,,401677499,05/24/2016 23:30:13,1,3,,-120,401677499,145.657,15.085,,,,,,,,,,56,94,65,110,96,53,132,14,0,0,0,,,,,,,,,,,,,,,,,,,,,
"",142753,4257,15.085,145.657,A,05/24/2016 23:30:17,Argos,,100,A,,401677499,05/24/2016 23:31:09,1,3,,-120,401677499,145.657,15.085,,,,,,,,,,43,135,1,110,96,121,114,21,0,0,0,,,,,,,,,,,,,,,,,,,,,
"",142753,4257,15.085,145.658,B,05/25/2016 00:22:46,Argos,,0,B,,401677498,05/25/2016 00:22:46,1,1,,-132,401677498,145.658,15.085,,,,,,,,,,35,65,241,110,0,121,62,118,0,0,0,,,,,,,,,,,,,,,,,,,,,
"",142753,4257,15.088,145.662,0,05/25/2016 03:12:33,Argos,,358,P,,401677492,05/25/2016 03:09:20,1,4,,-133,401677492,145.662,15.088,,,,,,,,,,19,97,49,107,37,9,135,137,194,252,0,,,,,,,,,,,,,,,,,,,,,
"",142753,4257,15.088,145.662,0,05/25/2016 03:12:33,Argos,,358,P,,401677492,05/25/2016 03:12:14,1,4,,-133,401677492,145.662,15.088,,,,,,,,,,52,29,193,106,192,52,137,,,,,,,,,,,,,,,,,,,,,,,,,
"",142753,4257,15.088,145.662,0,05/25/2016 03:12:33,Argos,,358,P,,401677492,05/25/2016 03:13:24,1,4,,-133,401677492,145.662,15.088,,,,,,,,,,41,72,33,106,192,121,125,10,0,0,0,,,,,,,,,,,,,,,,,,,,,
"",142753,4257,15.088,145.662,0,05/25/2016 03:12:33,Argos,,358,P,,401677492,05/25/2016 03:15:18,1,4,,-133,401677492,145.662,15.088,,,,,,,,,,19,190,65,106,196,3,64,145,115,128,0,,,,,,,,,,,,,,,,,,,,,
"",142753,4257,15.09,145.663,B,05/25/2016 04:56:10,Argos,,0,P,,401677496,05/25/2016 04:56:11,1,1,,-130,401677496,145.663,15.09,,,,,,,,,,50,139,177,104,6,128,0,4,32,64,96,,,,,,,,,,,,,,,,,,,,,
"",142753,4257,15.091,145.664,B,05/25/2016 06:37:25,Argos,,0,K,,401677496,05/25/2016 06:37:25,1,1,,-133,401677496,145.664,15.091,,,,,,,,,,242,102,149,76,179,219,112,251,206,154,163,135,169,20,83,221,58,65,127,92,53,33,34,121,226,144,73,,,,,
"",142753,4257,15.086,145.665,B,05/25/2016 07:45:24,Argos,,49,N,,401677496,05/25/2016 07:45:00,1,2,,-123,401677496,145.665,15.086,,,,,,,,,,38,29,225,102,96,121,6,114,0,0,0,,,,,,,,,,,,,,,,,,,,,
"",142753,4257,15.086,145.665,B,05/25/2016 07:45:24,Argos,,49,N,,401677496,05/25/2016 07:45:49,1,2,,-123,401677496,145.665,15.086,,,,,,,,,,27,23,177,102,101,7,1,147,246,136,0,,,,,,,,,,,,,,,,,,,,,
"",142753,4257,15.084,145.651,B,05/25/2016 17:29:42,Argos,,53,P,,401677498,05/25/2016 17:29:16,1,2,,-130,401677498,145.651,15.084,,,,,,,,,,68,146,81,100,0,107,130,5,5,28,1,,,,,,,,,,,,,,,,,,,,,
"",142753,4257,15.084,145.651,B,05/25/2016 17:29:42,Argos,,53,P,,401677498,05/25/2016 17:30:09,1,2,,-130,401677498,145.651,15.084,,,,,,,,,,60,174,161,100,5,128,0,8,16,192,0,,,,,,,,,,,,,,,,,,,,,
"",142753,4257,15.083,145.652,B,05/25/2016 20:17:16,Argos,,0,N,,401677499,05/25/2016 20:17:16,1,1,,-131,401677499,145.652,15.083,,,,,,,,,,45,12,113,114,0,121,4,116,0,0,0,,,,,,,,,,,,,,,,,,,,,
"",142753,4257,15.085,145.653,B,05/25/2016 20:47:23,Argos,,0,K,,401677498,05/25/2016 20:47:24,1,1,,-122,401677498,145.653,15.085,,,,,,,,,,23,206,225,114,6,37,140,15,156,123,0,128,0,0,0,,,,,,,,,,,,,,,,,
"",142753,4257,15.03,145.647,A,05/25/2016 23:09:00,Argos,,526,A,,401677486,05/25/2016 23:09:01,1,3,,-122,401677486,145.647,15.03,,,,,,,,,,28,155,81,109,37,74,141,142,241,0,128,,,,,,,,,,,,,,,,,,,,,
"",142753,4257,15.03,145.647,A,05/25/2016 23:09:00,Argos,,526,A,,401677486,05/25/2016 23:16:43,1,3,,-122,401677486,145.647,15.03,,,,,,,,,,73,80,1,108,200,134,183,47,112,129,97,,,,,,,,,,,,,,,,,,,,,
"",142753,4257,15.03,145.647,A,05/25/2016 23:09:00,Argos,,526,A,,401677486,05/25/2016 23:17:47,1,3,,-122,401677486,145.647,15.03,,,,,,,,,,103,238,38,41,198,190,0,,,,,,,,,,,,,,,,,,,,,,,,,
"",142753,4257,15.023,145.647,B,05/26/2016 00:10:06,Argos,,0,B,,401677493,05/26/2016 00:10:06,1,1,,-134,401677493,145.647,15.023,,,,,,,,,,29,114,241,108,101,8,1,134,126,74,128,,,,,,,,,,,,,,,,,,,,,
"",142753,4257,15.042,145.665,B,05/26/2016 00:53:56,Argos,,44,A,,401677477,05/26/2016 00:53:35,1,2,,-123,401677477,145.665,15.042,,,,,,,,,,71,208,33,107,32,142,137,7,199,218,210,33,8,78,32,,,,,,,,,,,,,,,,,
"",142753,4257,15.042,145.665,B,05/26/2016 00:53:56,Argos,,44,A,,401677477,05/26/2016 00:54:19,1,2,,-123,401677477,145.665,15.042,,,,,,,,,,51,74,145,107,32,54,130,4,12,8,8,,,,,,,,,,,,,,,,,,,,,
"",142753,4257,15.072,145.686,B,05/26/2016 04:39:10,Argos,,0,P,,401677500,05/26/2016 04:39:10,1,1,,-123,401677500,145.686,15.072,,,,,,,,,,36,232,225,105,32,121,118,36,128,0,0,,,,,,,,,,,,,,,,,,,,,
"",142753,4257,15.076,145.684,B,05/26/2016 06:15:18,Argos,,0,K,,401677503,05/26/2016 06:15:18,1,1,,-137,401677503,145.684,15.076,,,,,,,,,,74,30,113,,,,,,,,,,,,,,,,,,,,,,,,,,,,,
"",142753,4257,15.087,145.705,B,05/26/2016 10:20:24,Argos,,0,A,,401677501,05/26/2016 10:20:24,1,1,,-125,401677501,145.705,15.087,,,,,,,,,,61,17,225,102,192,52,136,,,,,,,,,,,,,,,,,,,,,,,,,
"",142753,4257,15.094,145.69,B,05/26/2016 11:59:42,Argos,,0,A,,401677505,05/26/2016 11:59:43,1,1,,-116,401677505,145.69,15.094,,,,,,,,,,125,122,1,104,6,236,23,171,231,217,107,123,35,12,156,17,9,74,129,28,55,136,123,,,,,,,,,
"",142753,4257,15.122,145.707,B,05/26/2016 17:21:59,Argos,,0,P,,401677502,05/26/2016 17:22:00,1,1,,-129,401677502,145.707,15.122,,,,,,,,,,71,75,65,116,96,94,129,2,0,16,0,64,0,130,0,,,,,,,,,,,,,,,,,
"",142753,4257,15.097,145.686,B,05/26/2016 18:49:52,Argos,,0,R,,401677492,05/26/2016 18:49:52,1,1,,-136,401677492,145.686,15.097,,,,,,,,,,0,173,88,,,,,,,,,,,,,,,,,,,,,,,,,,,,,
"",142753,4257,15.082,145.661,B,05/26/2016 20:12:55,Argos,,182,N,,401677497,05/26/2016 20:12:55,1,2,,-127,401677497,145.661,15.082,,,,,,,,,,42,121,65,115,32,121,14,248,128,0,0,,,,,,,,,,,,,,,,,,,,,
"",142753,4257,15.082,145.661,B,05/26/2016 20:12:55,Argos,,182,N,,401677497,05/26/2016 20:15:57,1,2,,-127,401677497,145.661,15.082,,,,,,,,,,69,196,64,227,45,34,209,21,15,117,137,,,,,,,,,,,,,,,,,,,,,
"",142753,4257,15.083,145.656,B,05/26/2016 20:28:03,Argos,,0,R,,401677500,05/26/2016 20:28:03,1,1,,-127,401677500,145.656,15.083,,,,,,,,,,46,20,225,114,192,137,120,24,26,67,128,,,,,,,,,,,,,,,,,,,,,
"",142753,4257,15.085,145.64,B,05/26/2016 22:52:36,Argos,,0,A,,401677492,05/26/2016 22:52:36,1,1,,-124,401677492,145.64,15.085,,,,,,,,,,73,130,145,113,32,62,129,0,4,0,16,96,129,1,0,4,0,0,0,,,,,,,,,,,,,
"",142753,4257,15.077,145.619,B,05/27/2016 04:34:17,Argos,,0,P,,401677490,05/27/2016 04:34:17,1,1,,-122,401677490,145.619,15.077,,,,,,,,,,50,160,30,160,26,80,224,205,209,163,197,,,,,,,,,,,,,,,,,,,,,
"",142753,4257,15.077,145.618,B,05/27/2016 07:34:23,Argos,,0,K,,401677491,05/27/2016 07:34:23,1,1,,-125,401677491,145.618,15.077,,,,,,,,,,115,182,145,110,231,80,32,202,30,102,115,16,175,44,125,183,242,41,235,133,145,105,57,19,79,43,137,159,142,4,0,
"",142753,4257,15.074,145.616,B,05/27/2016 11:45:06,Argos,,0,A,,401677500,05/27/2016 11:45:07,1,1,,-124,401677500,145.616,15.074,,,,,,,,,,19,97,49,107,37,9,135,136,194,252,0,,,,,,,,,,,,,,,,,,,,,
"",142753,4257,15.081,145.662,B,05/27/2016 19:59:35,Argos,,175,N,,401677498,05/27/2016 19:58:08,1,2,,-123,401677498,145.662,15.081,,,,,,,,,,47,87,217,104,96,121,0,248,0,0,0,,,,,,,,,,,,,,,,,,,,,
"",142753,4257,15.079,145.665,A,05/27/2016 20:00:56,Argos,,331,R,,401677500,05/27/2016 19:58:08,1,3,,-120,401677500,145.665,15.079,,,,,,,,,,47,95,209,104,96,121,0,248,0,0,0,,,,,,,,,,,,,,,,,,,,,
"",142753,4257,15.082,145.665,A,05/27/2016 20:00:56,Argos,,331,K,,401677499,05/27/2016 19:58:08,1,3,,-120,401677499,145.665,15.082,,,,,,,,,,47,95,209,104,96,121,0,248,0,0,0,,,,,,,,,,,,,,,,,,,,,
"",142753,4257,15.081,145.662,B,05/27/2016 19:59:35,Argos,,175,N,,401677498,05/27/2016 20:01:03,1,2,,-123,401677498,145.662,15.081,,,,,,,,,,30,149,55,111,14,110,8,244,236,29,126,,,,,,,,,,,,,,,,,,,,,
"",142753,4257,15.079,145.665,A,05/27/2016 20:00:56,Argos,,331,R,,401677500,05/27/2016 20:01:03,1,3,,-120,401677500,145.665,15.079,,,,,,,,,,31,54,245,65,42,88,180,86,223,248,130,,,,,,,,,,,,,,,,,,,,,
"",142753,4257,15.082,145.665,A,05/27/2016 20:00:56,Argos,,331,K,,401677499,05/27/2016 20:01:03,1,3,,-120,401677499,145.665,15.082,,,,,,,,,,29,103,174,43,205,18,35,50,146,110,230,,,,,,,,,,,,,,,,,,,,,
"",142753,4257,15.079,145.665,A,05/27/2016 20:00:56,Argos,,331,R,,401677500,05/27/2016 20:03:39,1,3,,-120,401677500,145.665,15.079,,,,,,,,,,125,205,225,107,20,141,80,76,141,26,54,48,164,96,77,60,129,157,201,194,128,0,0,,,,,,,,,
"",142753,4257,15.082,145.665,A,05/27/2016 20:00:56,Argos,,331,K,,401677499,05/27/2016 20:03:39,1,3,,-120,401677499,145.665,15.082,,,,,,,,,,125,205,225,107,20,141,80,76,141,26,54,48,164,96,77,60,129,157,201,194,128,0,0,,,,,,,,,
"",142753,4257,15.08,145.662,B,05/27/2016 21:36:33,Argos,,0,N,,401677500,05/27/2016 21:36:34,1,1,,-126,401677500,145.662,15.08,,,,,,,,,,26,142,65,118,196,3,128,128,243,128,0,,,,,,,,,,,,,,,,,,,,,
"",142753,4257,15.081,145.663,B,05/27/2016 21:36:33,Argos,,0,K,,401677500,05/27/2016 21:36:34,1,1,,-126,401677500,145.663,15.081,,,,,,,,,,26,142,65,118,196,3,128,128,243,128,0,,,,,,,,,,,,,,,,,,,,,
"",142753,4257,15.078,145.659,B,05/28/2016 00:06:43,Argos,,0,A,,401677495,05/28/2016 00:06:44,1,1,,-124,401677495,145.659,15.078,,,,,,,,,,112,27,161,119,118,33,39,81,115,59,40,103,239,15,236,22,27,149,230,30,152,210,65,206,94,236,38,135,156,158,0,
"",142753,4257,15.078,145.66,B,05/28/2016 01:02:03,Argos,,0,B,,401677495,05/28/2016 01:02:03,1,1,,-132,401677495,145.66,15.078,,,,,,,,,,115,95,193,119,20,204,84,160,220,27,32,4,71,180,38,232,251,227,252,58,183,60,140,,,,,,,,,
"",142753,4257,15.076,145.654,B,05/28/2016 06:59:34,Argos,,0,K,,401677499,05/28/2016 06:59:34,1,1,,-133,401677499,145.654,15.076,,,,,,,,,,79,91,33,110,192,174,135,2,0,8,0,,,,,,,,,,,,,,,,,,,,,
"",142753,4257,15.075,145.653,B,05/28/2016 11:24:45,Argos,,0,A,,401677497,05/28/2016 11:24:46,1,1,,-124,401677497,145.653,15.075,,,,,,,,,,28,155,81,101,37,78,141,142,241,32,96,,,,,,,,,,,,,,,,,,,,,
"",142753,4257,15.084,145.664,B,05/28/2016 19:33:45,Argos,,713,K,,401677499,05/28/2016 19:27:49,1,2,,-130,401677499,145.664,15.084,,,,,,,,,,52,93,225,106,192,52,168,,,,,,,,,,,,,,,,,,,,,,,,,
"",142753,4257,15.085,145.655,B,05/28/2016 19:27:49,Argos,,0,R,,401677498,05/28/2016 19:27:49,1,1,,-125,401677498,145.655,15.085,,,,,,,,,,52,29,193,106,192,52,137,,,,,,,,,,,,,,,,,,,,,,,,,
"",142753,4257,15.084,145.664,B,05/28/2016 19:33:45,Argos,,713,K,,401677499,05/28/2016 19:39:42,1,2,,-130,401677499,145.664,15.084,,,,,,,,,,41,72,33,72,65,79,26,49,95,77,11,,,,,,,,,,,,,,,,,,,,,
"",142753,4257,15.085,145.664,B,05/28/2016 19:45:02,Argos,,0,N,,401677497,05/28/2016 19:45:02,1,1,,-127,401677497,145.664,15.085,,,,,,,,,,19,190,65,106,196,3,0,129,115,128,0,,,,,,,,,,,,,,,,,,,,,
"",142753,4257,15.09,145.659,B,05/29/2016 06:39:42,Argos,,48,K,,401677498,05/29/2016 06:39:43,1,2,,,401677498,145.659,15.09,,,,,,,,,,71,75,65,116,96,94,129,2,0,16,0,64,0,130,0,,,,,,,,,,,,,,,,,
"",142753,4257,15.09,145.659,B,05/29/2016 06:39:42,Argos,,48,K,,401677498,05/29/2016 06:40:31,1,2,,,401677498,145.659,15.09,,,,,,,,,,54,243,193,116,101,128,4,0,32,48,0,,,,,,,,,,,,,,,,,,,,,
"",142753,4257,15.092,145.657,B,05/29/2016 07:57:35,Argos,,0,R,,401677496,05/29/2016 07:57:35,1,1,,-124,401677496,145.657,15.092,,,,,,,,,,26,183,224,125,38,181,114,120,55,203,95,,,,,,,,,,,,,,,,,,,,,
"",142753,4257,15.089,145.665,B,05/29/2016 08:18:09,Argos,,53,K,,401677502,05/29/2016 08:17:16,1,2,,-120,401677502,145.665,15.089,,,,,,,,,,78,182,65,115,44,128,2,0,0,0,32,64,129,0,16,24,0,0,0,,,,,,,,,,,,,
"",142753,4257,15.089,145.665,B,05/29/2016 08:18:09,Argos,,53,K,,401677502,05/29/2016 08:18:09,1,2,,-120,401677502,145.665,15.089,,,,,,,,,,55,159,97,115,38,129,6,4,24,48,32,,,,,,,,,,,,,,,,,,,,,
"",142753,4257,15.097,145.663,B,05/29/2016 19:09:31,Argos,,57,K,,401677502,05/29/2016 19:09:03,1,2,,-125,401677502,145.663,15.097,,,,,,,,,,38,149,49,112,0,121,5,242,128,0,0,,,,,,,,,,,,,,,,,,,,,
"",142753,4257,15.097,145.663,B,05/29/2016 19:09:31,Argos,,57,K,,401677502,05/29/2016 19:10:00,1,2,,-125,401677502,145.663,15.097,,,,,,,,,,29,178,193,112,5,22,132,14,114,189,0,,,,,,,,,,,,,,,,,,,,,
"",142753,4257,15.097,145.663,B,05/29/2016 20:35:20,Argos,,61,R,,401677503,05/29/2016 20:34:50,1,2,,-124,401677503,145.663,15.097,,,,,,,,,,28,142,81,110,196,3,0,129,87,128,96,,,,,,,,,,,,,,,,,,,,,
"",142753,4257,15.097,145.663,B,05/29/2016 20:35:20,Argos,,61,R,,401677503,05/29/2016 20:35:51,1,2,,-124,401677503,145.663,15.097,,,,,,,,,,112,27,161,119,118,33,37,81,123,51,32,152,15,30,24,16,123,173,248,157,120,42,94,77,190,20,24,153,130,146,56,
"",142753,4257,15.09,145.664,B,05/30/2016 03:56:49,Argos,,0,P,,401677500,05/30/2016 03:56:49,1,1,,-130,401677500,145.664,15.09,,,,,,,,,,34,103,129,121,32,137,120,,,,,,,,,,,,,,,,,,,,,,,,,
"",142753,4257,15.088,145.662,A,05/30/2016 05:32:39,Argos,,99,P,,401677499,05/30/2016 05:31:50,1,3,,-127,401677499,145.662,15.088,,,,,,,,,,125,50,177,116,132,43,152,51,39,172,148,25,98,236,33,197,128,96,253,23,58,74,114,18,132,127,248,,,,,
"",142753,4257,15.088,145.662,A,05/30/2016 05:32:39,Argos,,99,P,,401677499,05/30/2016 05:32:39,1,3,,-127,401677499,145.662,15.088,,,,,,,,,,36,83,145,120,96,138,118,129,128,0,0,,,,,,,,,,,,,,,,,,,,,
"",142753,4257,15.088,145.662,A,05/30/2016 05:32:39,Argos,,99,P,,401677499,05/30/2016 05:33:29,1,3,,-127,401677499,145.662,15.088,,,,,,,,,,19,156,65,120,102,7,129,130,119,170,135,,,,,,,,,,,,,,,,,,,,,
"",142753,4257,15.095,145.651,B,05/30/2016 08:25:50,Argos,,45,N,,401677496,05/30/2016 08:25:28,1,2,,-128,401677496,145.651,15.095,,,,,,,,,,41,210,241,118,96,121,2,118,0,0,0,,,,,,,,,,,,,,,,,,,,,
"",142753,4257,15.095,145.651,B,05/30/2016 08:25:50,Argos,,45,N,,401677496,05/30/2016 08:26:13,1,2,,-128,401677496,145.651,15.095,,,,,,,,,,16,207,81,118,101,7,129,130,251,173,0,,,,,,,,,,,,,,,,,,,,,
"",142753,4257,15.1,145.637,B,05/30/2016 18:08:53,Argos,,0,P,,401677496,05/30/2016 18:08:54,1,1,,-129,401677496,145.637,15.1,,,,,,,,,,18,17,225,115,37,70,180,56,127,252,152,,,,,,,,,,,,,,,,,,,,,
"",142753,4257,15.099,145.65,A,05/30/2016 19:24:31,Argos,,146,N,,401677503,05/30/2016 19:23:28,1,3,,-127,401677503,145.65,15.099,,,,,,,,,,74,212,17,114,124,101,250,227,159,221,174,56,84,43,255,,,,,,,,,,,,,,,,,
"",142753,4257,15.099,145.65,A,05/30/2016 19:24:31,Argos,,146,N,,401677503,05/30/2016 19:24:12,1,3,,-127,401677503,145.65,15.099,,,,,,,,,,59,109,225,114,96,55,133,8,0,8,0,,,,,,,,,,,,,,,,,,,,,
"",142753,4257,15.099,145.65,A,05/30/2016 19:24:31,Argos,,146,N,,401677503,05/30/2016 19:25:54,1,3,,-127,401677503,145.65,15.099,,,,,,,,,,45,103,177,114,96,137,120,,,,,,,,,,,,,,,,,,,,,,,,,
"",142753,4257,15.099,145.651,B,05/30/2016 20:01:07,Argos,,0,R,,401677498,05/30/2016 20:01:08,1,1,,-130,401677498,145.651,15.099,,,,,,,,,,53,149,58,78,54,160,96,187,8,137,82,,,,,,,,,,,,,,,,,,,,,
"",142753,4257,15.097,145.654,B,05/31/2016 00:05:26,Argos,,46,B,,401677495,05/31/2016 00:05:04,1,2,,-126,401677495,145.654,15.097,,,,,,,,,,38,149,49,112,0,121,5,242,128,0,0,,,,,,,,,,,,,,,,,,,,,
"",142753,4257,15.097,145.654,B,05/31/2016 00:05:26,Argos,,46,B,,401677495,05/31/2016 00:05:50,1,2,,-126,401677495,145.654,15.097,,,,,,,,,,0,1,126,1,30,33,83,,,,,,,,,,,,,,,,,,,,,,,,,
"",142753,4257,,,,,,,0,N,,,03/28/2017 13:57:06,1,1,,,,,,,,,,,,,,,210,137,104,,,,,,,,,,,,,,,,,,,,,,,,,,,,,
