DeployID,Ptt,Instr,RecordType,MsgCount,Duplicates,Corrupt,AvgInterval,MinInterval,Date,Satellite,LocationQuality,Latitude,Longitude,Latitude2,Longitude2,IQ,Duration,Frequency,Power
85341,85341,SPOT,DS,3,0,0,174,174,05:28:18 12-Dec-2013,N,A,15.2010,145.7140,,,,,401677202,-125
85341,85341,SPOT,DS,4,0,1,191,115,08:45:59 12-Dec-2013,R,1,15.1930,145.7050,,,,,401677219,-122
85341,85341,SPOT,DS,1,0,0,,,10:13:30 12-Dec-2013,L,B,15.1980,145.7100,,,,,401677220,-132
85341,85341,SPOT,DS,1,0,0,,,10:58:54 12-Dec-2013,A,B,15.1990,145.7090,,,,,401677221,-118
85341,85341,SPOT,DS,2,0,0,42,42,11:54:59 12-Dec-2013,L,B,15.2090,145.7020,,,,,401677217,-130
85341,85341,SPOT,DS,1,0,0,,,12:37:18 12-Dec-2013,A,B,15.2110,145.7000,,,,,401677216,-122
85341,85341,SPOT,DS,2,0,0,45,45,03:24:34 13-Dec-2013,P,B,15.2010,145.7120,,,,,401677221,-130
85341,85341,SPOT,DS,3,0,0,43,42,08:17:59 13-Dec-2013,R,A,15.1970,145.7060,,,,,401677220,-117
85341,85341,SPOT,DS,1,0,0,,,10:07:37 13-Dec-2013,L,B,15.2000,145.7030,,,,,401677220,-129
85341,85341,SPOT,DS,1,0,0,,,10:38:53 13-Dec-2013,A,B,15.1990,145.7040,,,,,401677226,-118
85341,85341,SPOT,DS,1,0,0,,,11:28:28 13-Dec-2013,B,B,15.2010,145.7020,,,,,401677221,-126
85341,85341,SPOT,DS,2,0,0,46,46,17:51:04 13-Dec-2013,N,B,15.2130,145.6900,,,,,401677223,-125
85341,85341,SPOT,DS,2,0,0,46,46,17:51:04 13-Dec-2013,K,B,15.2130,145.6960,,,,,401677223,-125
85341,85341,SPOT,DS,2,0,0,49,49,19:17:08 13-Dec-2013,R,B,15.2080,145.6890,,,,,401677222,-132
85341,85341,SPOT,DS,1,0,0,,,22:44:42 13-Dec-2013,L,B,15.2090,145.6890,,,,,401677219,-130
85341,85341,SPOT,DS,2,0,0,113,113,00:20:04 14-Dec-2013,L,B,15.2020,145.6850,,,,,401677216,-122
85341,85341,SPOT,DS,1,0,0,,,00:51:27 14-Dec-2013,A,B,15.2020,145.6890,,,,,401677221,-121
85341,85341,SPOT,DS,2,0,0,130,130,03:04:41 14-Dec-2013,P,B,15.1970,145.6860,,,,,401677222,-134
85341,85341,SPOT,DS,2,0,0,159,159,05:04:28 14-Dec-2013,N,B,15.1930,145.6870,,,,,401677225,-129
85341,85341,SPOT,DS,1,0,0,,,07:49:13 14-Dec-2013,R,B,15.1940,145.6960,,,,,401677215,-125
85341,85341,SPOT,DS,1,0,0,,,11:15:04 14-Dec-2013,B,B,15.1930,145.6970,,,,,401677222,-130
85341,85341,SPOT,DS,1,0,0,,,11:33:59 14-Dec-2013,L,B,15.2020,145.6980,,,,,401677229,-124
85341,85341,SPOT,DS,2,0,0,45,45,15:42:01 14-Dec-2013,P,B,15.2080,145.6950,,,,,401677222,-128
85341,85341,SPOT,DS,2,0,0,340,340,18:52:05 14-Dec-2013,R,B,15.2120,145.7150,,,,,401677222,-134
85341,85341,SPOT,DS,2,0,0,181,181,20:25:25 14-Dec-2013,R,B,15.2190,145.7080,,,,,401677222,-133
85341,85341,SPOT,DS,1,0,1,,,20:44:17 14-Dec-2013,K,B,15.2200,145.7090,,,,,401677224,-130
85341,85341,SPOT,DS,1,0,0,,,22:27:56 14-Dec-2013,L,B,15.2220,145.7100,,,,,401677231,-134
85341,85341,SPOT,DS,2,0,0,252,252,23:38:56 14-Dec-2013,B,B,15.1990,145.6950,,,,,401677219,-134
85341,85341,SPOT,DS,1,0,0,,,03:01:29 15-Dec-2013,P,B,15.1850,145.6840,,,,,401677218,-133
85341,85341,SPOT,DS,1,0,0,,,04:57:08 15-Dec-2013,N,B,15.1820,145.6810,,,,,401677223,-134
85341,85341,SPOT,DS,2,0,1,189,189,06:18:08 15-Dec-2013,K,B,15.1870,145.6760,,,,,401677216,-129
85341,85341,SPOT,DS,2,0,1,42,42,08:58:19 15-Dec-2013,R,B,15.2110,145.6960,,,,,401677222,-122
85341,85341,SPOT,DS,1,0,0,,,10:47:28 15-Dec-2013,B,B,15.2130,145.6970,,,,,401677223,-134
85341,85341,SPOT,DS,2,0,0,451,451,11:39:11 15-Dec-2013,A,B,15.2180,145.6930,,,,,401677220,-119
85341,85341,SPOT,DS,1,0,0,,,12:28:42 15-Dec-2013,B,B,15.2200,145.6940,,,,,401677214,-131
85341,85341,SPOT,DS,1,0,0,,,13:13:46 15-Dec-2013,A,B,15.2210,145.6930,,,,,401677217,-135
85341,85341,SPOT,DS,1,0,0,,,17:12:33 15-Dec-2013,P,B,15.2290,145.6870,,,,,401677220,-129
85341,85341,SPOT,DS,1,0,0,,,20:23:54 15-Dec-2013,K,B,15.2270,145.6860,,,,,401677228,-125
85341,85341,SPOT,DS,2,0,0,64,64,22:24:00 15-Dec-2013,A,B,15.2200,145.6880,,,,,401677228,-129
85341,85341,SPOT,DS,1,0,0,,,00:07:53 16-Dec-2013,A,B,15.2170,145.6850,,,,,401677234,-128
85341,85341,SPOT,DS,2,0,0,45,45,04:23:43 16-Dec-2013,P,B,15.2050,145.7020,,,,,401677221,-132
85341,85341,SPOT,DS,2,0,0,43,43,08:28:36 16-Dec-2013,R,B,15.2070,145.7060,,,,,401677222,-128
85341,85341,SPOT,DS,1,0,0,,,11:06:59 16-Dec-2013,L,B,15.2060,145.7060,,,,,401677219,-128
85341,85341,SPOT,DS,2,0,0,44,44,11:18:40 16-Dec-2013,A,B,15.2130,145.6950,,,,,401677218,-118
85341,85341,SPOT,DS,1,0,0,,,12:49:15 16-Dec-2013,L,B,15.2130,145.6960,,,,,401677220,-129
85341,85341,SPOT,DS,1,0,0,,,15:17:59 16-Dec-2013,P,B,15.2120,145.6970,,,,,401677223,-133
85341,85341,SPOT,DS,1,0,0,,,16:57:43 16-Dec-2013,P,B,15.2110,145.6980,,,,,401677220,-134
85341,85341,SPOT,DS,1,0,0,,,22:03:16 16-Dec-2013,L,B,15.2070,145.7010,,,,,401677224,-136
85341,85341,SPOT,DS,1,0,0,,,23:43:41 16-Dec-2013,A,B,15.2070,145.7000,,,,,401677223,-123
85341,85341,SPOT,DS,1,0,0,,,02:37:08 17-Dec-2013,P,B,15.2030,145.7020,,,,,401677221,-129
85341,85341,SPOT,DS,1,0,0,,,04:11:58 17-Dec-2013,P,B,15.2020,145.7030,,,,,401677221,-128
85341,85341,SPOT,DS,1,0,0,,,05:26:37 17-Dec-2013,K,B,15.2020,145.7030,,,,,401677221,-138
85341,85341,SPOT,DS,3,0,2,206,197,07:56:32 17-Dec-2013,R,A,15.2010,145.6930,,,,,401677219,-125
85341,85341,SPOT,DS,3,0,0,159,79,11:52:26 17-Dec-2013,B,A,15.2100,145.7020,,,,,401677221,-125
85341,85341,SPOT,DS,1,0,0,,,12:36:17 17-Dec-2013,L,B,15.2100,145.7030,,,,,401677221,-127
85341,85341,SPOT,DS,2,0,0,67,67,12:36:50 17-Dec-2013,A,B,15.2100,145.7030,,,,,401677222,-120
85341,85341,SPOT,DS,2,0,0,371,371,20:37:39 17-Dec-2013,R,B,15.2070,145.6990,,,,,401677224,-122
85341,85341,SPOT,DS,1,0,0,,,23:21:55 17-Dec-2013,A,B,15.2060,145.7000,,,,,401677222,-124
85341,85341,SPOT,DS,3,0,1,87,84,04:06:49 18-Dec-2013,P,A,15.2030,145.6990,,,,,401677226,-122
85341,85341,SPOT,DS,1,0,0,,,06:35:18 18-Dec-2013,K,B,15.2020,145.6990,,,,,401677224,-138
85341,85341,SPOT,DS,3,0,0,220,99,07:21:31 18-Dec-2013,R,A,15.2110,145.7080,,,,,401677226,-132
85341,85341,SPOT,DS,1,0,0,,,12:09:10 18-Dec-2013,A,B,15.2250,145.7260,,,,,401677225,-126
85341,85341,SPOT,DS,1,0,0,,,14:56:05 18-Dec-2013,P,B,15.2280,145.7290,,,,,401677223,-138
85341,85341,SPOT,DS,3,0,0,154,69,16:57:24 18-Dec-2013,N,A,15.2010,145.7060,,,,,401677221,-129
85341,85341,SPOT,DS,1,0,0,,,18:25:58 18-Dec-2013,R,B,15.2000,145.7060,,,,,401677226,-135
85341,85341,SPOT,DS,2,0,0,46,46,22:59:33 18-Dec-2013,A,B,15.1920,145.7060,,,,,401677221,-127
85341,85341,SPOT,DS,1,0,0,,,23:18:39 18-Dec-2013,L,B,15.2050,145.7050,,,,,401677217,-126
85341,85341,SPOT,DS,2,0,0,42,42,23:55:10 18-Dec-2013,B,B,15.2100,145.7080,,,,,401677224,-128
85341,85341,SPOT,DS,3,0,1,210,147,03:54:13 19-Dec-2013,P,A,15.2160,145.7320,,,,,401677222,-126
85341,85341,SPOT,DS,1,0,0,,,05:54:30 19-Dec-2013,N,B,15.2210,145.7370,,,,,401677221,-122
85341,85341,SPOT,DS,2,0,0,361,361,07:58:29 19-Dec-2013,K,B,15.2290,145.7200,,,,,401677214,-124
85341,85341,SPOT,DS,2,0,0,53,53,08:35:46 19-Dec-2013,R,B,15.2270,145.7170,,,,,401677223,-131
85341,85341,SPOT,DS,2,0,1,46,46,14:53:02 19-Dec-2013,P,B,15.1990,145.7210,,,,,401677221,-128
85341,85341,SPOT,DS,2,0,0,723,723,18:22:25 19-Dec-2013,N,B,15.1990,145.7040,,,,,401677224,-130
85341,85341,SPOT,DS,2,0,0,367,367,19:30:17 19-Dec-2013,R,B,15.2050,145.7030,,,,,401677224,-122
85341,85341,SPOT,DS,1,0,0,,,20:24:03 19-Dec-2013,K,B,15.2070,145.7020,,,,,401677225,-128
85341,85341,SPOT,DS,2,0,0,161,161,21:08:25 19-Dec-2013,R,B,15.2100,145.7010,,,,,401677223,-128
85341,85341,SPOT,DS,2,0,0,113,113,22:42:42 19-Dec-2013,A,B,15.2120,145.6950,,,,,401677227,-125
85341,85341,SPOT,DS,1,0,0,,,00:49:30 20-Dec-2013,L,B,15.2150,145.6910,,,,,401677228,-130
85341,85341,SPOT,DS,2,0,0,201,201,03:38:57 20-Dec-2013,P,B,15.1930,145.6920,,,,,401677224,-129
85341,85341,SPOT,DS,2,0,0,106,106,07:55:53 20-Dec-2013,R,B,15.2050,145.6820,,,,,401677227,-125
85341,85341,SPOT,DS,2,0,0,46,46,09:39:30 20-Dec-2013,R,B,15.2080,145.6850,,,,,401677222,-127
85341,85341,SPOT,DS,1,0,0,,,12:02:38 20-Dec-2013,L,B,15.2080,145.6860,,,,,401677224,-125
85341,85341,SPOT,DS,2,0,0,44,44,18:26:39 20-Dec-2013,K,B,15.2160,145.6740,,,,,401677218,-132
85341,85341,SPOT,DS,2,0,0,75,75,18:59:13 20-Dec-2013,R,B,15.2040,145.6910,,,,,401677225,-134
85341,85341,SPOT,DS,2,0,0,56,56,20:00:14 20-Dec-2013,K,B,15.2080,145.7040,,,,,401677224,-123
85341,85341,SPOT,DS,1,0,0,,,20:41:39 20-Dec-2013,R,B,15.2070,145.7080,,,,,401677225,-126
85341,85341,SPOT,DS,1,0,0,,,22:49:40 20-Dec-2013,L,B,15.2050,145.7200,,,,,401677221,-136
85341,85341,SPOT,DS,2,0,1,48,48,01:02:46 21-Dec-2013,B,B,15.1930,145.7290,,,,,401677214,-130
85341,85341,SPOT,DS,2,0,1,140,140,03:32:17 21-Dec-2013,P,B,15.2000,145.6920,,,,,401677228,-130
85341,85341,SPOT,DS,1,0,0,,,07:22:51 21-Dec-2013,R,B,15.1980,145.7000,,,,,401677223,-133
85341,85341,SPOT,DS,2,0,0,138,138,10:05:34 21-Dec-2013,L,B,15.1960,145.7060,,,,,401677227,-131
85341,85341,SPOT,DS,2,0,0,42,42,16:13:42 21-Dec-2013,P,B,15.2090,145.7150,,,,,401677224,-126
85341,85341,SPOT,DS,3,0,1,72,63,17:58:26 21-Dec-2013,K,A,15.2010,145.6960,,,,,401677221,-130
85341,85341,SPOT,DS,1,0,0,,,17:59:41 21-Dec-2013,N,B,15.2060,145.7270,,,,,401677223,-131
85341,85341,SPOT,DS,3,0,1,242,242,19:35:47 21-Dec-2013,K,A,15.2160,145.7070,,,,,401677226,-123
85341,85341,SPOT,DS,2,0,0,43,43,23:41:29 21-Dec-2013,A,B,15.2050,145.7060,,,,,401677220,-114
85341,85341,SPOT,DS,3,0,1,68,42,00:26:11 22-Dec-2013,L,A,15.2140,145.6860,,,,,401677225,-128
85341,85341,SPOT,DS,2,0,0,43,43,06:38:29 22-Dec-2013,K,B,15.2230,145.6280,,,,,401677228,-131
85341,85341,SPOT,DS,1,0,0,,,08:22:44 22-Dec-2013,K,B,15.2140,145.6370,,,,,401677210,-129
85341,85341,SPOT,DS,2,0,0,404,404,08:30:04 22-Dec-2013,R,B,15.2140,145.6450,,,,,401677221,-125
85341,85341,SPOT,DS,2,0,0,59,59,15:56:11 22-Dec-2013,P,B,15.2040,145.6490,,,,,401677227,-125
85341,85341,SPOT,DS,2,0,0,54,54,17:49:50 22-Dec-2013,N,B,15.1970,145.6750,,,,,401677226,-126
85341,85341,SPOT,DS,3,0,0,116,59,19:12:00 22-Dec-2013,K,A,15.2040,145.7040,,,,,401677224,-120
85341,85341,SPOT,DS,2,0,0,42,42,22:29:35 22-Dec-2013,L,B,15.1950,145.7160,,,,,401677219,-128
85341,85341,SPOT,DS,2,0,0,137,137,03:14:16 23-Dec-2013,P,B,15.2120,145.7300,,,,,401677227,-124
85341,85341,SPOT,DS,1,0,0,,,08:06:44 23-Dec-2013,R,B,15.2030,145.7320,,,,,401677236,-125
85341,85341,SPOT,DS,1,0,1,,,17:30:46 23-Dec-2013,P,B,15.2050,145.7140,,,,,401677224,-134
85341,85341,SPOT,DS,3,0,0,209,68,19:12:18 23-Dec-2013,R,A,15.2060,145.7060,,,,,401677224,-130
85341,85341,SPOT,DS,1,0,0,,,20:30:41 23-Dec-2013,K,B,15.2060,145.7040,,,,,401677226,-128
85341,85341,SPOT,DS,2,0,0,42,42,20:44:00 23-Dec-2013,R,B,15.2050,145.7050,,,,,401677225,-126
85341,85341,SPOT,DS,1,0,0,,,22:23:02 23-Dec-2013,L,B,15.2050,145.7020,,,,,401677224,-136
85341,85341,SPOT,DS,1,0,0,,,23:52:48 23-Dec-2013,B,B,15.2050,145.7030,,,,,401677223,-134
85341,85341,SPOT,DS,1,0,0,,,23:52:48 23-Dec-2013,L,B,15.2050,145.7020,,,,,401677224,-134
85341,85341,SPOT,DS,2,0,0,42,42,00:40:24 24-Dec-2013,A,B,15.2090,145.6990,,,,,401677228,-117
85341,85341,SPOT,DS,2,0,0,43,43,02:57:13 24-Dec-2013,P,B,15.2020,145.7010,,,,,401677225,-128
85341,85341,SPOT,DS,2,0,0,42,42,05:56:05 24-Dec-2013,K,B,15.2030,145.6990,,,,,401677225,-134
85341,85341,SPOT,DS,1,0,0,,,09:16:50 24-Dec-2013,R,B,15.2050,145.6910,,,,,401677225,-127
85341,85341,SPOT,DS,1,0,0,,,10:10:11 24-Dec-2013,A,B,15.2040,145.6930,,,,,401677222,-131
85341,85341,SPOT,DS,2,0,0,44,44,18:20:26 24-Dec-2013,K,B,15.2020,145.6960,,,,,401677227,-132
85341,85341,SPOT,DS,3,0,0,250,150,20:21:18 24-Dec-2013,R,A,15.2020,145.6920,,,,,401677224,-123
85341,85341,SPOT,DS,2,0,0,87,87,10:45:02 25-Dec-2013,B,B,15.2010,145.6960,,,,,401677222,-133
85341,85341,SPOT,DS,1,0,0,,,10:55:15 25-Dec-2013,L,B,15.2010,145.6960,,,,,401677226,-130
85341,85341,SPOT,DS,1,0,0,,,19:05:59 25-Dec-2013,N,B,15.2020,145.6920,,,,,401677227,-129
85341,85341,SPOT,DS,2,0,0,88,88,19:37:27 25-Dec-2013,K,B,15.2060,145.6970,,,,,401677223,-123
85341,85341,SPOT,DS,1,0,0,,,19:38:11 25-Dec-2013,R,B,15.2060,145.6980,,,,,401677225,-139
85341,85341,SPOT,DS,1,0,0,,,23:34:54 25-Dec-2013,L,B,15.2110,145.7040,,,,,401677234,-128
85341,85341,SPOT,DS,1,0,1,,,23:53:56 25-Dec-2013,A,B,15.2060,145.7010,,,,,401677223,-133
85341,85341,SPOT,DS,1,0,0,,,00:49:06 26-Dec-2013,B,B,15.2080,145.7020,,,,,401677225,-136
85341,85341,SPOT,DS,2,0,0,43,43,04:37:37 26-Dec-2013,N,B,15.2160,145.7060,,,,,401677216,-134
85341,85341,SPOT,DS,3,0,0,89,44,06:44:18 26-Dec-2013,K,A,15.2090,145.7010,,,,,401677220,-124
85341,85341,SPOT,DS,1,0,0,,,08:10:31 26-Dec-2013,R,B,15.2070,145.7020,,,,,401677226,-126
85341,85341,SPOT,DS,1,0,0,,,09:48:42 26-Dec-2013,R,B,15.2070,145.7040,,,,,401677225,-126
85341,85341,SPOT,DS,1,0,0,,,10:45:00 26-Dec-2013,L,B,15.2050,145.7030,,,,,401677221,-125
85341,85341,SPOT,DS,1,0,0,,,11:10:32 26-Dec-2013,A,B,15.2050,145.7040,,,,,401677220,-117
85341,85341,SPOT,DS,2,0,0,141,141,00:39:28 27-Dec-2013,B,B,15.2070,145.7190,,,,,401677220,-132
85341,85341,SPOT,DS,2,0,0,207,207,07:37:48 27-Dec-2013,R,B,15.1980,145.7070,,,,,401677218,-123
85341,85341,SPOT,DS,1,0,0,,,07:56:22 27-Dec-2013,K,B,15.2060,145.7090,,,,,401677223,-133
85341,85341,SPOT,DS,2,0,0,54,54,09:15:44 27-Dec-2013,R,B,15.2060,145.7020,,,,,401677223,-125
85341,85341,SPOT,DS,1,0,0,,,10:38:11 27-Dec-2013,L,B,15.2070,145.7020,,,,,401677219,-132
85341,85341,SPOT,DS,2,0,0,143,143,12:13:50 27-Dec-2013,L,B,15.2080,145.7030,,,,,401677218,-126
85341,85341,SPOT,DS,2,0,1,329,329,18:54:02 27-Dec-2013,K,B,15.2120,145.7030,,,,,401677220,-123
85341,85341,SPOT,DS,2,0,0,455,455,20:22:05 27-Dec-2013,R,B,15.2120,145.7020,,,,,401677220,-127
85341,85341,SPOT,DS,1,0,0,,,20:25:53 27-Dec-2013,K,B,15.2130,145.7020,,,,,401677222,-128
85341,85341,SPOT,DS,4,0,0,83,73,23:05:57 27-Dec-2013,L,1,15.2030,145.6950,,,,,401677221,-125
85341,85341,SPOT,DS,1,0,0,,,03:50:57 28-Dec-2013,P,B,15.2010,145.6900,,,,,401677218,-133
85341,85341,SPOT,DS,1,0,0,,,05:49:55 28-Dec-2013,N,B,15.2010,145.6910,,,,,401677219,-124
85341,85341,SPOT,DS,1,0,0,,,10:22:31 28-Dec-2013,L,B,15.2010,145.6870,,,,,401677222,-128
85341,85341,SPOT,DS,1,0,0,,,10:28:46 28-Dec-2013,A,B,15.2010,145.6890,,,,,401677222,-121
85341,85341,SPOT,DS,1,0,0,,,20:02:20 28-Dec-2013,K,B,15.2070,145.6910,,,,,401677216,-126
85341,85341,SPOT,DS,1,0,0,,,23:04:49 28-Dec-2013,A,B,15.2060,145.6850,,,,,401677218,-132
85341,85341,SPOT,DS,1,0,0,,,23:04:49 28-Dec-2013,L,B,15.2060,145.6850,,,,,401677217,-132
85341,85341,SPOT,DS,1,0,0,,,23:57:29 28-Dec-2013,B,B,15.2060,145.6870,,,,,401677220,-131
85341,85341,SPOT,DS,1,0,0,,,05:31:28 29-Dec-2013,K,B,15.2040,145.6850,,,,,401677219,-134
85341,85341,SPOT,DS,2,0,0,48,48,07:08:10 29-Dec-2013,K,B,15.2030,145.6850,,,,,401677220,-125
85341,85341,SPOT,DS,1,0,0,,,11:06:17 29-Dec-2013,B,B,15.2030,145.6870,,,,,401677217,-132
85341,85341,SPOT,DS,1,0,0,,,11:50:09 29-Dec-2013,A,B,15.2060,145.6920,,,,,401677222,-121
85341,85341,SPOT,DS,1,0,0,,,11:50:09 29-Dec-2013,L,B,15.2060,145.6930,,,,,401677221,-121
85341,85341,SPOT,DS,1,0,0,,,20:53:43 29-Dec-2013,R,B,15.2110,145.7070,,,,,401677223,-132
85341,85341,SPOT,DS,1,0,0,,,00:27:51 30-Dec-2013,L,B,15.2060,145.7010,,,,,401677223,-124
85341,85341,SPOT,DS,2,0,0,53,53,03:36:04 30-Dec-2013,P,B,15.2000,145.7000,,,,,401677220,-128
85341,85341,SPOT,DS,1,0,0,,,05:32:06 30-Dec-2013,N,B,15.2000,145.7020,,,,,401677224,-124
85341,85341,SPOT,DS,1,0,0,,,07:06:59 30-Dec-2013,N,B,15.1990,145.7030,,,,,401677222,-130
85341,85341,SPOT,DS,1,0,0,,,07:46:10 30-Dec-2013,R,B,15.2000,145.7030,,,,,401677220,-127
85341,85341,SPOT,DS,2,0,0,682,682,16:05:48 30-Dec-2013,P,B,15.2010,145.7100,,,,,401677223,-129
85341,85341,SPOT,DS,2,0,1,165,165,22:34:47 30-Dec-2013,L,B,15.2230,145.7090,,,,,401677230,-128
85341,85341,SPOT,DS,2,0,0,169,169,23:52:02 30-Dec-2013,A,B,15.2200,145.7070,,,,,401677222,-121
85341,85341,SPOT,DS,1,0,0,,,00:47:02 31-Dec-2013,B,B,15.2200,145.7060,,,,,401677226,-129
85341,85341,SPOT,DS,1,0,0,,,05:21:42 31-Dec-2013,N,B,15.2200,145.7080,,,,,401677222,-128
85341,85341,SPOT,DS,2,0,0,247,247,06:56:02 31-Dec-2013,N,B,15.2030,145.7030,,,,,401677223,-126
85341,85341,SPOT,DS,1,0,0,,,08:02:29 31-Dec-2013,K,B,15.1990,145.7020,,,,,401677221,-124
85341,85341,SPOT,DS,1,0,0,,,22:50:37 31-Dec-2013,B,B,15.2040,145.7010,,,,,401677217,-136
85341,85341,SPOT,DS,2,0,1,42,42,23:37:45 31-Dec-2013,A,B,15.2130,145.6980,,,,,401677224,-120
85341,85341,SPOT,DS,1,0,0,,,00:04:50 01-Jan-2014,L,B,15.2140,145.6980,,,,,401677223,-125
85341,85341,SPOT,DS,2,0,0,400,400,03:15:23 01-Jan-2014,P,B,15.2250,145.6800,,,,,401677215,-128
85341,85341,SPOT,DS,1,0,0,,,07:37:31 01-Jan-2014,K,B,15.2180,145.6880,,,,,401677209,-124
85341,85341,SPOT,DS,1,0,0,,,08:15:05 01-Jan-2014,R,B,15.2190,145.6970,,,,,401677223,-139
85341,85341,SPOT,DS,2,0,1,143,143,17:41:48 01-Jan-2014,N,B,15.2110,145.7080,,,,,401677228,-126
85341,85341,SPOT,DS,1,0,0,,,18:28:44 01-Jan-2014,K,B,15.2110,145.7100,,,,,401677228,-126
85341,85341,SPOT,DS,1,0,0,,,19:24:19 01-Jan-2014,R,B,15.2060,145.7110,,,,,401677222,-129
85341,85341,SPOT,DS,1,0,0,,,21:08:26 01-Jan-2014,R,B,15.2030,145.7140,,,,,401677218,-129
85341,85341,SPOT,DS,1,0,0,,,22:08:52 01-Jan-2014,L,B,15.2010,145.7140,,,,,401677222,-136
85341,85341,SPOT,DS,1,0,0,,,11:14:36 02-Jan-2014,B,B,15.1750,145.7400,,,,,401677223,-128
85341,85341,SPOT,DS,2,0,0,74,74,15:35:41 02-Jan-2014,P,B,15.2050,145.7190,,,,,401677218,-127
85341,85341,SPOT,DS,2,0,0,51,51,18:57:34 02-Jan-2014,R,B,15.2000,145.7150,,,,,401677225,-133
85341,85341,SPOT,DS,3,0,1,312,126,20:36:55 02-Jan-2014,R,A,15.2080,145.6970,,,,,401677220,-126
85341,85341,SPOT,DS,3,0,0,159,42,22:51:00 02-Jan-2014,A,A,15.2100,145.6910,,,,,401677223,-121
85341,85341,SPOT,DS,1,0,0,,,23:40:05 02-Jan-2014,L,B,15.2090,145.6940,,,,,401677221,-126
85341,85341,SPOT,DS,1,0,0,,,00:29:00 03-Jan-2014,A,B,15.2100,145.6900,,,,,401677220,-128
85341,85341,SPOT,DS,1,0,0,,,04:48:11 03-Jan-2014,N,B,15.2090,145.6920,,,,,401677218,-134
85341,85341,SPOT,DS,1,0,0,,,07:24:07 03-Jan-2014,R,B,15.2130,145.6800,,,,,401677217,-134
85341,85341,SPOT,DS,1,0,0,,,19:00:44 03-Jan-2014,N,B,15.2190,145.6530,,,,,401677218,-132
85341,85341,SPOT,DS,1,0,0,,,00:14:11 04-Jan-2014,A,B,15.2160,145.6540,,,,,401677219,-120
85341,85341,SPOT,DS,2,0,0,114,114,01:01:54 04-Jan-2014,L,B,15.2130,145.6610,,,,,401677215,-130
85341,85341,SPOT,DS,1,0,0,,,02:37:47 04-Jan-2014,P,B,15.2120,145.6670,,,,,401677219,-135
85341,85341,SPOT,DS,1,0,0,,,04:23:33 04-Jan-2014,P,B,15.2120,145.6640,,,,,401677222,-123
85341,85341,SPOT,DS,1,0,0,,,08:04:57 04-Jan-2014,K,B,15.2060,145.6740,,,,,401677213,-124
85341,85341,SPOT,DS,1,0,0,,,10:40:08 04-Jan-2014,B,B,15.2070,145.6770,,,,,401677211,-133
85341,85341,SPOT,DS,2,0,0,50,50,10:40:32 04-Jan-2014,L,B,15.1990,145.6860,,,,,401677216,-130
85341,85341,SPOT,DS,1,0,0,,,15:10:55 04-Jan-2014,P,B,15.1980,145.6930,,,,,401677221,-137
85341,85341,SPOT,DS,1,0,0,,,18:50:40 04-Jan-2014,N,B,15.2050,145.7010,,,,,401677215,-126
85341,85341,SPOT,DS,2,0,0,524,524,18:55:02 04-Jan-2014,K,B,15.2060,145.7060,,,,,401677220,-126
85341,85341,SPOT,DS,1,0,0,,,20:32:19 04-Jan-2014,K,B,15.2070,145.7080,,,,,401677219,-126
85341,85341,SPOT,DS,2,0,0,76,76,23:10:10 04-Jan-2014,L,B,15.2210,145.7130,,,,,401677222,-126
85341,85341,SPOT,DS,4,0,3,142,44,07:42:24 05-Jan-2014,K,3,15.2140,145.6920,,,,,401677219,-120
85341,85341,SPOT,DS,2,0,0,220,220,10:23:02 05-Jan-2014,L,B,15.2030,145.7060,,,,,401677222,-127
85341,85341,SPOT,DS,2,0,0,271,271,15:05:22 05-Jan-2014,P,B,15.2150,145.7120,,,,,401677221,-129
85341,85341,SPOT,DS,1,0,0,,,18:34:29 05-Jan-2014,K,B,15.2150,145.7210,,,,,401677226,-132
85341,85341,SPOT,DS,2,0,0,370,370,18:34:29 05-Jan-2014,N,B,15.2190,145.7170,,,,,401677223,-132
85341,85341,SPOT,DS,2,0,0,308,308,20:34:56 05-Jan-2014,R,B,15.2070,145.7180,,,,,401677222,-126
85341,85341,SPOT,DS,2,0,0,255,255,03:54:51 06-Jan-2014,P,B,15.2110,145.7250,,,,,401677221,-127
85341,85341,SPOT,DS,1,0,0,,,07:12:17 06-Jan-2014,K,B,15.2080,145.7260,,,,,401677222,-128
85341,85341,SPOT,DS,2,0,0,435,435,09:01:41 06-Jan-2014,R,B,15.2010,145.7000,,,,,401677220,-123
85341,85341,SPOT,DS,1,0,0,,,16:48:07 06-Jan-2014,N,B,15.1930,145.6790,,,,,401677211,-132
85341,85341,SPOT,DS,2,0,0,83,83,18:29:48 06-Jan-2014,N,B,15.2070,145.6740,,,,,401677220,-124
85341,85341,SPOT,DS,1,0,0,,,18:29:07 06-Jan-2014,R,B,15.1860,145.6730,,,,,401677221,-135
85341,85341,SPOT,DS,1,0,0,,,20:09:13 06-Jan-2014,R,B,15.2030,145.6850,,,,,401677216,-122
85341,85341,SPOT,DS,1,0,0,,,22:51:29 06-Jan-2014,L,B,15.2000,145.6820,,,,,401677218,-131
85341,85341,SPOT,DS,1,0,0,,,00:30:57 07-Jan-2014,L,B,15.1980,145.6850,,,,,401677223,-128
85341,85341,SPOT,DS,1,0,0,,,10:00:26 07-Jan-2014,L,B,15.1850,145.6760,,,,,401677224,-131
85341,85341,SPOT,DS,1,0,0,,,11:38:26 07-Jan-2014,L,B,15.1880,145.6820,,,,,401677220,-129
85341,85341,SPOT,DS,1,0,0,,,11:59:35 07-Jan-2014,A,B,15.1910,145.6820,,,,,401677222,-121
85341,85341,SPOT,DS,1,0,0,,,19:18:46 07-Jan-2014,K,B,15.1950,145.6810,,,,,401677216,-121
85341,85341,SPOT,DS,2,0,0,42,42,22:55:02 07-Jan-2014,A,B,15.2100,145.6910,,,,,401677222,-121
85341,85341,SPOT,DS,1,0,0,,,00:19:07 08-Jan-2014,L,B,15.2100,145.6980,,,,,401677227,-128
85341,85341,SPOT,DS,2,0,0,111,111,06:25:03 08-Jan-2014,K,B,15.2000,145.7140,,,,,401677216,-127
85341,85341,SPOT,DS,1,0,0,,,07:55:41 08-Jan-2014,R,B,15.1970,145.7080,,,,,401677222,-137
85341,85341,SPOT,DS,1,0,0,,,11:34:36 08-Jan-2014,A,B,15.1960,145.7170,,,,,401677221,-125
85341,85341,SPOT,DS,1,0,0,,,19:08:08 08-Jan-2014,R,B,15.1960,145.7200,,,,,401677228,-130
85341,85341,SPOT,DS,1,0,0,,,20:40:01 08-Jan-2014,R,B,15.1970,145.7170,,,,,401677225,-130
85341,85341,SPOT,DS,1,0,0,,,22:31:45 08-Jan-2014,A,B,15.1970,145.7180,,,,,401677225,-130
85341,85341,SPOT,DS,2,0,0,380,380,11:23:06 09-Jan-2014,A,B,15.2010,145.7100,,,,,401677221,-120
85341,85341,SPOT,DS,1,0,0,,,11:16:46 09-Jan-2014,L,B,15.2010,145.7170,,,,,401677227,-132
85341,85341,SPOT,DS,4,0,0,58,50,15:59:00 09-Jan-2014,P,0,15.2060,145.7090,,,,,401677221,-125
85341,85341,SPOT,DS,1,0,1,,,17:43:23 09-Jan-2014,P,B,15.2060,145.7140,,,,,401677224,-134
85341,85341,SPOT,DS,1,0,0,,,20:10:57 09-Jan-2014,K,B,15.2050,145.7150,,,,,401677227,-123
85341,85341,SPOT,DS,1,0,0,,,20:10:57 09-Jan-2014,R,B,15.2030,145.7120,,,,,401677221,-123
85341,85341,SPOT,DS,1,0,0,,,23:54:51 09-Jan-2014,A,B,15.2030,145.7170,,,,,401677223,-125
85341,85341,SPOT,DS,1,0,0,,,23:54:51 09-Jan-2014,L,B,15.2010,145.7170,,,,,401677224,-125
85341,85341,SPOT,DS,2,0,0,46,46,05:00:54 10-Jan-2014,N,B,15.1890,145.7090,,,,,401677222,-134
85341,85341,SPOT,DS,2,0,0,46,46,05:00:54 10-Jan-2014,P,B,15.1880,145.7120,,,,,401677220,-134
85341,85341,SPOT,DS,1,0,0,,,05:38:58 10-Jan-2014,K,B,15.1880,145.7090,,,,,401677225,-134
85341,85341,SPOT,DS,2,0,1,204,204,06:58:34 10-Jan-2014,R,B,15.1900,145.7170,,,,,401677217,-131
85341,85341,SPOT,DS,1,0,0,,,11:58:22 10-Jan-2014,B,B,15.1910,145.7170,,,,,401677220,-129
85341,85341,SPOT,DS,3,0,1,148,130,17:47:27 10-Jan-2014,N,A,15.2140,145.6820,,,,,401677218,-126
85341,85341,SPOT,DS,2,0,0,151,151,18:05:54 10-Jan-2014,K,B,15.2140,145.6860,,,,,401677226,-132
85341,85341,SPOT,DS,1,0,0,,,03:04:18 11-Jan-2014,P,B,15.2120,145.6820,,,,,401677214,-130
85341,85341,SPOT,DS,1,0,0,,,06:38:07 11-Jan-2014,N,B,15.2100,145.6870,,,,,401677221,-125
85341,85341,SPOT,DS,1,0,0,,,06:54:58 11-Jan-2014,K,B,15.2090,145.6930,,,,,401677214,-126
85341,85341,SPOT,DS,1,0,0,,,08:11:04 11-Jan-2014,R,B,15.2070,145.6920,,,,,401677219,-131
85341,85341,SPOT,DS,2,0,0,296,296,15:44:19 11-Jan-2014,P,B,15.2070,145.6890,,,,,401677220,-123
85341,85341,SPOT,DS,1,0,0,,,23:30:36 11-Jan-2014,L,B,15.2070,145.6870,,,,,401677220,-125
85341,85341,SPOT,DS,1,0,0,,,00:49:07 12-Jan-2014,A,B,15.2060,145.6890,,,,,401677223,-118
85341,85341,SPOT,DS,1,0,0,,,02:50:56 12-Jan-2014,P,B,15.2050,145.6890,,,,,401677222,-131
85341,85341,SPOT,DS,1,0,1,,,04:46:37 12-Jan-2014,N,B,15.2040,145.6920,,,,,401677220,-136
85341,85341,SPOT,DS,1,0,0,,,06:24:32 12-Jan-2014,N,B,15.2020,145.6930,,,,,401677219,-121
85341,85341,SPOT,DS,1,0,0,,,06:24:32 12-Jan-2014,K,B,15.2010,145.6940,,,,,401677222,-121
85341,85341,SPOT,DS,1,0,0,,,07:32:24 12-Jan-2014,R,B,15.2000,145.6950,,,,,401677223,-133
85341,85341,SPOT,DS,1,0,0,,,08:08:49 12-Jan-2014,K,B,15.1990,145.6960,,,,,401677221,-124
85341,85341,SPOT,DS,3,0,0,156,154,10:18:38 12-Jan-2014,A,A,15.2100,145.7100,,,,,401677218,-122
85341,85341,SPOT,DS,2,0,0,50,50,11:05:42 12-Jan-2014,B,B,15.2090,145.7090,,,,,401677219,-131
85341,85341,SPOT,DS,2,0,2,43,43,12:01:14 12-Jan-2014,A,B,15.2090,145.7100,,,,,401677220,-122
85341,85341,SPOT,DS,1,0,1,,,12:17:37 12-Jan-2014,L,B,15.2100,145.7110,,,,,401677221,-131
85341,85341,SPOT,DS,1,0,0,,,15:32:00 12-Jan-2014,P,B,15.2080,145.7110,,,,,401677224,-123
85341,85341,SPOT,DS,2,0,0,417,417,20:21:55 12-Jan-2014,R,B,15.2020,145.6950,,,,,401677222,-126
85341,85341,SPOT,DS,1,0,0,,,20:34:49 12-Jan-2014,K,B,15.2010,145.6960,,,,,401677220,-127
85341,85341,SPOT,DS,2,0,0,42,42,22:52:14 12-Jan-2014,A,B,15.1980,145.6970,,,,,401677218,-128
85341,85341,SPOT,DS,1,0,0,,,00:30:42 13-Jan-2014,A,B,15.1990,145.6960,,,,,401677216,-120
85341,85341,SPOT,DS,3,0,1,53,52,02:42:54 13-Jan-2014,P,A,15.2100,145.6960,,,,,401677217,-128
85341,85341,SPOT,DS,1,0,0,,,04:21:08 13-Jan-2014,P,B,15.2110,145.6960,,,,,401677219,-125
85341,85341,SPOT,DS,2,0,0,150,150,10:54:49 13-Jan-2014,B,B,15.2030,145.6990,,,,,401677217,-128
85341,85341,SPOT,DS,2,0,0,46,46,11:32:05 13-Jan-2014,A,B,15.2050,145.7010,,,,,401677219,-125
85341,85341,SPOT,DS,2,0,0,63,63,15:16:14 13-Jan-2014,P,B,15.2060,145.7110,,,,,401677219,-129
85341,85341,SPOT,DS,2,0,1,273,273,16:59:08 13-Jan-2014,P,B,15.2050,145.7140,,,,,401677224,-130
85341,85341,SPOT,DS,3,0,0,185,173,17:09:37 13-Jan-2014,N,A,15.2040,145.6980,,,,,401677219,-128
85341,85341,SPOT,DS,3,0,1,283,249,18:36:07 13-Jan-2014,K,A,15.2180,145.7100,,,,,401677221,-127
85341,85341,SPOT,DS,1,0,1,,,19:47:27 13-Jan-2014,R,B,15.2220,145.7190,,,,,401677215,-127
85341,85341,SPOT,DS,1,0,0,,,20:13:41 13-Jan-2014,K,B,15.2170,145.7140,,,,,401677225,-126
85341,85341,SPOT,DS,1,0,0,,,21:26:38 13-Jan-2014,R,B,15.2150,145.7120,,,,,401677217,-130
85341,85341,SPOT,DS,1,0,0,,,23:08:06 13-Jan-2014,L,B,15.2190,145.7140,,,,,401677225,-130
85341,85341,SPOT,DS,1,0,0,,,00:10:37 14-Jan-2014,A,B,15.2190,145.7130,,,,,401677223,-118
85341,85341,SPOT,DS,1,0,0,,,02:31:03 14-Jan-2014,P,B,15.2180,145.7160,,,,,401677213,-134
85341,85341,SPOT,DS,1,0,0,,,04:16:20 14-Jan-2014,P,B,15.2180,145.7160,,,,,401677212,-128
85341,85341,SPOT,DS,2,0,0,42,42,05:55:57 14-Jan-2014,N,B,15.1980,145.7370,,,,,401677221,-134
85341,85341,SPOT,DS,1,0,1,,,08:16:46 14-Jan-2014,R,B,15.1900,145.7450,,,,,401677227,-128
85341,85341,SPOT,DS,1,0,1,,,11:10:53 14-Jan-2014,A,B,15.1890,145.7350,,,,,401677216,-123
85341,85341,SPOT,DS,1,0,0,,,11:57:42 14-Jan-2014,L,B,15.1900,145.7430,,,,,401677223,-126
85341,85341,SPOT,DS,1,0,0,,,15:04:52 14-Jan-2014,P,B,15.2000,145.7490,,,,,401677211,-137
85341,85341,SPOT,DS,2,0,0,356,356,20:56:55 14-Jan-2014,R,B,15.1890,145.7140,,,,,401677226,-126
85341,85341,SPOT,DS,1,0,0,,,00:45:22 15-Jan-2014,B,B,15.1960,145.7070,,,,,401677216,-132
85341,85341,SPOT,DS,2,0,0,43,43,03:57:04 15-Jan-2014,P,B,15.1870,145.7180,,,,,401677221,-128
85341,85341,SPOT,DS,1,0,0,,,07:45:40 15-Jan-2014,R,B,15.1850,145.7220,,,,,401677221,-131
85341,85341,SPOT,DS,1,0,0,,,11:51:40 15-Jan-2014,B,B,15.1880,145.7270,,,,,401677226,-133
85341,85341,SPOT,DS,2,0,0,42,42,16:37:35 15-Jan-2014,P,B,15.2060,145.7190,,,,,401677228,-122
85341,85341,SPOT,DS,2,0,0,301,301,18:23:40 15-Jan-2014,N,B,15.2050,145.7070,,,,,401677222,-125
85341,85341,SPOT,DS,1,0,0,,,20:27:37 15-Jan-2014,R,B,15.2060,145.7040,,,,,401677219,-125
85341,85341,SPOT,DS,2,0,0,42,42,22:36:14 15-Jan-2014,L,B,15.2130,145.7090,,,,,401677221,-131
85341,85341,SPOT,DS,1,0,0,,,00:15:43 16-Jan-2014,B,B,15.2150,145.7090,,,,,401677221,-132
85341,85341,SPOT,DS,1,0,0,,,03:47:14 16-Jan-2014,P,B,15.2180,145.7070,,,,,401677215,-127
85341,85341,SPOT,DS,2,0,0,61,61,05:34:19 16-Jan-2014,N,B,15.2060,145.7060,,,,,401677217,-127
85341,85341,SPOT,DS,1,0,0,,,06:35:54 16-Jan-2014,K,B,15.2070,145.7030,,,,,401677220,-131
85341,85341,SPOT,DS,1,0,0,,,07:23:20 16-Jan-2014,N,B,15.2070,145.7010,,,,,401677217,-129
85341,85341,SPOT,DS,3,0,0,200,60,08:50:14 16-Jan-2014,R,A,15.2050,145.7000,,,,,401677220,-120
85341,85341,SPOT,DS,1,0,0,,,09:51:36 16-Jan-2014,L,B,15.2040,145.6990,,,,,401677216,-134
85341,85341,SPOT,DS,2,0,1,48,48,11:29:16 16-Jan-2014,B,B,15.2010,145.7000,,,,,401677222,-131
85341,85341,SPOT,DS,2,0,1,48,48,11:28:51 16-Jan-2014,L,B,15.2000,145.6970,,,,,401677220,-125
85341,85341,SPOT,DS,1,0,0,,,12:11:21 16-Jan-2014,A,B,15.2000,145.6990,,,,,401677219,-123
85341,85341,SPOT,DS,1,0,0,,,16:25:04 16-Jan-2014,P,B,15.2010,145.7000,,,,,401677218,-125
85341,85341,SPOT,DS,1,0,0,,,18:21:49 16-Jan-2014,N,B,15.1980,145.6940,,,,,401677220,-131
85341,85341,SPOT,DS,2,0,0,42,42,19:03:11 16-Jan-2014,K,B,15.2020,145.6970,,,,,401677219,-124
85341,85341,SPOT,DS,1,0,0,,,19:53:30 16-Jan-2014,R,B,15.2020,145.6980,,,,,401677217,-123
85341,85341,SPOT,DS,1,0,0,,,20:39:14 16-Jan-2014,K,B,15.2010,145.6990,,,,,401677220,-127
85341,85341,SPOT,DS,1,0,0,,,23:10:58 16-Jan-2014,A,B,15.2010,145.7000,,,,,401677219,-128
85341,85341,SPOT,DS,1,0,0,,,00:06:02 17-Jan-2014,L,B,15.2010,145.7000,,,,,401677220,-121
85341,85341,SPOT,DS,1,0,0,,,00:06:02 17-Jan-2014,B,B,15.2010,145.7000,,,,,401677220,-121
85341,85341,SPOT,DS,2,0,0,204,204,00:49:02 17-Jan-2014,A,B,15.2030,145.7000,,,,,401677217,-118
85341,85341,SPOT,DS,1,0,0,,,03:38:04 17-Jan-2014,P,B,15.2050,145.7000,,,,,401677219,-129
85341,85341,SPOT,DS,2,0,0,208,208,08:16:45 17-Jan-2014,R,B,15.2030,145.6980,,,,,401677221,-123
85341,85341,SPOT,DS,1,0,0,,,11:47:25 17-Jan-2014,A,B,15.2030,145.6980,,,,,401677218,-128
85341,85341,SPOT,DS,2,0,0,42,42,16:20:09 17-Jan-2014,P,B,15.2100,145.6980,,,,,401677221,-123
85341,85341,SPOT,DS,2,0,0,349,349,18:03:46 17-Jan-2014,N,B,15.2040,145.7040,,,,,401677221,-126
85341,85341,SPOT,DS,2,0,0,45,45,18:38:48 17-Jan-2014,K,B,15.2040,145.7070,,,,,401677222,-129
85341,85341,SPOT,DS,1,0,0,,,22:39:26 17-Jan-2014,A,B,15.2040,145.7150,,,,,401677218,-131
85341,85341,SPOT,DS,1,0,0,,,23:51:47 17-Jan-2014,L,B,15.2040,145.7120,,,,,401677221,-123
85341,85341,SPOT,DS,2,0,0,155,155,03:28:43 18-Jan-2014,P,B,15.2080,145.7070,,,,,401677215,-127
85341,85341,SPOT,DS,2,0,0,42,42,05:44:23 18-Jan-2014,K,B,15.1970,145.6980,,,,,401677222,-133
85341,85341,SPOT,DS,1,0,0,,,07:41:52 18-Jan-2014,R,B,15.2050,145.7050,,,,,401677222,-138
85341,85341,SPOT,DS,1,0,0,,,10:51:18 18-Jan-2014,B,B,15.2050,145.7120,,,,,401677219,-132
85341,85341,SPOT,DS,3,0,0,55,42,16:05:20 18-Jan-2014,P,A,15.2080,145.6870,,,,,401677223,-121
85341,85341,SPOT,DS,4,0,0,144,43,17:53:09 18-Jan-2014,N,2,15.2010,145.7040,,,,,401677220,-129
85341,85341,SPOT,DS,3,0,0,142,62,18:10:43 18-Jan-2014,K,A,15.2010,145.7030,,,,,401677220,-128
85341,85341,SPOT,DS,1,0,0,,,18:52:27 18-Jan-2014,R,B,15.2000,145.7040,,,,,401677220,-128
85341,85341,SPOT,DS,1,0,0,,,19:51:34 18-Jan-2014,K,B,15.1990,145.7060,,,,,401677219,-126
85341,85341,SPOT,DS,2,0,0,167,167,20:31:40 18-Jan-2014,R,B,15.2010,145.7030,,,,,401677221,-125
85341,85341,SPOT,DS,2,0,0,182,182,22:24:17 18-Jan-2014,A,B,15.2020,145.7010,,,,,401677218,-129
85341,85341,SPOT,DS,1,0,0,,,23:17:04 18-Jan-2014,B,B,15.2020,145.7010,,,,,401677217,-130
85341,85341,SPOT,DS,2,0,0,42,42,04:59:59 19-Jan-2014,P,B,15.2050,145.7000,,,,,401677222,-129
85341,85341,SPOT,DS,3,0,0,341,42,05:04:01 19-Jan-2014,N,A,15.2150,145.6990,,,,,401677218,-134
85341,85341,SPOT,DS,3,0,1,62,57,08:38:17 19-Jan-2014,K,A,15.2070,145.6870,,,,,401677215,-128
85341,85341,SPOT,DS,2,0,0,47,47,15:48:57 19-Jan-2014,P,B,15.1960,145.6830,,,,,401677220,-133
85341,85341,SPOT,DS,1,0,0,,,19:25:48 19-Jan-2014,N,B,15.1940,145.6830,,,,,401677220,-129
85341,85341,SPOT,DS,2,0,0,297,297,19:28:17 19-Jan-2014,K,B,15.2070,145.6890,,,,,401677222,-126
85341,85341,SPOT,DS,1,0,1,,,20:00:54 19-Jan-2014,R,B,15.1960,145.6850,,,,,401677220,-133
85341,85341,SPOT,DS,1,0,1,,,03:08:40 20-Jan-2014,P,B,15.2000,145.6840,,,,,401677224,-128
85341,85341,SPOT,DS,1,0,0,,,04:48:34 20-Jan-2014,P,B,15.1960,145.6790,,,,,401677224,-128
85341,85341,SPOT,DS,1,0,0,,,06:31:40 20-Jan-2014,K,B,15.1960,145.6780,,,,,401677224,-122
85341,85341,SPOT,DS,1,0,0,,,06:31:40 20-Jan-2014,N,B,15.2000,145.6820,,,,,401677215,-122
85341,85341,SPOT,DS,1,0,0,,,08:13:00 20-Jan-2014,K,B,15.2030,145.6850,,,,,401677219,-123
85341,85341,SPOT,DS,2,0,0,50,50,17:22:22 20-Jan-2014,P,B,15.2060,145.6860,,,,,401677218,-131
85341,85341,SPOT,DS,1,0,0,,,21:06:54 20-Jan-2014,R,B,15.2060,145.6870,,,,,401677219,-128
85341,85341,SPOT,DS,3,0,0,44,43,23:14:28 20-Jan-2014,L,A,15.2140,145.6890,,,,,401677223,-128
85341,85341,SPOT,DS,1,0,0,,,04:42:04 21-Jan-2014,N,B,15.2180,145.6900,,,,,401677215,-130
85341,85341,SPOT,DS,1,0,0,,,06:17:52 21-Jan-2014,N,B,15.2160,145.6890,,,,,401677219,-138
85341,85341,SPOT,DS,1,0,0,,,12:06:45 21-Jan-2014,L,B,15.2200,145.6920,,,,,401677215,-127
85341,85341,SPOT,DS,1,0,0,,,12:06:45 21-Jan-2014,A,B,15.2180,145.6910,,,,,401677216,-127
85341,85341,SPOT,DS,1,0,0,,,15:35:41 21-Jan-2014,P,B,15.2120,145.6880,,,,,401677220,-126
85341,85341,SPOT,DS,1,0,0,,,18:38:33 21-Jan-2014,K,B,15.2130,145.6890,,,,,401677224,-122
85341,85341,SPOT,DS,2,0,0,268,268,23:09:26 21-Jan-2014,L,B,15.2000,145.6810,,,,,401677219,-127
85341,85341,SPOT,DS,1,0,0,,,23:07:12 21-Jan-2014,A,B,15.2120,145.6890,,,,,401677222,-133
85341,85341,SPOT,DS,1,0,0,,,00:44:52 22-Jan-2014,L,B,15.1990,145.6810,,,,,401677216,-126
85341,85341,SPOT,DS,1,0,0,,,00:44:52 22-Jan-2014,A,B,15.1980,145.6860,,,,,401677220,-126
85341,85341,SPOT,DS,2,0,1,42,42,02:51:00 22-Jan-2014,P,B,15.2010,145.6820,,,,,401677217,-132
85341,85341,SPOT,DS,1,0,0,,,08:59:46 22-Jan-2014,R,B,15.2030,145.6790,,,,,401677211,-131
85341,85341,SPOT,DS,1,0,0,,,12:41:14 22-Jan-2014,B,B,15.2050,145.6820,,,,,401677215,-134
85341,85341,SPOT,DS,1,0,0,,,15:23:37 22-Jan-2014,P,B,15.2050,145.6780,,,,,401677216,-132
85341,85341,SPOT,DS,1,0,0,,,17:00:49 22-Jan-2014,P,B,15.2040,145.6790,,,,,401677213,-129
85341,85341,SPOT,DS,2,0,0,46,46,18:15:01 22-Jan-2014,K,B,15.2000,145.6860,,,,,401677216,-127
85341,85341,SPOT,DS,2,0,0,43,43,18:51:43 22-Jan-2014,N,B,15.2120,145.7050,,,,,401677226,-126
85341,85341,SPOT,DS,2,0,0,43,43,19:53:12 22-Jan-2014,K,B,15.2150,145.7010,,,,,401677233,-126
85341,85341,SPOT,DS,1,0,0,,,20:07:23 22-Jan-2014,R,B,15.2110,145.7010,,,,,401677219,-127
85341,85341,SPOT,DS,1,0,0,,,22:57:42 22-Jan-2014,L,B,15.2140,145.7100,,,,,401677225,-128
85341,85341,SPOT,DS,2,0,0,43,43,23:33:32 22-Jan-2014,B,B,15.2050,145.7060,,,,,401677218,-126
85341,85341,SPOT,DS,1,0,0,,,00:34:07 23-Jan-2014,L,B,15.2020,145.7070,,,,,401677220,-126
85341,85341,SPOT,DS,2,0,0,42,42,04:15:00 23-Jan-2014,P,B,15.2010,145.7110,,,,,401677228,-132
85341,85341,SPOT,DS,1,0,0,,,06:03:42 23-Jan-2014,N,B,15.1980,145.7100,,,,,401677225,-125
85341,85341,SPOT,DS,1,0,0,,,06:57:26 23-Jan-2014,K,B,15.1980,145.7100,,,,,401677223,-127
85341,85341,SPOT,DS,4,0,1,128,42,08:26:16 23-Jan-2014,R,0,15.2030,145.7110,,,,,401677222,-123
85341,85341,SPOT,DS,2,0,0,224,224,10:06:12 23-Jan-2014,L,B,15.2050,145.7190,,,,,401677220,-136
85341,85341,SPOT,DS,1,0,0,,,10:41:40 23-Jan-2014,B,B,15.2020,145.7120,,,,,401677220,-136
85341,85341,SPOT,DS,1,0,0,,,11:28:58 23-Jan-2014,A,B,15.2040,145.7100,,,,,401677223,-129
85341,85341,SPOT,DS,2,0,0,86,86,11:43:53 23-Jan-2014,L,B,15.2020,145.7110,,,,,401677222,-121
85341,85341,SPOT,DS,2,0,0,44,44,13:07:07 23-Jan-2014,A,B,15.1980,145.7070,,,,,401677222,-128
85341,85341,SPOT,DS,2,0,0,42,42,15:10:56 23-Jan-2014,P,B,15.1970,145.6990,,,,,401677214,-126
85341,85341,SPOT,DS,3,0,1,44,44,16:49:35 23-Jan-2014,P,A,15.2040,145.6960,,,,,401677219,-123
85341,85341,SPOT,DS,3,0,0,141,43,18:38:03 23-Jan-2014,N,A,15.1990,145.6970,,,,,401677219,-122
85341,85341,SPOT,DS,1,0,0,,,21:08:59 23-Jan-2014,R,B,15.1980,145.6950,,,,,401677222,-134
85341,85341,SPOT,DS,2,0,1,42,42,22:45:21 23-Jan-2014,L,B,15.1840,145.6910,,,,,401677216,-133
85341,85341,SPOT,DS,3,0,0,301,108,23:56:38 23-Jan-2014,A,A,15.1860,145.6690,,,,,401677218,-123
85341,85341,SPOT,DS,1,0,0,,,04:04:53 24-Jan-2014,P,B,15.1840,145.6430,,,,,401677224,-127
85341,85341,SPOT,DS,1,0,0,,,06:29:06 24-Jan-2014,K,B,15.1830,145.6410,,,,,401677227,-134
85341,85341,SPOT,DS,1,0,0,,,07:59:54 24-Jan-2014,R,B,15.2000,145.6710,,,,,401677206,-124
85341,85341,SPOT,DS,2,0,1,153,153,08:12:33 24-Jan-2014,K,B,15.2100,145.6680,,,,,401677206,-129
85341,85341,SPOT,DS,1,0,0,,,09:35:37 24-Jan-2014,R,B,15.2140,145.6660,,,,,401677210,-130
85341,85341,SPOT,DS,2,0,0,46,46,11:07:42 24-Jan-2014,A,B,15.2080,145.7020,,,,,401677215,-117
85341,85341,SPOT,DS,2,0,0,42,42,12:00:28 24-Jan-2014,B,B,15.2030,145.7050,,,,,401677219,-128
85341,85341,SPOT,DS,3,0,0,86,83,12:45:46 24-Jan-2014,A,A,15.2080,145.7120,,,,,401677219,-128
85341,85341,SPOT,DS,2,0,0,217,217,14:58:01 24-Jan-2014,P,B,15.2110,145.7250,,,,,401677216,-129
85341,85341,SPOT,DS,2,0,0,47,47,16:38:33 24-Jan-2014,P,B,15.2080,145.7190,,,,,401677222,-124
85341,85341,SPOT,DS,1,0,0,,,16:47:57 24-Jan-2014,N,B,15.2070,145.7210,,,,,401677220,-133
85341,85341,SPOT,DS,1,0,0,,,19:05:39 24-Jan-2014,K,B,15.2050,145.7320,,,,,401677233,-124
85341,85341,SPOT,DS,1,0,0,,,20:39:07 24-Jan-2014,R,B,15.2050,145.7340,,,,,401677231,-130
85341,85341,SPOT,DS,2,0,0,292,292,22:29:56 24-Jan-2014,L,B,15.2140,145.6950,,,,,401677223,-130
85341,85341,SPOT,DS,1,0,1,,,22:58:24 24-Jan-2014,B,B,15.2140,145.6950,,,,,401677222,-137
85341,85341,SPOT,DS,1,0,0,,,23:36:37 24-Jan-2014,A,B,15.2150,145.6930,,,,,401677222,-126
85341,85341,SPOT,DS,1,0,1,,,00:04:26 25-Jan-2014,L,B,15.2150,145.6930,,,,,401677223,-129
85341,85341,SPOT,DS,1,0,0,,,03:51:35 25-Jan-2014,P,B,15.2170,145.6850,,,,,401677215,-126
85341,85341,SPOT,DS,1,0,0,,,05:40:04 25-Jan-2014,N,B,15.2130,145.6870,,,,,401677213,-127
85341,85341,SPOT,DS,1,0,0,,,07:31:17 25-Jan-2014,R,B,15.2110,145.6840,,,,,401677218,-133
85341,85341,SPOT,DS,1,0,0,,,07:45:43 25-Jan-2014,K,B,15.2090,145.6850,,,,,401677212,-128
85341,85341,SPOT,DS,1,0,0,,,09:41:49 25-Jan-2014,L,B,15.2090,145.6810,,,,,401677213,-134
85341,85341,SPOT,DS,3,0,1,43,43,10:51:25 25-Jan-2014,A,A,15.1930,145.6660,,,,,401677209,-123
85341,85341,SPOT,DS,1,0,0,,,11:22:07 25-Jan-2014,L,B,15.1950,145.6690,,,,,401677216,-129
85341,85341,SPOT,DS,3,0,0,42,42,11:43:17 25-Jan-2014,B,A,15.2100,145.7170,,,,,401677214,-131
85341,85341,SPOT,DS,2,0,0,42,42,14:53:17 25-Jan-2014,P,B,15.1920,145.7080,,,,,401677219,-133
85341,85341,SPOT,DS,1,0,0,,,18:09:59 25-Jan-2014,N,B,15.1860,145.7040,,,,,401677220,-130
85341,85341,SPOT,DS,1,0,1,,,18:33:22 25-Jan-2014,R,B,15.1900,145.7060,,,,,401677223,-140
85341,85341,SPOT,DS,2,0,0,42,42,18:33:44 25-Jan-2014,K,B,15.1910,145.7040,,,,,401677219,-136
85341,85341,SPOT,DS,2,0,0,43,43,20:09:51 25-Jan-2014,R,B,15.2010,145.7010,,,,,401677221,-128
85341,85341,SPOT,DS,2,0,0,42,42,00:57:26 26-Jan-2014,A,B,15.1850,145.7070,,,,,401677218,-120
85341,85341,SPOT,DS,2,0,1,50,50,03:39:37 26-Jan-2014,P,B,15.2190,145.7110,,,,,401677213,-129
85341,85341,SPOT,DS,1,0,0,,,05:43:08 26-Jan-2014,K,B,15.2250,145.7120,,,,,401677209,-134
85341,85341,SPOT,DS,2,0,0,43,43,07:25:58 26-Jan-2014,K,B,15.2190,145.7150,,,,,401677197,-122
85341,85341,SPOT,DS,3,0,0,43,43,11:05:44 26-Jan-2014,L,A,15.2020,145.7080,,,,,401677218,-126
85341,85341,SPOT,DS,1,0,0,,,11:25:40 26-Jan-2014,B,B,15.2020,145.7060,,,,,401677220,-126
85341,85341,SPOT,DS,1,0,0,,,14:36:14 26-Jan-2014,P,B,15.2020,145.7040,,,,,401677219,-137
85341,85341,SPOT,DS,2,0,0,42,42,16:23:03 26-Jan-2014,P,B,15.1950,145.7040,,,,,401677219,-127
85341,85341,SPOT,DS,1,0,1,,,18:19:41 26-Jan-2014,K,B,15.1930,145.7040,,,,,401677218,-134
85341,85341,SPOT,DS,2,0,0,42,42,19:51:07 26-Jan-2014,K,B,15.1950,145.7070,,,,,401677220,-125
85341,85341,SPOT,DS,2,0,0,42,42,21:14:56 26-Jan-2014,R,B,15.1930,145.7080,,,,,401677225,-131
85341,85341,SPOT,DS,2,0,0,85,85,00:42:28 27-Jan-2014,A,B,15.1830,145.7080,,,,,401677218,-127
85341,85341,SPOT,DS,1,0,0,,,05:20:16 27-Jan-2014,N,B,15.1770,145.7060,,,,,401677223,-129
85341,85341,SPOT,DS,2,0,0,41,41,06:55:59 27-Jan-2014,N,B,15.1780,145.7070,,,,,401677225,-125
85341,85341,SPOT,DS,2,0,0,41,41,06:55:59 27-Jan-2014,K,B,15.1770,145.7070,,,,,401677220,-125
85341,85341,SPOT,DS,2,0,1,233,233,08:06:12 27-Jan-2014,R,B,15.1890,145.6920,,,,,401677219,-127
85341,85341,SPOT,DS,3,0,0,42,42,10:57:23 27-Jan-2014,L,A,15.2020,145.6920,,,,,401677217,-124
85341,85341,SPOT,DS,3,0,0,42,42,10:57:23 27-Jan-2014,B,A,15.2110,145.6880,,,,,401677219,-124
85341,85341,SPOT,DS,2,0,0,42,42,22:40:36 27-Jan-2014,A,B,15.1910,145.6930,,,,,401677218,-127
85341,85341,SPOT,DS,1,0,0,,,23:27:34 27-Jan-2014,B,B,15.1930,145.6900,,,,,401677222,-133
85341,85341,SPOT,DS,1,0,0,,,23:27:34 27-Jan-2014,L,B,15.1920,145.6900,,,,,401677221,-133
85341,85341,SPOT,DS,1,0,0,,,10:40:02 28-Jan-2014,B,B,15.2060,145.6780,,,,,401677217,-133
85341,85341,SPOT,DS,3,0,0,43,43,10:40:44 28-Jan-2014,L,A,15.2040,145.6690,,,,,401677225,-129
85341,85341,SPOT,DS,1,0,0,,,11:18:49 28-Jan-2014,A,B,15.2070,145.6600,,,,,401677222,-132
85341,85341,SPOT,DS,2,0,0,65,65,17:48:05 28-Jan-2014,N,B,15.2210,145.6880,,,,,401677220,-131
85341,85341,SPOT,DS,1,0,0,,,18:40:02 28-Jan-2014,R,B,15.2150,145.6950,,,,,401677215,-137
85341,85341,SPOT,DS,1,0,0,,,19:10:30 28-Jan-2014,K,B,15.2120,145.6970,,,,,401677220,-128
85341,85341,SPOT,DS,2,0,0,247,247,20:18:13 28-Jan-2014,R,B,15.2040,145.7060,,,,,401677224,-123
85341,85341,SPOT,DS,2,0,0,44,44,23:20:14 28-Jan-2014,L,B,15.1960,145.7010,,,,,401677213,-129
85341,85341,SPOT,DS,1,0,0,,,01:00:51 29-Jan-2014,L,B,15.1950,145.7030,,,,,401677218,-129
85341,85341,SPOT,DS,1,0,0,,,07:00:56 29-Jan-2014,R,B,15.1840,145.7150,,,,,401677213,-132
85341,85341,SPOT,DS,1,0,0,,,07:47:27 29-Jan-2014,K,B,15.1940,145.7060,,,,,401677223,-130
85341,85341,SPOT,DS,2,0,0,46,46,11:01:53 29-Jan-2014,A,B,15.1920,145.7080,,,,,401677224,-117
85341,85341,SPOT,DS,4,0,1,149,42,12:03:39 29-Jan-2014,B,1,15.1930,145.7030,,,,,401677223,-123
85341,85341,SPOT,DS,1,0,0,,,17:29:47 29-Jan-2014,P,B,15.1950,145.7000,,,,,401677217,-134
85341,85341,SPOT,DS,2,0,0,102,102,17:30:39 29-Jan-2014,N,B,15.1960,145.7080,,,,,401677216,-125
85341,85341,SPOT,DS,2,0,0,87,87,18:42:27 29-Jan-2014,K,B,15.2010,145.7060,,,,,401677219,-125
85341,85341,SPOT,DS,1,0,0,,,19:45:08 29-Jan-2014,R,B,15.2040,145.7060,,,,,401677222,-127
85341,85341,SPOT,DS,1,0,0,,,23:09:21 29-Jan-2014,L,B,15.2070,145.7030,,,,,401677226,-129
85341,85341,SPOT,DS,1,0,0,,,01:15:50 30-Jan-2014,A,B,15.2080,145.7030,,,,,401677223,-126
85341,85341,SPOT,DS,2,0,2,223,223,07:29:54 30-Jan-2014,K,B,15.2020,145.7020,,,,,401677218,-124
85341,85341,SPOT,DS,1,0,0,,,08:04:43 30-Jan-2014,R,B,15.2030,145.6980,,,,,401677221,-133
85341,85341,SPOT,DS,1,0,0,,,10:25:15 30-Jan-2014,L,B,15.2040,145.6990,,,,,401677217,-132
85341,85341,SPOT,DS,2,0,1,244,244,10:48:32 30-Jan-2014,A,B,15.1970,145.6990,,,,,401677217,-122
85341,85341,SPOT,DS,1,0,0,,,11:44:23 30-Jan-2014,B,B,15.1970,145.6990,,,,,401677218,-131
85341,85341,SPOT,DS,2,1,0,,,12:18:13 30-Jan-2014,A,B,15.1970,145.7010,,,,,401677218,-129
85341,85341,SPOT,DS,1,0,0,,,15:42:52 30-Jan-2014,P,B,15.1980,145.7050,,,,,401677218,-137
85341,85341,SPOT,DS,1,0,0,,,17:22:41 30-Jan-2014,N,B,15.1990,145.7060,,,,,401677217,-125
85341,85341,SPOT,DS,2,0,0,52,52,18:17:32 30-Jan-2014,K,B,15.2020,145.6990,,,,,401677218,-125
85341,85341,SPOT,DS,1,0,0,,,19:03:57 30-Jan-2014,N,B,15.1990,145.7070,,,,,401677218,-128
85341,85341,SPOT,DS,1,0,0,,,20:48:55 30-Jan-2014,R,B,15.2010,145.7070,,,,,401677221,-130
85341,85341,SPOT,DS,1,0,0,,,06:56:58 31-Jan-2014,K,B,15.2070,145.7170,,,,,401677218,-133
85341,85341,SPOT,DS,1,0,0,,,11:44:02 31-Jan-2014,L,B,15.2040,145.7100,,,,,401677219,-128
85341,85341,SPOT,DS,1,0,0,,,12:03:44 31-Jan-2014,A,B,15.2050,145.7130,,,,,401677219,-122
85341,85341,SPOT,DS,1,0,0,,,17:02:15 31-Jan-2014,P,B,15.2060,145.7170,,,,,401677222,-128
85341,85341,SPOT,DS,2,0,0,45,45,17:52:54 31-Jan-2014,K,B,15.2060,145.7190,,,,,401677220,-133
85341,85341,SPOT,DS,1,0,0,,,20:19:32 31-Jan-2014,R,B,15.2040,145.7150,,,,,401677220,-126
85341,85341,SPOT,DS,2,0,0,577,577,22:44:35 31-Jan-2014,L,B,15.2060,145.6950,,,,,401677220,-130
85341,85341,SPOT,DS,2,0,1,124,124,22:50:26 31-Jan-2014,A,B,15.2020,145.7130,,,,,401677216,-125
85341,85341,SPOT,DS,1,0,0,,,00:21:13 01-Feb-2014,L,B,15.2010,145.7030,,,,,401677224,-127
85341,85341,SPOT,DS,2,0,1,43,43,04:17:46 01-Feb-2014,P,B,15.1900,145.6800,,,,,401677218,-126
85341,85341,SPOT,DS,1,0,0,,,06:00:36 01-Feb-2014,N,B,15.1890,145.6750,,,,,401677222,-131
85341,85341,SPOT,DS,1,0,0,,,18:39:04 01-Feb-2014,N,B,15.1990,145.6740,,,,,401677214,-126
85341,85341,SPOT,DS,1,0,0,,,19:12:47 01-Feb-2014,K,B,15.1950,145.6530,,,,,401677212,-128
85341,85341,SPOT,DS,1,0,0,,,22:26:48 01-Feb-2014,L,B,15.1930,145.6590,,,,,401677222,-136
85341,85341,SPOT,DS,1,0,0,,,23:35:32 01-Feb-2014,B,B,15.1930,145.6670,,,,,401677215,-135
85341,85341,SPOT,DS,2,0,0,42,42,00:07:59 02-Feb-2014,L,B,15.2060,145.6950,,,,,401677219,-126
85341,85341,SPOT,DS,1,0,0,,,00:08:20 02-Feb-2014,A,B,15.2060,145.6940,,,,,401677219,-128
85341,85341,SPOT,DS,2,0,1,42,42,02:24:16 02-Feb-2014,P,B,15.2330,145.7090,,,,,401677207,-132
85341,85341,SPOT,DS,1,0,0,,,04:09:57 02-Feb-2014,P,B,15.2460,145.7300,,,,,401677202,-123
85341,85341,SPOT,DS,2,0,1,43,43,06:14:31 02-Feb-2014,K,B,15.2250,145.6970,,,,,401677210,-126
85341,85341,SPOT,DS,1,0,0,,,07:52:37 02-Feb-2014,K,B,15.2310,145.7040,,,,,401677209,-128
85341,85341,SPOT,DS,1,0,0,,,11:20:41 02-Feb-2014,A,B,15.2270,145.7000,,,,,401677204,-119
85341,85341,SPOT,DS,1,0,0,,,11:20:41 02-Feb-2014,L,B,15.2240,145.7070,,,,,401677214,-119
85341,85341,SPOT,DS,1,0,0,,,12:16:36 02-Feb-2014,B,B,15.2270,145.7170,,,,,401677206,-130
85341,85341,SPOT,DS,1,0,0,,,16:49:20 02-Feb-2014,P,B,15.2210,145.7420,,,,,401677218,-136
85341,85341,SPOT,DS,1,0,0,,,18:42:24 02-Feb-2014,K,B,15.2130,145.7370,,,,,401677224,-125
85341,85341,SPOT,DS,2,0,1,77,77,21:00:02 02-Feb-2014,R,B,15.2100,145.7080,,,,,401677216,-128
85341,85341,SPOT,DS,1,0,0,,,22:17:54 02-Feb-2014,L,B,15.2070,145.7080,,,,,401677218,-133
85341,85341,SPOT,DS,2,0,0,42,42,23:04:07 02-Feb-2014,B,B,15.1950,145.7000,,,,,401677214,-130
85341,85341,SPOT,DS,1,0,0,,,07:25:23 03-Feb-2014,K,B,15.1450,145.6770,,,,,401677220,-126
85341,85341,SPOT,DS,2,0,0,49,49,19:59:37 03-Feb-2014,K,B,15.2030,145.7090,,,,,401677218,-124
85341,85341,SPOT,DS,1,0,0,,,20:31:05 03-Feb-2014,R,B,15.2000,145.7100,,,,,401677218,-126
85341,85341,SPOT,DS,1,0,0,,,23:41:09 03-Feb-2014,L,B,15.1910,145.7060,,,,,401677219,-136
85341,85341,SPOT,DS,1,0,0,,,00:31:48 04-Feb-2014,B,B,15.1940,145.7060,,,,,401677217,-134
85341,85341,SPOT,DS,1,0,1,,,05:21:36 04-Feb-2014,N,B,15.1830,145.6990,,,,,401677219,-134
85341,85341,SPOT,DS,1,0,0,,,10:37:39 04-Feb-2014,A,B,15.1930,145.7040,,,,,401677222,-123
85341,85341,SPOT,DS,1,0,0,,,12:22:19 04-Feb-2014,A,B,15.1900,145.7000,,,,,401677226,-121
85341,85341,SPOT,DS,1,0,0,,,17:51:30 04-Feb-2014,K,B,15.1910,145.6900,,,,,401677215,-136
85341,85341,SPOT,DS,2,0,0,562,562,18:02:59 04-Feb-2014,N,B,15.1990,145.7100,,,,,401677217,-127
85341,85341,SPOT,DS,1,0,0,,,19:35:58 04-Feb-2014,K,B,15.1990,145.7110,,,,,401677213,-121
85341,85341,SPOT,DS,1,0,0,,,21:31:44 04-Feb-2014,R,B,15.2030,145.7090,,,,,401677218,-133
85341,85341,SPOT,DS,1,0,0,,,23:07:55 04-Feb-2014,A,B,15.2050,145.7060,,,,,401677216,-125
85341,85341,SPOT,DS,1,0,0,,,01:18:47 05-Feb-2014,L,B,15.2060,145.7040,,,,,401677218,-136
85341,85341,SPOT,DS,2,0,0,316,316,06:57:52 05-Feb-2014,N,B,15.2080,145.6950,,,,,401677216,-125
85341,85341,SPOT,DS,2,0,0,137,137,08:17:06 05-Feb-2014,R,B,15.2130,145.6930,,,,,401677220,-127
85341,85341,SPOT,DS,1,0,0,,,08:18:15 05-Feb-2014,K,B,15.2130,145.6940,,,,,401677214,-129
85341,85341,SPOT,DS,1,0,0,,,10:44:50 05-Feb-2014,L,B,15.2170,145.6920,,,,,401677214,-126
85341,85341,SPOT,DS,1,0,0,,,11:12:16 05-Feb-2014,B,B,15.2160,145.6930,,,,,401677215,-131
85341,85341,SPOT,DS,1,0,1,,,12:29:49 05-Feb-2014,L,B,15.2150,145.6930,,,,,401677214,-125
85341,85341,SPOT,DS,1,0,0,,,19:13:53 05-Feb-2014,K,B,15.2140,145.6910,,,,,401677218,-127
85341,85341,SPOT,DS,2,0,0,268,268,19:24:23 05-Feb-2014,R,B,15.2110,145.7070,,,,,401677215,-128
85341,85341,SPOT,DS,1,0,0,,,19:31:10 05-Feb-2014,N,B,15.2200,145.6870,,,,,401677219,-128
85341,85341,SPOT,DS,2,0,1,62,62,23:25:40 05-Feb-2014,L,B,15.1980,145.6750,,,,,401677211,-124
85341,85341,SPOT,DS,1,0,1,,,05:11:12 06-Feb-2014,N,B,15.1940,145.6690,,,,,401677208,-133
85341,85341,SPOT,DS,2,0,1,108,108,09:34:20 06-Feb-2014,R,B,15.1760,145.6760,,,,,401677212,-129
85341,85341,SPOT,DS,1,0,1,,,17:37:01 06-Feb-2014,N,B,15.1610,145.6720,,,,,401677218,-130
85341,85341,SPOT,DS,2,0,0,616,616,18:45:21 06-Feb-2014,K,B,15.1660,145.7010,,,,,401677217,-130
85341,85341,SPOT,DS,2,0,0,401,401,18:53:50 06-Feb-2014,R,B,15.1820,145.7090,,,,,401677226,-132
85341,85341,SPOT,DS,1,0,1,,,20:27:27 06-Feb-2014,K,B,15.1930,145.7170,,,,,401677217,-131
85341,85341,SPOT,DS,2,0,1,249,249,20:29:31 06-Feb-2014,R,B,15.2080,145.7100,,,,,401677222,-131
85341,85341,SPOT,DS,1,0,1,,,00:12:57 07-Feb-2014,A,B,15.2200,145.7340,,,,,401677224,-122
85341,85341,SPOT,DS,1,0,0,,,00:51:00 07-Feb-2014,L,B,15.2170,145.7340,,,,,401677231,-130
85341,85341,SPOT,DS,3,0,0,48,45,07:19:31 07-Feb-2014,R,A,15.2340,145.7020,,,,,401677237,-128
85341,85341,SPOT,DS,2,0,0,42,42,09:03:14 07-Feb-2014,R,B,15.2110,145.6990,,,,,401677221,-126
85341,85341,SPOT,DS,2,0,0,65,65,15:47:40 07-Feb-2014,P,B,15.2020,145.7010,,,,,401677217,-124
85341,85341,SPOT,DS,1,0,0,,,17:36:30 07-Feb-2014,N,B,15.2010,145.6990,,,,,401677219,-133
85341,85341,SPOT,DS,1,0,0,,,19:11:17 07-Feb-2014,N,B,15.2030,145.6980,,,,,401677218,-126
85341,85341,SPOT,DS,2,0,0,82,82,20:04:34 07-Feb-2014,R,B,15.1960,145.7030,,,,,401677222,-124
85341,85341,SPOT,DS,1,0,0,,,20:03:54 07-Feb-2014,K,B,15.2000,145.6990,,,,,401677220,-128
85341,85341,SPOT,DS,2,0,0,43,43,03:04:26 08-Feb-2014,P,B,15.1880,145.7050,,,,,401677226,-127
85341,85341,SPOT,DS,3,0,0,275,270,08:24:50 08-Feb-2014,R,A,15.1990,145.7010,,,,,401677218,-126
85341,85341,SPOT,DS,1,0,0,,,10:53:37 08-Feb-2014,A,B,15.1980,145.7000,,,,,401677219,-128
85341,85341,SPOT,DS,1,0,0,,,11:49:18 08-Feb-2014,L,B,15.1980,145.7000,,,,,401677219,-126
85341,85341,SPOT,DS,1,0,0,,,12:35:04 08-Feb-2014,A,B,15.1980,145.7000,,,,,401677218,-125
85341,85341,SPOT,DS,1,0,0,,,17:15:05 08-Feb-2014,P,B,15.1990,145.7010,,,,,401677216,-130
85341,85341,SPOT,DS,2,0,0,391,391,17:21:36 08-Feb-2014,N,B,15.1990,145.7060,,,,,401677217,-128
85341,85341,SPOT,DS,1,0,0,,,19:27:58 08-Feb-2014,R,B,15.2020,145.7030,,,,,401677221,-125
85341,85341,SPOT,DS,2,0,0,43,43,21:11:08 08-Feb-2014,R,B,15.2060,145.6980,,,,,401677218,-129
85341,85341,SPOT,DS,1,0,0,,,02:47:42 09-Feb-2014,P,B,15.2100,145.6940,,,,,401677215,-128
85341,85341,SPOT,DS,2,0,0,47,47,09:33:49 09-Feb-2014,R,B,15.2050,145.6930,,,,,401677219,-129
85341,85341,SPOT,DS,2,0,0,65,65,10:32:51 09-Feb-2014,A,B,15.2040,145.6930,,,,,401677221,-127
85341,85341,SPOT,DS,3,0,0,43,43,11:29:00 09-Feb-2014,B,A,15.2010,145.6930,,,,,401677220,-125
85341,85341,SPOT,DS,1,0,0,,,13:09:31 09-Feb-2014,B,B,15.1990,145.6940,,,,,401677217,-133
85341,85341,SPOT,DS,2,0,0,53,53,15:22:03 09-Feb-2014,P,B,15.1940,145.6980,,,,,401677219,-134
85341,85341,SPOT,DS,2,0,0,99,99,17:05:08 09-Feb-2014,P,B,15.2060,145.7090,,,,,401677222,-128
85341,85341,SPOT,DS,2,0,0,99,99,17:05:08 09-Feb-2014,N,B,15.2060,145.6940,,,,,401677221,-128
85341,85341,SPOT,DS,2,0,0,55,55,18:49:52 09-Feb-2014,N,B,15.2070,145.6950,,,,,401677220,-125
85341,85341,SPOT,DS,1,0,0,,,19:15:05 09-Feb-2014,K,B,15.2070,145.6970,,,,,401677217,-124
85341,85341,SPOT,DS,2,0,0,427,427,20:41:54 09-Feb-2014,R,B,15.2070,145.7000,,,,,401677218,-126
85341,85341,SPOT,DS,1,0,1,,,20:50:50 09-Feb-2014,K,B,15.2060,145.7010,,,,,401677221,-130
85341,85341,SPOT,DS,2,0,1,533,533,02:40:02 10-Feb-2014,P,B,15.2050,145.6920,,,,,401677218,-134
85341,85341,SPOT,DS,2,0,0,43,43,04:15:34 10-Feb-2014,P,B,15.2140,145.6910,,,,,401677216,-128
85341,85341,SPOT,DS,2,0,0,42,42,15:18:45 10-Feb-2014,P,B,15.1980,145.6940,,,,,401677211,-126
85341,85341,SPOT,DS,1,0,0,,,16:58:39 10-Feb-2014,N,B,15.2010,145.6980,,,,,401677215,-133
85341,85341,SPOT,DS,1,0,0,,,16:58:39 10-Feb-2014,P,B,15.2010,145.6980,,,,,401677214,-133
85341,85341,SPOT,DS,2,0,0,47,47,18:44:09 10-Feb-2014,K,B,15.2090,145.7020,,,,,401677219,-128
85341,85341,SPOT,DS,1,0,0,,,18:44:32 10-Feb-2014,N,B,15.2030,145.6990,,,,,401677218,-131
85341,85341,SPOT,DS,1,0,0,,,05:57:22 11-Feb-2014,K,B,15.2160,145.7070,,,,,401677217,-134
85341,85341,SPOT,DS,1,0,0,,,11:29:19 11-Feb-2014,A,B,15.2160,145.7060,,,,,401677216,-134
85341,85341,SPOT,DS,1,0,0,,,15:02:51 11-Feb-2014,P,,,,,,,,,
85341,85341,SPOT,DS,1,0,0,,,21:13:56 11-Feb-2014,R,B,15.2140,145.7040,,,,,401677216,-128
85341,85341,SPOT,DS,1,0,0,,,22:31:18 11-Feb-2014,A,B,15.2120,145.7050,,,,,401677221,-134
85341,85341,SPOT,DS,1,0,0,,,00:08:01 12-Feb-2014,A,B,15.2070,145.7030,,,,,401677223,-126
85341,85341,SPOT,DS,1,0,0,,,04:00:01 12-Feb-2014,P,,,,,,,,,
85341,85341,SPOT,DS,1,0,0,,,07:15:56 12-Feb-2014,N,B,15.1960,145.7000,,,,,401677220,-133
85341,85341,SPOT,DS,1,0,0,,,07:57:41 12-Feb-2014,R,B,15.1990,145.7010,,,,,401677219,-132
85341,85341,SPOT,DS,1,0,0,,,09:40:42 12-Feb-2014,R,B,15.2010,145.7070,,,,,401677214,-129
85341,85341,SPOT,DS,1,0,0,,,11:14:48 12-Feb-2014,A,B,15.2020,145.7080,,,,,401677216,-117
85341,85341,SPOT,DS,1,0,0,,,12:09:47 12-Feb-2014,B,B,15.2020,145.7070,,,,,401677219,-128
85341,85341,SPOT,DS,1,0,0,,,12:54:39 12-Feb-2014,A,B,15.2020,145.7070,,,,,401677218,-126
85341,85341,SPOT,DS,2,0,1,60,60,14:50:11 12-Feb-2014,P,,,,,,,,,
85341,85341,SPOT,DS,1,0,0,,,18:18:24 12-Feb-2014,N,B,15.2010,145.7080,,,,,401677217,-125
85341,85341,SPOT,DS,1,0,0,,,19:36:54 12-Feb-2014,K,B,15.2020,145.7080,,,,,401677217,-127
85341,85341,SPOT,DS,1,0,1,,,03:51:33 13-Feb-2014,P,,,,,,,,,
85341,85341,SPOT,DS,1,0,1,,,12:39:09 13-Feb-2014,A,B,15.1970,145.7120,,,,,401677214,-123
85341,85341,SPOT,DS,1,0,0,,,17:59:54 13-Feb-2014,N,B,15.1970,145.7100,,,,,401677215,-126
85341,85341,SPOT,DS,1,0,0,,,18:33:22 13-Feb-2014,R,B,15.2020,145.7060,,,,,401677218,-138
85341,85341,SPOT,DS,1,0,0,,,19:08:23 13-Feb-2014,K,B,15.2030,145.7050,,,,,401677218,-131
85341,85341,SPOT,DS,1,0,1,,,19:44:25 13-Feb-2014,N,B,15.2020,145.7060,,,,,401677218,-132
85341,85341,SPOT,DS,1,0,0,,,05:16:22 14-Feb-2014,N,B,15.2020,145.7050,,,,,401677217,-129
85341,85341,SPOT,DS,1,0,0,,,05:16:23 14-Feb-2014,P,,,,,,,,,
85341,85341,SPOT,DS,1,0,0,,,08:31:59 14-Feb-2014,R,B,15.2080,145.6960,,,,,401677217,-136
85341,85341,SPOT,DS,1,0,0,,,12:23:02 14-Feb-2014,L,B,15.2090,145.6910,,,,,401677216,-131
85341,85341,SPOT,DS,1,0,1,,,14:32:20 14-Feb-2014,P,B,15.2060,145.6930,,,,,401677217,-136
85341,85341,SPOT,DS,1,0,0,,,16:06:20 14-Feb-2014,P,B,15.2090,145.6880,,,,,401677219,-137
85341,85341,SPOT,DS,1,0,0,,,18:52:17 14-Feb-2014,K,B,15.2120,145.6890,,,,,401677215,-126
85341,85341,SPOT,DS,1,0,0,,,19:44:31 14-Feb-2014,R,B,15.2090,145.6920,,,,,401677213,-127
85341,85341,SPOT,DS,1,0,0,,,21:18:17 14-Feb-2014,R,B,15.2090,145.6920,,,,,401677213,-129
85341,85341,SPOT,DS,2,0,0,167,167,22:59:15 14-Feb-2014,A,B,15.2060,145.6970,,,,,401677219,-122
85341,85341,SPOT,DS,1,0,0,,,18:20:47 15-Feb-2014,K,B,15.2010,145.7040,,,,,401677217,-132
85341,85341,SPOT,DS,2,0,0,42,42,00:45:06 16-Feb-2014,L,B,15.2050,145.7020,,,,,401677217,-127
85341,85341,SPOT,DS,1,0,0,,,03:21:07 16-Feb-2014,P,B,15.2040,145.7070,,,,,401677215,-129
85341,85341,SPOT,DS,1,0,0,,,19:08:55 16-Feb-2014,N,B,15.1980,145.7150,,,,,401677218,-123
85341,85341,SPOT,DS,1,0,0,,,20:21:43 16-Feb-2014,R,B,15.2000,145.7110,,,,,401677218,-126
85341,85341,SPOT,DS,2,0,0,42,42,22:47:28 16-Feb-2014,L,B,15.2010,145.6910,,,,,401677219,-125
85341,85341,SPOT,DS,1,0,0,,,23:58:49 16-Feb-2014,A,B,15.2010,145.6880,,,,,401677219,-126
85341,85341,SPOT,DS,1,0,0,,,00:59:52 17-Feb-2014,B,B,15.2010,145.6880,,,,,401677220,-135
85341,85341,SPOT,DS,2,0,0,44,44,06:17:03 17-Feb-2014,N,B,15.1880,145.7060,,,,,401677219,-130
85341,85341,SPOT,DS,1,0,0,,,17:18:56 17-Feb-2014,P,B,15.1810,145.7000,,,,,401677212,-133
85341,85341,SPOT,DS,1,0,0,,,17:18:56 17-Feb-2014,N,B,15.1870,145.7010,,,,,401677211,-133
85341,85341,SPOT,DS,1,0,0,,,19:16:10 17-Feb-2014,K,B,15.1900,145.7030,,,,,401677209,-129
85341,85341,SPOT,DS,1,0,0,,,22:40:11 17-Feb-2014,L,B,15.1970,145.7020,,,,,401677221,-134
85341,85341,SPOT,DS,2,0,1,44,44,00:13:33 18-Feb-2014,L,B,15.1870,145.6900,,,,,401677214,-126
85341,85341,SPOT,DS,1,0,0,,,00:34:15 18-Feb-2014,B,B,15.1870,145.6890,,,,,401677215,-132
85341,85341,SPOT,DS,1,0,1,,,01:21:47 18-Feb-2014,A,B,15.1870,145.6860,,,,,401677212,-125
85341,85341,SPOT,DS,1,0,0,,,02:57:44 18-Feb-2014,P,B,15.1880,145.6800,,,,,401677216,-132
85341,85341,SPOT,DS,1,0,1,,,06:26:52 18-Feb-2014,K,B,15.1880,145.6700,,,,,401677212,-136
85341,85341,SPOT,DS,1,0,1,,,08:11:14 18-Feb-2014,R,B,15.1870,145.6700,,,,,401677213,-120
85341,85341,SPOT,DS,1,0,0,,,12:25:59 18-Feb-2014,A,B,15.1880,145.6730,,,,,401677213,-128
85341,85341,SPOT,DS,1,0,0,,,15:26:59 18-Feb-2014,P,B,15.1810,145.6610,,,,,401677218,-131
85341,85341,SPOT,DS,1,0,1,,,17:08:44 18-Feb-2014,P,B,15.1870,145.6780,,,,,401677207,-126
85341,85341,SPOT,DS,1,0,0,,,17:09:27 18-Feb-2014,N,B,15.1880,145.6800,,,,,401677212,-131
85341,85341,SPOT,DS,1,0,0,,,20:22:03 19-Feb-2014,R,,,,,,,,,
85341,85341,SPOT,DS,1,0,0,,,23:03:52 19-Feb-2014,A,,,,,,,,,
85341,85341,SPOT,DS,1,0,0,,,23:52:56 19-Feb-2014,B,,,,,,,,,
85341,85341,SPOT,DS,1,0,0,,,18:21:18 20-Feb-2014,N,,,,,,,,,
85341,85341,SPOT,DS,2,0,0,77,77,19:56:46 20-Feb-2014,R,B,15.1930,145.6910,,,,,401677217,-126
85341,85341,SPOT,DS,2,0,0,162,162,05:32:45 21-Feb-2014,N,B,15.1910,145.6890,,,,,401677220,-128
85341,85341,SPOT,DS,1,0,0,,,08:25:06 21-Feb-2014,R,B,15.1910,145.6900,,,,,401677215,-136
85341,85341,SPOT,DS,1,0,0,,,08:25:06 21-Feb-2014,K,B,15.1900,145.6910,,,,,401677217,-136
85341,85341,SPOT,DS,1,0,0,,,13:05:06 21-Feb-2014,A,B,15.1900,145.6920,,,,,401677216,-137
