DeployID,Ptt,Instr,Date,Type,Quality,Latitude,Longitude,Error radius,Error Semi-major axis,Error Semi-minor axis,Error Ellipse orientation,Offset,Offset orientation,GPE MSD,GPE U,Count,Comment
166349,166349,UT,05:14:13 19-May-2017,Argos,B,13.4650,144.6610,,,,,,,,,,
166349,166349,UT,07:23:31 19-May-2017,Argos,B,13.4240,144.6560,,,,,,,,,,
166349,166349,UT,08:44:26 19-May-2017,Argos,B,13.4560,144.6620,,,,,,,,,,
166349,166349,UT,09:00:29 19-May-2017,Argos,B,13.4640,144.6540,,,,,,,,,,
166349,166349,UT,11:49:52 19-May-2017,Argos,B,13.4590,144.6520,,,,,,,,,,
166349,166349,UT,19:55:52 19-May-2017,Argos,B,13.4520,144.6520,,,,,,,,,,
166349,166349,UT,21:20:38 19-May-2017,Argos,0,13.4640,144.6540,,,,,,,,,,
166349,166349,UT,23:38:14 19-May-2017,Argos,B,13.4630,144.6530,,,,,,,,,,
166349,166349,UT,00:26:43 20-May-2017,Argos,B,13.4630,144.6540,,,,,,,,,,
166349,166349,UT,08:31:51 20-May-2017,Argos,B,13.4620,144.6550,,,,,,,,,,
166349,166349,UT,08:33:11 20-May-2017,Argos,B,13.4630,144.6590,,,,,,,,,,
166349,166349,UT,09:26:15 20-May-2017,Argos,B,13.4630,144.6590,,,,,,,,,,
166349,166349,UT,11:26:37 20-May-2017,Argos,A,13.4470,144.6540,,,,,,,,,,
166349,166349,UT,12:23:57 20-May-2017,Argos,B,13.4450,144.6530,,,,,,,,,,
166349,166349,UT,13:14:26 20-May-2017,Argos,B,13.4450,144.6540,,,,,,,,,,
166349,166349,UT,17:48:13 20-May-2017,Argos,B,13.4520,144.6570,,,,,,,,,,
166349,166349,UT,20:32:22 20-May-2017,Argos,B,13.4590,144.6580,,,,,,,,,,
166349,166349,UT,21:09:30 20-May-2017,Argos,B,13.4600,144.6580,,,,,,,,,,
166349,166349,UT,21:09:53 20-May-2017,Argos,B,13.4920,144.5940,,,,,,,,,,
166349,166349,UT,00:01:10 21-May-2017,Argos,B,13.4940,144.5990,,,,,,,,,,
166349,166349,UT,01:01:19 21-May-2017,Argos,B,13.4850,144.6160,,,,,,,,,,
166349,166349,UT,04:54:26 21-May-2017,Argos,B,13.5010,144.6330,,,,,,,,,,
166349,166349,UT,08:12:48 21-May-2017,Argos,B,13.4990,144.6560,,,,,,,,,,
166349,166349,UT,08:21:24 21-May-2017,Argos,B,13.4950,144.6430,,,,,,,,,,
166349,166349,UT,08:54:31 21-May-2017,Argos,B,13.4780,144.6300,,,,,,,,,,
166349,166349,UT,11:11:21 21-May-2017,Argos,B,13.4560,144.6220,,,,,,,,,,
166349,166349,UT,17:36:29 21-May-2017,Argos,A,13.4590,144.6660,,,,,,,,,,
166349,166349,UT,20:39:38 21-May-2017,Argos,B,13.4620,144.6700,,,,,,,,,,
166349,166349,UT,21:03:40 21-May-2017,Argos,B,13.4610,144.6680,,,,,,,,,,
166349,166349,UT,23:48:37 21-May-2017,Argos,A,13.4640,144.6490,,,,,,,,,,
166349,166349,UT,06:27:31 22-May-2017,Argos,B,13.4530,144.6360,,,,,,,,,,
166349,166349,UT,08:11:52 22-May-2017,Argos,A,13.4340,144.6600,,,,,,,,,,
166349,166349,UT,08:25:16 22-May-2017,Argos,B,13.4610,144.6590,,,,,,,,,,
166349,166349,UT,11:39:35 22-May-2017,Argos,B,13.4430,144.6660,,,,,,,,,,
166349,166349,UT,12:25:50 22-May-2017,Argos,B,13.4460,144.6630,,,,,,,,,,
166349,166349,UT,23:17:21 22-May-2017,Argos,B,13.4530,144.6560,,,,,,,,,,
166349,166349,UT,00:21:31 23-May-2017,Argos,B,13.4550,144.6570,,,,,,,,,,
166349,166349,UT,04:35:05 23-May-2017,Argos,B,13.4520,144.6670,,,,,,,,,,
166349,166349,UT,07:55:28 23-May-2017,Argos,A,13.4530,144.6660,,,,,,,,,,
166349,166349,UT,07:58:35 23-May-2017,Argos,B,13.4530,144.6650,,,,,,,,,,
166349,166349,UT,10:29:28 23-May-2017,Argos,B,13.4510,144.6670,,,,,,,,,,
166349,166349,UT,11:27:29 23-May-2017,Argos,B,13.4510,144.6670,,,,,,,,,,
166349,166349,UT,18:49:44 23-May-2017,Argos,B,13.4500,144.6660,,,,,,,,,,
166349,166349,UT,04:29:02 24-May-2017,Argos,B,13.4420,144.6740,,,,,,,,,,
166349,166349,UT,06:03:38 24-May-2017,Argos,B,13.4550,144.6720,,,,,,,,,,
166349,166349,UT,08:32:06 24-May-2017,Argos,B,13.4590,144.6720,,,,,,,,,,
166349,166349,UT,09:22:15 24-May-2017,Argos,B,13.4600,144.6720,,,,,,,,,,
166349,166349,UT,17:04:47 24-May-2017,Argos,B,13.4730,144.6670,,,,,,,,,,
166349,166349,UT,18:43:29 24-May-2017,Argos,B,13.4710,144.6660,,,,,,,,,,
166349,166349,UT,20:05:03 24-May-2017,Argos,B,13.4670,144.6640,,,,,,,,,,
166349,166349,UT,21:02:11 24-May-2017,Argos,B,13.4660,144.6610,,,,,,,,,,
166349,166349,UT,22:40:08 24-May-2017,Argos,B,13.4660,144.6590,,,,,,,,,,
166349,166349,UT,04:14:14 25-May-2017,Argos,B,13.4690,144.6520,,,,,,,,,,
166349,166349,UT,08:06:56 25-May-2017,Argos,B,13.4680,144.6430,,,,,,,,,,
166349,166349,UT,08:29:18 25-May-2017,Argos,B,13.4660,144.6450,,,,,,,,,,
166349,166349,UT,09:18:38 25-May-2017,Argos,B,13.4640,144.6430,,,,,,,,,,
166349,166349,UT,11:22:56 25-May-2017,Argos,B,13.4630,144.6410,,,,,,,,,,
166349,166349,UT,19:31:56 25-May-2017,Argos,B,13.4610,144.6370,,,,,,,,,,
166349,166349,UT,20:40:08 25-May-2017,Argos,B,13.4630,144.6530,,,,,,,,,,
166349,166349,UT,21:57:03 25-May-2017,Argos,B,13.4630,144.6570,,,,,,,,,,
166349,166349,UT,23:12:54 25-May-2017,Argos,B,13.4640,144.6590,,,,,,,,,,
166349,166349,UT,00:05:44 26-May-2017,Argos,0,13.4630,144.6370,,,,,,,,,,
166349,166349,UT,04:02:41 26-May-2017,Argos,B,13.4550,144.6230,,,,,,,,,,
166349,166349,UT,07:42:24 26-May-2017,Argos,B,13.4590,144.6190,,,,,,,,,,
166349,166349,UT,09:07:57 26-May-2017,Argos,B,13.4500,144.6310,,,,,,,,,,
166349,166349,UT,11:08:30 26-May-2017,Argos,B,13.4480,144.6290,,,,,,,,,,
166349,166349,UT,12:01:22 26-May-2017,Argos,B,13.4500,144.6290,,,,,,,,,,
166349,166349,UT,16:36:54 26-May-2017,Argos,B,13.4550,144.6230,,,,,,,,,,
166349,166349,UT,18:20:04 26-May-2017,Argos,B,13.4550,144.6280,,,,,,,,,,
166349,166349,UT,21:38:50 26-May-2017,Argos,B,13.4520,144.6300,,,,,,,,,,
166349,166349,UT,23:45:44 26-May-2017,Argos,B,13.5080,144.7200,,,,,,,,,,
166349,166349,UT,05:25:43 27-May-2017,Argos,B,13.5380,144.7920,,,,,,,,,,Lat > 4 deviations from mean
166349,166349,UT,07:19:45 27-May-2017,Argos,B,13.4950,144.7810,,,,,,,,,,Lon > 4 deviations from mean
166349,166349,UT,10:46:04 27-May-2017,Argos,A,13.4670,144.6580,,,,,,,,,,
166349,166349,UT,12:27:24 27-May-2017,Argos,B,13.4630,144.6530,,,,,,,,,,
166349,166349,UT,16:23:46 27-May-2017,Argos,B,13.4640,144.6530,,,,,,,,,,
166349,166349,UT,23:19:21 27-May-2017,Argos,B,13.4630,144.6480,,,,,,,,,,
166349,166349,UT,08:34:01 28-May-2017,Argos,B,13.4530,144.6120,,,,,,,,,,
166349,166349,UT,12:07:40 28-May-2017,Argos,B,13.4540,144.6280,,,,,,,,,,
166349,166349,UT,17:53:43 28-May-2017,Argos,B,13.4560,144.6220,,,,,,,,,,
166349,166349,UT,19:25:45 28-May-2017,Argos,B,13.4560,144.6220,,,,,,,,,,
166349,166349,UT,19:41:45 28-May-2017,Argos,A,13.4620,144.6330,,,,,,,,,,
166349,166349,UT,23:56:26 28-May-2017,Argos,B,13.4530,144.6260,,,,,,,,,,
166349,166349,UT,08:31:41 29-May-2017,Argos,B,13.4500,144.6110,,,,,,,,,,
166349,166349,UT,20:41:57 29-May-2017,Argos,B,13.4560,144.6200,,,,,,,,,,
166349,166349,UT,22:36:36 29-May-2017,Argos,B,13.4540,144.6140,,,,,,,,,,
166349,166349,UT,07:48:17 30-May-2017,Argos,B,13.4440,144.6140,,,,,,,,,,
166349,166349,UT,09:17:27 30-May-2017,Argos,B,13.4520,144.6180,,,,,,,,,,
166349,166349,UT,17:32:46 30-May-2017,Argos,B,13.4560,144.6190,,,,,,,,,,
166349,166349,UT,20:14:57 30-May-2017,Argos,B,13.4550,144.6220,,,,,,,,,,
166349,166349,UT,00:00:44 31-May-2017,Argos,B,13.4550,144.6240,,,,,,,,,,
166349,166349,UT,04:44:29 31-May-2017,Argos,B,13.4440,144.6030,,,,,,,,,,
166349,166349,UT,06:21:19 31-May-2017,Argos,B,13.4430,144.6010,,,,,,,,,,
166349,166349,UT,07:21:38 31-May-2017,Argos,B,13.4430,144.6010,,,,,,,,,,
166349,166349,UT,08:46:11 31-May-2017,Argos,B,13.4550,144.5950,,,,,,,,,,
166349,166349,UT,09:44:34 31-May-2017,Argos,B,13.4570,144.5940,,,,,,,,,,
166349,166349,UT,19:51:55 31-May-2017,Argos,B,13.4720,144.5700,,,,,,,,,,
166349,166349,UT,20:49:39 31-May-2017,Argos,B,13.4640,144.5810,,,,,,,,,,
166349,166349,UT,00:30:42 01-Jun-2017,Argos,B,13.4560,144.5830,,,,,,,,,,
166349,166349,UT,04:30:34 01-Jun-2017,Argos,B,13.4610,144.5910,,,,,,,,,,
166349,166349,UT,08:16:29 01-Jun-2017,Argos,B,13.4620,144.5940,,,,,,,,,,
166349,166349,UT,08:35:03 01-Jun-2017,Argos,B,13.4590,144.6000,,,,,,,,,,
166349,166349,UT,10:44:34 01-Jun-2017,Argos,B,13.4620,144.6000,,,,,,,,,,
166349,166349,UT,11:36:56 01-Jun-2017,Argos,B,13.4620,144.6000,,,,,,,,,,
166349,166349,UT,17:10:02 01-Jun-2017,Argos,B,13.4590,144.6000,,,,,,,,,,
166349,166349,UT,19:22:26 01-Jun-2017,Argos,B,13.4610,144.6290,,,,,,,,,,
166349,166349,UT,20:36:29 01-Jun-2017,Argos,B,13.4580,144.6340,,,,,,,,,,
166349,166349,UT,21:08:31 01-Jun-2017,Argos,B,13.4610,144.6240,,,,,,,,,,
166349,166349,UT,23:21:34 01-Jun-2017,Argos,B,13.4610,144.6330,,,,,,,,,,
166349,166349,UT,01:01:23 02-Jun-2017,Argos,B,13.4630,144.6320,,,,,,,,,,
166349,166349,UT,04:19:10 02-Jun-2017,Argos,B,13.4630,144.6410,,,,,,,,,,
166349,166349,UT,05:59:00 02-Jun-2017,Argos,B,13.4640,144.6380,,,,,,,,,,
166349,166349,UT,07:47:36 02-Jun-2017,Argos,B,13.4640,144.6410,,,,,,,,,,
166349,166349,UT,07:47:36 02-Jun-2017,Argos,B,13.4620,144.6380,,,,,,,,,,
166349,166349,UT,16:58:02 02-Jun-2017,Argos,B,13.4630,144.6380,,,,,,,,,,
166349,166349,UT,18:43:11 02-Jun-2017,Argos,B,13.4610,144.6560,,,,,,,,,,
166349,166349,UT,18:43:11 02-Jun-2017,Argos,B,13.4630,144.6500,,,,,,,,,,
166349,166349,UT,20:25:07 02-Jun-2017,Argos,B,13.4660,144.6500,,,,,,,,,,
166349,166349,UT,20:25:07 02-Jun-2017,Argos,B,13.4640,144.6460,,,,,,,,,,
166349,166349,UT,20:36:49 02-Jun-2017,Argos,B,13.4640,144.6430,,,,,,,,,,
166349,166349,UT,22:56:12 02-Jun-2017,Argos,A,13.4670,144.6370,,,,,,,,,,
166349,166349,UT,23:53:46 02-Jun-2017,Argos,A,13.4590,144.6310,,,,,,,,,,
166349,166349,UT,05:47:35 03-Jun-2017,Argos,B,13.4490,144.6570,,,,,,,,,,
166349,166349,UT,16:42:03 03-Jun-2017,Argos,B,13.4560,144.6670,,,,,,,,,,
166349,166349,UT,20:07:35 03-Jun-2017,Argos,B,13.4580,144.6620,,,,,,,,,,
166349,166349,UT,20:14:19 03-Jun-2017,Argos,B,13.4610,144.6640,,,,,,,,,,
166349,166349,UT,21:31:04 03-Jun-2017,Argos,B,13.4560,144.6560,,,,,,,,,,
166349,166349,UT,21:48:48 03-Jun-2017,Argos,B,13.4570,144.6560,,,,,,,,,,
166349,166349,UT,00:17:17 04-Jun-2017,Argos,B,13.4540,144.6620,,,,,,,,,,
166349,166349,UT,07:18:19 04-Jun-2017,Argos,B,13.4400,144.6610,,,,,,,,,,
166349,166349,UT,08:24:11 04-Jun-2017,Argos,B,13.4400,144.6610,,,,,,,,,,
166349,166349,UT,11:26:28 04-Jun-2017,Argos,B,13.4370,144.6600,,,,,,,,,,
166349,166349,UT,18:13:12 04-Jun-2017,Argos,B,13.4290,144.6570,,,,,,,,,,
166349,166349,UT,19:52:27 04-Jun-2017,Argos,B,13.4320,144.6540,,,,,,,,,,
166349,166349,UT,21:00:46 04-Jun-2017,Argos,B,13.4400,144.6380,,,,,,,,,,
166349,166349,UT,21:34:20 04-Jun-2017,Argos,B,13.4430,144.6340,,,,,,,,,,
166349,166349,UT,23:52:49 04-Jun-2017,Argos,B,13.4450,144.6350,,,,,,,,,,
166349,166349,UT,07:48:27 05-Jun-2017,Argos,B,13.4480,144.6280,,,,,,,,,,
166349,166349,UT,11:04:52 05-Jun-2017,Argos,B,13.4470,144.6060,,,,,,,,,,
166349,166349,UT,18:52:41 05-Jun-2017,Argos,B,13.4470,144.5780,,,,,,,,,,
166349,166349,UT,19:28:28 05-Jun-2017,Argos,B,13.4520,144.5950,,,,,,,,,,
166349,166349,UT,20:32:56 05-Jun-2017,Argos,B,13.4550,144.5960,,,,,,,,,,
166349,166349,UT,21:02:14 05-Jun-2017,Argos,B,13.4560,144.6010,,,,,,,,,,
166349,166349,UT,21:23:48 05-Jun-2017,Argos,B,13.4540,144.6100,,,,,,,,,,
166349,166349,UT,23:29:00 05-Jun-2017,Argos,A,13.4500,144.6330,,,,,,,,,,
166349,166349,UT,01:08:38 06-Jun-2017,Argos,B,13.4500,144.6350,,,,,,,,,,
166349,166349,UT,05:13:04 06-Jun-2017,Argos,B,13.4470,144.6380,,,,,,,,,,
166349,166349,UT,07:17:17 06-Jun-2017,Argos,A,13.4600,144.6220,,,,,,,,,,
166349,166349,UT,08:40:32 06-Jun-2017,Argos,B,13.4490,144.6260,,,,,,,,,,
166349,166349,UT,08:57:56 06-Jun-2017,Argos,B,13.4490,144.6240,,,,,,,,,,
166349,166349,UT,12:19:39 06-Jun-2017,Argos,B,13.4460,144.6240,,,,,,,,,,
166349,166349,UT,17:51:50 06-Jun-2017,Argos,B,13.4470,144.6270,,,,,,,,,,
166349,166349,UT,20:03:10 06-Jun-2017,Argos,2,13.4470,144.6270,,,,,,,,,,
166349,166349,UT,20:39:44 06-Jun-2017,Argos,B,13.4470,144.6270,,,,,,,,,,
166349,166349,UT,21:16:10 06-Jun-2017,Argos,B,13.4470,144.6270,,,,,,,,,,
166349,166349,UT,05:07:02 07-Jun-2017,Argos,B,13.4440,144.6250,,,,,,,,,,
166349,166349,UT,08:25:59 07-Jun-2017,Argos,A,13.4480,144.6290,,,,,,,,,,
166349,166349,UT,08:26:56 07-Jun-2017,Argos,B,13.4480,144.6280,,,,,,,,,,
166349,166349,UT,09:21:36 07-Jun-2017,Argos,B,13.4480,144.6280,,,,,,,,,,
166349,166349,UT,12:01:33 07-Jun-2017,Argos,B,13.4450,144.6300,,,,,,,,,,
166349,166349,UT,19:29:37 07-Jun-2017,Argos,B,13.4440,144.6230,,,,,,,,,,
166349,166349,UT,20:10:22 07-Jun-2017,Argos,B,13.4460,144.6230,,,,,,,,,,
166349,166349,UT,21:06:57 07-Jun-2017,Argos,B,13.4500,144.6230,,,,,,,,,,
166349,166349,UT,21:08:48 07-Jun-2017,Argos,B,13.4470,144.6220,,,,,,,,,,
166349,166349,UT,21:51:19 07-Jun-2017,Argos,B,13.4480,144.6220,,,,,,,,,,
166349,166349,UT,22:50:27 07-Jun-2017,Argos,B,13.4490,144.6220,,,,,,,,,,
166349,166349,UT,23:46:05 07-Jun-2017,Argos,B,13.4500,144.6220,,,,,,,,,,
166349,166349,UT,04:50:32 08-Jun-2017,Argos,B,13.4510,144.6220,,,,,,,,,,
166349,166349,UT,06:33:26 08-Jun-2017,Argos,B,13.4510,144.6220,,,,,,,,,,
166349,166349,UT,07:20:58 08-Jun-2017,Argos,B,13.4490,144.6210,,,,,,,,,,
166349,166349,UT,07:54:45 08-Jun-2017,Argos,A,13.4480,144.6250,,,,,,,,,,
166349,166349,UT,09:55:08 08-Jun-2017,Argos,B,13.4480,144.6270,,,,,,,,,,
166349,166349,UT,11:38:51 08-Jun-2017,Argos,B,13.4490,144.6260,,,,,,,,,,
166349,166349,UT,17:30:11 08-Jun-2017,Argos,B,13.4520,144.6250,,,,,,,,,,
166349,166349,UT,18:59:23 08-Jun-2017,Argos,B,13.4500,144.6260,,,,,,,,,,
166349,166349,UT,19:49:02 08-Jun-2017,Argos,B,13.4500,144.6260,,,,,,,,,,
166349,166349,UT,20:34:37 08-Jun-2017,Argos,B,13.4470,144.6220,,,,,,,,,,
166349,166349,UT,20:53:54 08-Jun-2017,Argos,B,13.4480,144.6210,,,,,,,,,,
166349,166349,UT,21:31:46 08-Jun-2017,Argos,B,13.4470,144.6190,,,,,,,,,,
166349,166349,UT,22:28:25 08-Jun-2017,Argos,B,13.4460,144.6200,,,,,,,,,,
166349,166349,UT,00:10:28 09-Jun-2017,Argos,B,13.4470,144.6180,,,,,,,,,,
166349,166349,UT,04:41:04 09-Jun-2017,Argos,B,13.4460,144.6140,,,,,,,,,,
166349,166349,UT,17:21:13 09-Jun-2017,Argos,B,13.4610,144.6250,,,,,,,,,,
166349,166349,UT,21:03:19 09-Jun-2017,Argos,B,13.4610,144.6180,,,,,,,,,,
166349,166349,UT,22:19:32 09-Jun-2017,Argos,B,13.4600,144.6180,,,,,,,,,,
166349,166349,UT,23:49:14 09-Jun-2017,Argos,B,13.4570,144.6210,,,,,,,,,,
166349,166349,UT,06:08:03 10-Jun-2017,Argos,B,13.4460,144.6250,,,,,,,,,,
166349,166349,UT,08:11:24 10-Jun-2017,Argos,B,13.4500,144.6300,,,,,,,,,,
166349,166349,UT,08:28:10 10-Jun-2017,Argos,B,13.4500,144.6290,,,,,,,,,,
166349,166349,UT,11:01:53 10-Jun-2017,Argos,B,13.4500,144.6280,,,,,,,,,,
166349,166349,UT,11:50:10 10-Jun-2017,Argos,B,13.4520,144.6270,,,,,,,,,,
166349,166349,UT,19:41:15 10-Jun-2017,Argos,B,13.4540,144.6270,,,,,,,,,,
166349,166349,UT,23:28:56 10-Jun-2017,Argos,B,13.4520,144.6270,,,,,,,,,,
166349,166349,UT,00:22:58 11-Jun-2017,Argos,B,13.4450,144.6240,,,,,,,,,,
166349,166349,UT,09:16:24 11-Jun-2017,Argos,B,13.4410,144.6200,,,,,,,,,,
166349,166349,UT,20:44:21 11-Jun-2017,Argos,B,13.4360,144.6190,,,,,,,,,,
166349,166349,UT,22:02:03 11-Jun-2017,Argos,B,13.4360,144.6240,,,,,,,,,,
166349,166349,UT,23:08:26 11-Jun-2017,Argos,B,13.4360,144.6250,,,,,,,,,,
166349,166349,UT,00:06:27 12-Jun-2017,Argos,B,13.4530,144.6530,,,,,,,,,,
166349,166349,UT,05:41:44 12-Jun-2017,Argos,B,13.4640,144.6810,,,,,,,,,,
166349,166349,UT,08:55:20 12-Jun-2017,Argos,B,13.4590,144.6670,,,,,,,,,,
166349,166349,UT,09:04:56 12-Jun-2017,Argos,B,13.4620,144.6630,,,,,,,,,,
166349,166349,UT,11:54:08 12-Jun-2017,Argos,B,13.4680,144.6740,,,,,,,,,,
166349,166349,UT,19:54:45 12-Jun-2017,Argos,B,13.4450,144.6540,,,,,,,,,,
166349,166349,UT,20:12:21 12-Jun-2017,Argos,B,13.4540,144.6960,,,,,,,,,,
166349,166349,UT,21:26:22 12-Jun-2017,Argos,B,13.4350,144.6650,,,,,,,,,,
166349,166349,UT,22:50:48 12-Jun-2017,Argos,B,13.4310,144.6620,,,,,,,,,,
166349,166349,UT,23:41:40 12-Jun-2017,Argos,B,13.4270,144.6630,,,,,,,,,,
166349,166349,UT,00:28:47 13-Jun-2017,Argos,B,13.4260,144.6670,,,,,,,,,,
166349,166349,UT,05:34:04 13-Jun-2017,Argos,B,13.4090,144.6650,,,,,,,,,,
166349,166349,UT,08:38:17 13-Jun-2017,Argos,B,13.4070,144.6670,,,,,,,,,,
166349,166349,UT,08:38:17 13-Jun-2017,Argos,B,13.4090,144.6610,,,,,,,,,,
166349,166349,UT,08:55:59 13-Jun-2017,Argos,B,13.4100,144.6580,,,,,,,,,,
166349,166349,UT,10:40:45 13-Jun-2017,Argos,B,13.4050,144.6570,,,,,,,,,,
166349,166349,UT,11:36:33 13-Jun-2017,Argos,B,13.4080,144.6490,,,,,,,,,,
166349,166349,UT,16:31:24 13-Jun-2017,Argos,B,13.4100,144.6360,,,,,,,,,,
166349,166349,UT,19:38:45 13-Jun-2017,Argos,B,13.4130,144.6380,,,,,,,,,,
166349,166349,UT,21:05:34 13-Jun-2017,Argos,B,13.4150,144.6440,,,,,,,,,,
166349,166349,UT,21:20:33 13-Jun-2017,Argos,B,13.4140,144.6430,,,,,,,,,,
166349,166349,UT,05:28:29 14-Jun-2017,Argos,B,13.4150,144.6240,,,,,,,,,,
166349,166349,UT,11:09:13 14-Jun-2017,Argos,B,13.4160,144.6250,,,,,,,,,,
166349,166349,UT,18:06:57 14-Jun-2017,Argos,B,13.4140,144.6150,,,,,,,,,,
166349,166349,UT,19:01:36 14-Jun-2017,Argos,B,13.4200,144.6240,,,,,,,,,,
166349,166349,UT,19:09:15 14-Jun-2017,Argos,B,13.4160,144.6210,,,,,,,,,,
166349,166349,UT,20:46:40 14-Jun-2017,Argos,2,13.4130,144.6570,,,,,,,,,,
166349,166349,UT,20:46:40 14-Jun-2017,Argos,B,13.4190,144.6360,,,,,,,,,,
166349,166349,UT,21:30:03 14-Jun-2017,Argos,B,13.4150,144.6600,,,,,,,,,,
166349,166349,UT,23:48:03 14-Jun-2017,Argos,B,13.4160,144.6570,,,,,,,,,,
166349,166349,UT,00:45:48 15-Jun-2017,Argos,B,13.4210,144.6640,,,,,,,,,,
166349,166349,UT,05:15:09 15-Jun-2017,Argos,B,13.4200,144.6600,,,,,,,,,,
166349,166349,UT,08:36:37 15-Jun-2017,Argos,B,13.4290,144.6690,,,,,,,,,,
166349,166349,UT,12:32:06 15-Jun-2017,Argos,B,13.4260,144.6660,,,,,,,,,,
166349,166349,UT,17:51:47 15-Jun-2017,Argos,B,13.4120,144.6590,,,,,,,,,,
166349,166349,UT,20:15:10 15-Jun-2017,Argos,A,13.4140,144.6490,,,,,,,,,,
166349,166349,UT,20:16:01 15-Jun-2017,Argos,B,13.4150,144.6480,,,,,,,,,,
166349,166349,UT,21:08:07 15-Jun-2017,Argos,B,13.4150,144.6500,,,,,,,,,,
166349,166349,UT,22:48:04 15-Jun-2017,Argos,B,13.4160,144.6490,,,,,,,,,,
166349,166349,UT,00:19:48 16-Jun-2017,Argos,B,13.4140,144.6490,,,,,,,,,,
166349,166349,UT,04:56:21 16-Jun-2017,Argos,B,13.4510,144.6540,,,,,,,,,,
166349,166349,UT,07:06:57 16-Jun-2017,Argos,B,13.4400,144.6560,,,,,,,,,,
166349,166349,UT,08:25:55 16-Jun-2017,Argos,B,13.4290,144.6710,,,,,,,,,,
166349,166349,UT,08:54:32 16-Jun-2017,Argos,B,13.4290,144.6710,,,,,,,,,,
166349,166349,UT,11:29:57 16-Jun-2017,Argos,3,13.4150,144.6490,,,,,,,,,,
166349,166349,UT,17:37:48 16-Jun-2017,Argos,B,13.4100,144.6510,,,,,,,,,,
166349,166349,UT,19:53:25 16-Jun-2017,Argos,B,13.4080,144.6490,,,,,,,,,,
166349,166349,UT,20:59:03 16-Jun-2017,Argos,B,13.4130,144.6480,,,,,,,,,,
166349,166349,UT,00:00:52 17-Jun-2017,Argos,B,13.4120,144.6480,,,,,,,,,,
166349,166349,UT,04:44:42 17-Jun-2017,Argos,B,13.4110,144.6480,,,,,,,,,,
166349,166349,UT,08:16:18 17-Jun-2017,Argos,B,13.4140,144.6490,,,,,,,,,,
166349,166349,UT,08:30:39 17-Jun-2017,Argos,B,13.4140,144.6490,,,,,,,,,,
166349,166349,UT,10:15:30 17-Jun-2017,Argos,B,13.4140,144.6480,,,,,,,,,,
166349,166349,UT,11:01:34 17-Jun-2017,Argos,B,13.4140,144.6480,,,,,,,,,,
166349,166349,UT,11:52:21 17-Jun-2017,Argos,B,13.4140,144.6480,,,,,,,,,,
166349,166349,UT,17:24:14 17-Jun-2017,Argos,A,13.4120,144.6500,,,,,,,,,,
166349,166349,UT,19:24:00 17-Jun-2017,Argos,B,13.4120,144.6470,,,,,,,,,,
166349,166349,UT,20:53:01 17-Jun-2017,Argos,A,13.4160,144.6520,,,,,,,,,,
166349,166349,UT,20:55:51 17-Jun-2017,Argos,A,13.4140,144.6480,,,,,,,,,,
166349,166349,UT,21:10:51 17-Jun-2017,Argos,B,13.4220,144.6440,,,,,,,,,,
166349,166349,UT,22:26:30 17-Jun-2017,Argos,B,13.4570,144.6260,,,,,,,,,,Lat > 4 deviations from mean
166349,166349,UT,22:46:26 17-Jun-2017,Argos,B,13.4210,144.6430,,,,,,,,,,
166349,166349,UT,00:20:50 18-Jun-2017,Argos,B,13.4190,144.6440,,,,,,,,,,
166349,166349,UT,07:40:08 18-Jun-2017,Argos,B,13.4180,144.6470,,,,,,,,,,
166349,166349,UT,08:10:36 18-Jun-2017,Argos,B,13.4140,144.6470,,,,,,,,,,
166349,166349,UT,09:38:07 18-Jun-2017,Argos,B,13.4150,144.6480,,,,,,,,,,
166349,166349,UT,11:32:51 18-Jun-2017,Argos,B,13.4140,144.6480,,,,,,,,,,
166349,166349,UT,17:16:39 18-Jun-2017,Argos,A,13.4170,144.6470,,,,,,,,,,
166349,166349,UT,18:49:07 18-Jun-2017,Argos,B,13.4160,144.6470,,,,,,,,,,
166349,166349,UT,18:57:47 18-Jun-2017,Argos,B,13.4160,144.6470,,,,,,,,,,
166349,166349,UT,20:28:10 18-Jun-2017,Argos,B,13.4040,144.6490,,,,,,,,,,
166349,166349,UT,20:42:29 18-Jun-2017,Argos,B,13.4040,144.6520,,,,,,,,,,
166349,166349,UT,20:42:52 18-Jun-2017,Argos,B,13.4180,144.6500,,,,,,,,,,
166349,166349,UT,04:26:14 19-Jun-2017,Argos,B,13.4090,144.6520,,,,,,,,,,
166349,166349,UT,06:07:01 19-Jun-2017,Argos,B,13.4060,144.6510,,,,,,,,,,
166349,166349,UT,07:16:20 19-Jun-2017,Argos,B,13.4090,144.6500,,,,,,,,,,
166349,166349,UT,09:25:30 19-Jun-2017,Argos,B,13.4120,144.6490,,,,,,,,,,
166349,166349,UT,17:03:57 19-Jun-2017,Argos,A,13.4140,144.6490,,,,,,,,,,
166349,166349,UT,18:44:00 19-Jun-2017,Argos,B,13.4140,144.6490,,,,,,,,,,
166349,166349,UT,19:52:24 19-Jun-2017,Argos,B,13.4160,144.6540,,,,,,,,,,
166349,166349,UT,20:12:09 19-Jun-2017,Argos,B,13.4160,144.6550,,,,,,,,,,
166349,166349,UT,20:25:33 19-Jun-2017,Argos,B,13.4110,144.6530,,,,,,,,,,
166349,166349,UT,23:45:54 19-Jun-2017,Argos,B,13.4190,144.6550,,,,,,,,,,
166349,166349,UT,05:51:41 20-Jun-2017,Argos,B,13.4250,144.6620,,,,,,,,,,
166349,166349,UT,07:20:28 20-Jun-2017,Argos,B,13.4190,144.6610,,,,,,,,,,
166349,166349,UT,12:25:34 20-Jun-2017,Argos,B,13.4190,144.6630,,,,,,,,,,
166349,166349,UT,16:56:10 20-Jun-2017,Argos,B,13.4160,144.6630,,,,,,,,,,
166349,166349,UT,18:36:46 20-Jun-2017,Argos,B,13.4180,144.6550,,,,,,,,,,
166349,166349,UT,19:20:18 20-Jun-2017,Argos,B,13.4160,144.6540,,,,,,,,,,
166349,166349,UT,19:50:07 20-Jun-2017,Argos,B,13.4150,144.6490,,,,,,,,,,
166349,166349,UT,20:17:20 20-Jun-2017,Argos,B,13.4150,144.6520,,,,,,,,,,
166349,166349,UT,21:48:24 20-Jun-2017,Argos,B,13.4140,144.6510,,,,,,,,,,
166349,166349,UT,00:58:55 21-Jun-2017,Argos,B,13.4130,144.6480,,,,,,,,,,
166349,166349,UT,03:59:52 21-Jun-2017,Argos,B,13.4140,144.6480,,,,,,,,,,
166349,166349,UT,08:31:04 21-Jun-2017,Argos,A,13.4250,144.6790,,,,,,,,,,
166349,166349,UT,09:05:44 21-Jun-2017,Argos,B,13.4070,144.6670,,,,,,,,,,
166349,166349,UT,09:32:19 21-Jun-2017,Argos,B,13.4090,144.6640,,,,,,,,,,
166349,166349,UT,16:36:12 21-Jun-2017,Argos,B,13.4240,144.6910,,,,,,,,,,
166349,166349,UT,20:32:36 21-Jun-2017,Argos,B,13.4270,144.6970,,,,,,,,,,
166349,166349,UT,21:47:29 21-Jun-2017,Argos,B,13.4260,144.6930,,,,,,,,,,
166349,166349,UT,05:31:50 22-Jun-2017,Argos,B,13.4280,144.6940,,,,,,,,,,
166349,166349,UT,07:19:55 22-Jun-2017,Argos,B,13.4260,144.7040,,,,,,,,,,
166349,166349,UT,08:54:21 22-Jun-2017,Argos,B,13.4120,144.6480,,,,,,,,,,
166349,166349,UT,09:03:41 22-Jun-2017,Argos,A,13.4170,144.6420,,,,,,,,,,
166349,166349,UT,09:51:01 22-Jun-2017,Argos,B,13.4150,144.6340,,,,,,,,,,
166349,166349,UT,11:51:45 22-Jun-2017,Argos,B,13.4110,144.6170,,,,,,,,,,
166349,166349,UT,20:00:44 22-Jun-2017,Argos,B,13.4030,144.6460,,,,,,,,,,
166349,166349,UT,20:35:32 22-Jun-2017,Argos,A,13.4110,144.6600,,,,,,,,,,
166349,166349,UT,23:32:40 22-Jun-2017,Argos,B,13.4410,144.6880,,,,,,,,,,
166349,166349,UT,05:20:34 23-Jun-2017,Argos,B,13.4470,144.6890,,,,,,,,,,
166349,166349,UT,07:45:41 23-Jun-2017,Argos,B,13.4180,144.6440,,,,,,,,,,
166349,166349,UT,11:22:42 23-Jun-2017,Argos,B,13.4380,144.6480,,,,,,,,,,
166349,166349,UT,12:20:43 23-Jun-2017,Argos,B,13.4230,144.6520,,,,,,,,,,
166349,166349,UT,17:56:10 23-Jun-2017,Argos,B,13.4110,144.6570,,,,,,,,,,
166349,166349,UT,19:30:47 23-Jun-2017,Argos,B,13.4150,144.6470,,,,,,,,,,
166349,166349,UT,21:05:46 23-Jun-2017,Argos,B,13.4170,144.6480,,,,,,,,,,
166349,166349,UT,21:20:27 23-Jun-2017,Argos,B,13.4170,144.6470,,,,,,,,,,
166349,166349,UT,22:21:00 23-Jun-2017,Argos,B,13.4190,144.6360,,,,,,,,,,
166349,166349,UT,00:00:36 24-Jun-2017,Argos,B,13.4020,144.6560,,,,,,,,,,
166349,166349,UT,00:57:01 24-Jun-2017,Argos,B,13.4000,144.6590,,,,,,,,,,
166349,166349,UT,05:10:41 24-Jun-2017,Argos,B,13.4000,144.6500,,,,,,,,,,
166349,166349,UT,07:20:29 24-Jun-2017,Argos,B,13.3980,144.6490,,,,,,,,,,
166349,166349,UT,08:56:28 24-Jun-2017,Argos,0,13.4150,144.6510,,,,,,,,,,
166349,166349,UT,11:03:32 24-Jun-2017,Argos,B,13.4160,144.6530,,,,,,,,,,
166349,166349,UT,11:59:37 24-Jun-2017,Argos,B,13.4170,144.6520,,,,,,,,,,
166349,166349,UT,18:58:33 24-Jun-2017,Argos,B,13.4220,144.6550,,,,,,,,,,
166349,166349,UT,19:51:37 24-Jun-2017,Argos,B,13.4160,144.6490,,,,,,,,,,
166349,166349,UT,21:03:46 24-Jun-2017,Argos,A,13.4180,144.6480,,,,,,,,,,
166349,166349,UT,21:28:29 24-Jun-2017,Argos,B,13.4180,144.6480,,,,,,,,,,
166349,166349,UT,23:34:11 24-Jun-2017,Argos,B,13.4190,144.6470,,,,,,,,,,
166349,166349,UT,00:36:01 25-Jun-2017,Argos,B,13.4150,144.6470,,,,,,,,,,
166349,166349,UT,06:41:01 25-Jun-2017,Argos,B,13.4090,144.6440,,,,,,,,,,
166349,166349,UT,06:55:56 25-Jun-2017,Argos,B,13.4090,144.6490,,,,,,,,,,
166349,166349,UT,07:25:47 25-Jun-2017,Argos,A,13.4110,144.6490,,,,,,,,,,
166349,166349,UT,08:22:03 25-Jun-2017,Argos,B,13.4120,144.6490,,,,,,,,,,
166349,166349,UT,08:37:17 25-Jun-2017,Argos,B,13.4120,144.6490,,,,,,,,,,
166349,166349,UT,09:02:09 25-Jun-2017,Argos,B,13.4130,144.6490,,,,,,,,,,
166349,166349,UT,10:48:19 25-Jun-2017,Argos,B,13.4150,144.6500,,,,,,,,,,
166349,166349,UT,11:40:58 25-Jun-2017,Argos,B,13.4140,144.6500,,,,,,,,,,
166349,166349,UT,12:23:39 25-Jun-2017,Argos,B,13.4140,144.6500,,,,,,,,,,
166349,166349,UT,17:30:39 25-Jun-2017,Argos,B,13.4160,144.6520,,,,,,,,,,
166349,166349,UT,19:27:50 25-Jun-2017,Argos,B,13.4150,144.6500,,,,,,,,,,
166349,166349,UT,20:08:15 25-Jun-2017,Argos,B,13.4150,144.6530,,,,,,,,,,
166349,166349,UT,20:58:02 25-Jun-2017,Argos,A,13.4140,144.6500,,,,,,,,,,
166349,166349,UT,21:03:13 25-Jun-2017,Argos,A,13.4140,144.6480,,,,,,,,,,
166349,166349,UT,04:48:21 26-Jun-2017,Argos,B,13.4130,144.6470,,,,,,,,,,
166349,166349,UT,08:38:24 26-Jun-2017,Argos,B,13.4120,144.6470,,,,,,,,,,
166349,166349,UT,09:44:23 26-Jun-2017,Argos,B,13.4120,144.6480,,,,,,,,,,
166349,166349,UT,10:27:00 26-Jun-2017,Argos,B,13.4140,144.6500,,,,,,,,,,
166349,166349,UT,17:21:30 26-Jun-2017,Argos,B,13.4180,144.6550,,,,,,,,,,
166349,166349,UT,20:35:53 26-Jun-2017,Argos,2,13.4120,144.6560,,,,,,,,,,
166349,166349,UT,20:44:17 26-Jun-2017,Argos,3,13.4150,144.6490,,,,,,,,,,
166349,166349,UT,20:44:17 26-Jun-2017,Argos,3,13.4150,144.6490,,,,,,,,,,
166349,166349,UT,21:14:35 26-Jun-2017,Argos,B,13.4150,144.6490,,,,,,,,,,
166349,166349,UT,22:55:22 26-Jun-2017,Argos,B,13.3960,144.6430,,,,,,,,,,
166349,166349,UT,04:31:51 27-Jun-2017,Argos,B,13.4570,144.6190,,,,,,,,,,
166349,166349,UT,08:04:30 27-Jun-2017,Argos,B,13.4480,144.6650,,,,,,,,,,
166349,166349,UT,09:34:26 27-Jun-2017,Argos,B,13.4350,144.6680,,,,,,,,,,
166349,166349,UT,17:12:09 27-Jun-2017,Argos,B,13.4100,144.6830,,,,,,,,,,
166349,166349,UT,20:15:02 27-Jun-2017,Argos,B,13.4040,144.6480,,,,,,,,,,
166349,166349,UT,20:32:11 27-Jun-2017,Argos,B,13.4170,144.6350,,,,,,,,,,
166349,166349,UT,22:10:40 27-Jun-2017,Argos,B,13.4020,144.6330,,,,,,,,,,
166349,166349,UT,00:20:23 28-Jun-2017,Argos,B,13.3960,144.6340,,,,,,,,,,
166349,166349,UT,04:19:42 28-Jun-2017,Argos,B,13.4610,144.6150,,,,,,,,,,
166349,166349,UT,06:01:48 28-Jun-2017,Argos,A,13.4240,144.6510,,,,,,,,,,
166349,166349,UT,07:20:24 28-Jun-2017,Argos,B,13.4190,144.6560,,,,,,,,,,
166349,166349,UT,07:34:19 28-Jun-2017,Argos,B,13.4160,144.6540,,,,,,,,,,
166349,166349,UT,07:45:54 28-Jun-2017,Argos,B,13.4150,144.6550,,,,,,,,,,
166349,166349,UT,11:24:03 28-Jun-2017,Argos,B,13.4150,144.6470,,,,,,,,,,
166349,166349,UT,12:16:59 28-Jun-2017,Argos,B,13.4150,144.6480,,,,,,,,,,
166349,166349,UT,13:02:38 28-Jun-2017,Argos,B,13.4080,144.6470,,,,,,,,,,
166349,166349,UT,18:39:55 28-Jun-2017,Argos,B,13.3940,144.6600,,,,,,,,,,
166349,166349,UT,19:46:24 28-Jun-2017,Argos,B,13.3980,144.6600,,,,,,,,,,
166349,166349,UT,20:17:02 28-Jun-2017,Argos,B,13.4050,144.6580,,,,,,,,,,
166349,166349,UT,20:17:31 28-Jun-2017,Argos,B,13.4050,144.6550,,,,,,,,,,
166349,166349,UT,23:59:21 28-Jun-2017,Argos,B,13.4210,144.6570,,,,,,,,,,
166349,166349,UT,05:57:00 29-Jun-2017,Argos,B,13.4140,144.6600,,,,,,,,,,
166349,166349,UT,08:38:59 29-Jun-2017,Argos,B,13.4130,144.6590,,,,,,,,,,
166349,166349,UT,08:38:59 29-Jun-2017,Argos,B,13.4120,144.6560,,,,,,,,,,
166349,166349,UT,11:08:47 29-Jun-2017,Argos,B,13.4130,144.6510,,,,,,,,,,
166349,166349,UT,12:41:03 29-Jun-2017,Argos,B,13.4140,144.6500,,,,,,,,,,
166349,166349,UT,16:48:09 29-Jun-2017,Argos,A,13.4120,144.6530,,,,,,,,,,
166349,166349,UT,21:04:45 29-Jun-2017,Argos,B,13.4110,144.6530,,,,,,,,,,
166349,166349,UT,21:55:13 29-Jun-2017,Argos,B,13.4120,144.6540,,,,,,,,,,
166349,166349,UT,23:34:38 29-Jun-2017,Argos,B,13.4080,144.6520,,,,,,,,,,
166349,166349,UT,05:43:27 30-Jun-2017,Argos,B,13.4000,144.6550,,,,,,,,,,
166349,166349,UT,10:45:55 30-Jun-2017,Argos,B,13.3970,144.6540,,,,,,,,,,
166349,166349,UT,12:18:14 30-Jun-2017,Argos,B,13.3990,144.6550,,,,,,,,,,
166349,166349,UT,19:12:31 30-Jun-2017,Argos,B,13.4080,144.6560,,,,,,,,,,
166349,166349,UT,00:10:07 01-Jul-2017,Argos,B,13.4120,144.6580,,,,,,,,,,
166349,166349,UT,05:28:33 01-Jul-2017,Argos,B,13.4150,144.6480,,,,,,,,,,
166349,166349,UT,07:45:03 01-Jul-2017,Argos,B,13.4160,144.6480,,,,,,,,,,
166349,166349,UT,07:45:03 01-Jul-2017,Argos,B,13.4150,144.6480,,,,,,,,,,
166349,166349,UT,18:04:57 01-Jul-2017,Argos,B,13.4120,144.6440,,,,,,,,,,
166349,166349,UT,20:18:48 01-Jul-2017,Argos,B,13.4140,144.6430,,,,,,,,,,
166349,166349,UT,20:18:48 01-Jul-2017,Argos,B,13.4150,144.6420,,,,,,,,,,
166349,166349,UT,22:56:05 01-Jul-2017,Argos,B,13.4150,144.6410,,,,,,,,,,
166349,166349,UT,05:20:35 02-Jul-2017,Argos,B,13.4040,144.6540,,,,,,,,,,
166349,166349,UT,10:15:18 02-Jul-2017,Argos,B,13.4020,144.6550,,,,,,,,,,
166349,166349,UT,11:41:10 02-Jul-2017,Argos,B,13.4090,144.6620,,,,,,,,,,
166349,166349,UT,17:51:31 02-Jul-2017,Argos,B,13.4190,144.6700,,,,,,,,,,
166349,166349,UT,21:17:05 02-Jul-2017,Argos,B,13.4130,144.6590,,,,,,,,,,
166349,166349,UT,22:33:16 02-Jul-2017,Argos,B,13.4150,144.6560,,,,,,,,,,
166349,166349,UT,00:09:37 03-Jul-2017,Argos,B,13.4170,144.6540,,,,,,,,,,
166349,166349,UT,08:19:20 03-Jul-2017,Argos,B,13.4170,144.6550,,,,,,,,,,
166349,166349,UT,13:02:38 03-Jul-2017,Argos,B,13.4180,144.6490,,,,,,,,,,
166349,166349,UT,17:39:53 03-Jul-2017,Argos,B,13.4180,144.6490,,,,,,,,,,
166349,166349,UT,19:22:49 03-Jul-2017,Argos,B,13.4060,144.6340,,,,,,,,,,
166349,166349,UT,19:22:49 03-Jul-2017,Argos,B,13.4030,144.6410,,,,,,,,,,
166349,166349,UT,21:04:55 03-Jul-2017,Argos,B,13.4060,144.6400,,,,,,,,,,
166349,166349,UT,21:04:55 03-Jul-2017,Argos,B,13.4080,144.6420,,,,,,,,,,
166349,166349,UT,23:49:16 03-Jul-2017,Argos,B,13.3900,144.6410,,,,,,,,,,Lat > 4 deviations from mean
166349,166349,UT,04:55:19 04-Jul-2017,Argos,B,13.4010,144.6360,,,,,,,,,,
166349,166349,UT,09:23:48 04-Jul-2017,Argos,B,13.4130,144.6360,,,,,,,,,,
166349,166349,UT,17:29:53 04-Jul-2017,Argos,B,13.4100,144.6350,,,,,,,,,,
166349,166349,UT,18:49:17 04-Jul-2017,Argos,B,13.4100,144.6380,,,,,,,,,,
166349,166349,UT,19:11:58 04-Jul-2017,Argos,B,13.4130,144.6410,,,,,,,,,,
166349,166349,UT,20:40:58 04-Jul-2017,Argos,B,13.4140,144.6410,,,,,,,,,,
166349,166349,UT,20:51:47 04-Jul-2017,Argos,B,13.4130,144.6460,,,,,,,,,,
166349,166349,UT,23:36:04 04-Jul-2017,Argos,B,13.4130,144.6440,,,,,,,,,,
166349,166349,UT,04:44:20 05-Jul-2017,Argos,B,13.4110,144.6370,,,,,,,,,,
166349,166349,UT,07:18:11 05-Jul-2017,Argos,B,13.4140,144.6370,,,,,,,,,,
166349,166349,UT,07:42:32 05-Jul-2017,Argos,B,13.4180,144.6380,,,,,,,,,,
166349,166349,UT,09:39:01 05-Jul-2017,Argos,B,13.4120,144.6400,,,,,,,,,,
166349,166349,UT,11:33:20 05-Jul-2017,Argos,B,13.4130,144.6410,,,,,,,,,,
166349,166349,UT,17:21:52 05-Jul-2017,Argos,A,13.4160,144.6480,,,,,,,,,,
166349,166349,UT,19:55:30 05-Jul-2017,Argos,B,13.4150,144.6490,,,,,,,,,,
166349,166349,UT,20:19:42 05-Jul-2017,Argos,B,13.4150,144.6490,,,,,,,,,,
166349,166349,UT,20:41:09 05-Jul-2017,Argos,B,13.4130,144.6490,,,,,,,,,,
166349,166349,UT,21:53:36 05-Jul-2017,Argos,B,13.4130,144.6500,,,,,,,,,,
166349,166349,UT,23:10:27 05-Jul-2017,Argos,B,13.4040,144.6430,,,,,,,,,,
166349,166349,UT,00:54:30 06-Jul-2017,Argos,B,13.4000,144.6400,,,,,,,,,,
166349,166349,UT,07:22:29 06-Jul-2017,Argos,B,13.4070,144.6380,,,,,,,,,,
166349,166349,UT,08:25:58 06-Jul-2017,Argos,B,13.4050,144.6320,,,,,,,,,,
166349,166349,UT,09:30:33 06-Jul-2017,Argos,B,13.4080,144.6310,,,,,,,,,,
166349,166349,UT,10:21:51 06-Jul-2017,Argos,B,13.4080,144.6300,,,,,,,,,,
166349,166349,UT,11:59:10 06-Jul-2017,Argos,B,13.4110,144.6290,,,,,,,,,,
166349,166349,UT,17:09:09 06-Jul-2017,Argos,B,13.4130,144.6250,,,,,,,,,,
166349,166349,UT,19:48:57 06-Jul-2017,Argos,B,13.4170,144.6370,,,,,,,,,,
166349,166349,UT,22:08:02 06-Jul-2017,Argos,B,13.4110,144.6470,,,,,,,,,,
166349,166349,UT,00:35:50 07-Jul-2017,Argos,B,13.4120,144.6520,,,,,,,,,,
166349,166349,UT,04:23:16 07-Jul-2017,Argos,B,13.4130,144.6490,,,,,,,,,,
166349,166349,UT,05:59:46 07-Jul-2017,Argos,B,13.4220,144.6450,,,,,,,,,,
166349,166349,UT,07:55:18 07-Jul-2017,Argos,B,13.4230,144.6410,,,,,,,,,,
166349,166349,UT,08:31:04 07-Jul-2017,Argos,B,13.4230,144.6420,,,,,,,,,,
166349,166349,UT,11:35:01 07-Jul-2017,Argos,B,13.4270,144.6410,,,,,,,,,,
166349,166349,UT,16:56:18 07-Jul-2017,Argos,B,13.4150,144.6450,,,,,,,,,,
166349,166349,UT,18:53:46 07-Jul-2017,Argos,B,13.4140,144.6450,,,,,,,,,,
166349,166349,UT,20:14:46 07-Jul-2017,Argos,B,13.4120,144.6450,,,,,,,,,,
166349,166349,UT,20:30:11 07-Jul-2017,Argos,B,13.4140,144.6470,,,,,,,,,,
166349,166349,UT,21:02:00 07-Jul-2017,Argos,B,13.4140,144.6470,,,,,,,,,,
166349,166349,UT,21:55:32 07-Jul-2017,Argos,B,13.4150,144.6480,,,,,,,,,,
166349,166349,UT,04:10:52 08-Jul-2017,Argos,B,13.4080,144.6260,,,,,,,,,,
166349,166349,UT,16:43:21 08-Jul-2017,Argos,B,13.3980,144.6200,,,,,,,,,,
166349,166349,UT,18:23:51 08-Jul-2017,Argos,B,13.3980,144.6380,,,,,,,,,,
166349,166349,UT,20:44:12 08-Jul-2017,Argos,B,13.4120,144.6510,,,,,,,,,,
166349,166349,UT,23:54:21 08-Jul-2017,Argos,B,13.4140,144.6570,,,,,,,,,,
166349,166349,UT,05:45:25 09-Jul-2017,Argos,B,13.4210,144.6700,,,,,,,,,,
166349,166349,UT,10:59:32 09-Jul-2017,Argos,B,13.4110,144.6690,,,,,,,,,,
166349,166349,UT,11:49:32 09-Jul-2017,Argos,B,13.4130,144.6630,,,,,,,,,,
166349,166349,UT,18:15:05 09-Jul-2017,Argos,B,13.4120,144.6520,,,,,,,,,,
166349,166349,UT,23:26:31 09-Jul-2017,Argos,B,13.4130,144.6540,,,,,,,,,,
166349,166349,UT,07:21:20 10-Jul-2017,Argos,B,13.4130,144.6530,,,,,,,,,,
166349,166349,UT,08:57:27 10-Jul-2017,Argos,B,13.4130,144.6530,,,,,,,,,,
166349,166349,UT,10:37:53 10-Jul-2017,Argos,B,13.4120,144.6520,,,,,,,,,,
166349,166349,UT,19:01:07 10-Jul-2017,Argos,B,13.4110,144.6510,,,,,,,,,,
166349,166349,UT,20:39:57 10-Jul-2017,Argos,B,13.4120,144.6510,,,,,,,,,,
166349,166349,UT,21:18:23 10-Jul-2017,Argos,B,13.4130,144.6500,,,,,,,,,,
166349,166349,UT,23:05:16 10-Jul-2017,Argos,B,13.3770,144.6440,,,,,,,,,,
166349,166349,UT,00:05:56 11-Jul-2017,Argos,B,13.3720,144.6420,,,,,,,,,,
166349,166349,UT,00:47:35 11-Jul-2017,Argos,B,13.3760,144.6520,,,,,,,,,,
166349,166349,UT,05:19:15 11-Jul-2017,Argos,B,13.3820,144.6570,,,,,,,,,,
166349,166349,UT,11:53:26 11-Jul-2017,Argos,B,13.3880,144.6570,,,,,,,,,,
166349,166349,UT,16:11:28 11-Jul-2017,Argos,B,13.4060,144.6540,,,,,,,,,,
166349,166349,UT,17:51:41 11-Jul-2017,Argos,B,13.4130,144.6560,,,,,,,,,,
166349,166349,UT,20:09:30 11-Jul-2017,Argos,A,13.4140,144.6540,,,,,,,,,,
166349,166349,UT,22:44:38 11-Jul-2017,Argos,B,13.4110,144.6490,,,,,,,,,,
166349,166349,UT,08:09:52 12-Jul-2017,Argos,B,13.4150,144.6520,,,,,,,,,,
166349,166349,UT,08:17:21 12-Jul-2017,Argos,B,13.4140,144.6500,,,,,,,,,,
166349,166349,UT,17:38:49 12-Jul-2017,Argos,B,13.4150,144.6520,,,,,,,,,,
166349,166349,UT,19:39:21 12-Jul-2017,Argos,B,13.4140,144.6510,,,,,,,,,,
166349,166349,UT,20:36:26 12-Jul-2017,Argos,B,13.4150,144.6510,,,,,,,,,,
166349,166349,UT,20:57:10 12-Jul-2017,Argos,B,13.4140,144.6510,,,,,,,,,,
166349,166349,UT,00:11:38 13-Jul-2017,Argos,B,13.4160,144.6510,,,,,,,,,,
166349,166349,UT,04:50:52 13-Jul-2017,Argos,B,13.4140,144.6510,,,,,,,,,,
166349,166349,UT,07:45:51 13-Jul-2017,Argos,B,13.4140,144.6510,,,,,,,,,,
166349,166349,UT,08:03:02 13-Jul-2017,Argos,B,13.4140,144.6510,,,,,,,,,,
166349,166349,UT,11:15:22 13-Jul-2017,Argos,B,13.4140,144.6510,,,,,,,,,,
166349,166349,UT,12:08:13 13-Jul-2017,Argos,B,13.4140,144.6510,,,,,,,,,,
166349,166349,UT,19:07:33 13-Jul-2017,Argos,B,13.4140,144.6500,,,,,,,,,,
166349,166349,UT,20:21:20 13-Jul-2017,Argos,B,13.4160,144.6500,,,,,,,,,,
166349,166349,UT,20:48:17 13-Jul-2017,Argos,B,13.4160,144.6500,,,,,,,,,,
166349,166349,UT,23:49:23 13-Jul-2017,Argos,B,13.4150,144.6460,,,,,,,,,,
166349,166349,UT,01:27:42 14-Jul-2017,Argos,B,13.4150,144.6450,,,,,,,,,,
166349,166349,UT,04:40:10 14-Jul-2017,Argos,B,13.4260,144.6150,,,,,,,,,,
166349,166349,UT,08:55:34 14-Jul-2017,Argos,B,13.4320,144.6040,,,,,,,,,,
166349,166349,UT,09:11:56 14-Jul-2017,Argos,B,13.4270,144.6080,,,,,,,,,,
166349,166349,UT,10:53:03 14-Jul-2017,Argos,B,13.4250,144.6020,,,,,,,,,,
166349,166349,UT,11:46:03 14-Jul-2017,Argos,B,13.4240,144.6070,,,,,,,,,,
166349,166349,UT,12:32:24 14-Jul-2017,Argos,B,13.4230,144.6050,,,,,,,,,,
166349,166349,UT,20:32:11 14-Jul-2017,Argos,B,13.4150,144.6230,,,,,,,,,,
166349,166349,UT,23:30:49 14-Jul-2017,Argos,B,13.4140,144.6400,,,,,,,,,,
166349,166349,UT,04:32:18 15-Jul-2017,Argos,B,13.3810,144.6190,,,,,,,,,,
166349,166349,UT,06:09:27 15-Jul-2017,Argos,B,13.4100,144.6640,,,,,,,,,,Rate of Travel: 1.0 m/s
166349,166349,UT,08:42:46 15-Jul-2017,Argos,A,13.4150,144.6490,,,,,,,,,,
166349,166349,UT,09:21:59 15-Jul-2017,Argos,B,13.4170,144.6510,,,,,,,,,,
166349,166349,UT,10:28:41 15-Jul-2017,Argos,B,13.4160,144.6500,,,,,,,,,,
166349,166349,UT,18:46:28 15-Jul-2017,Argos,B,13.4140,144.6500,,,,,,,,,,
166349,166349,UT,20:24:52 15-Jul-2017,Argos,B,13.4170,144.6580,,,,,,,,,,
166349,166349,UT,23:09:44 15-Jul-2017,Argos,B,13.4190,144.6620,,,,,,,,,,
166349,166349,UT,00:40:51 16-Jul-2017,Argos,B,13.3980,144.6400,,,,,,,,,,
166349,166349,UT,08:12:19 16-Jul-2017,Argos,B,13.3870,144.6060,,,,,,,,,,
166349,166349,UT,16:56:19 16-Jul-2017,Argos,B,13.4000,144.6280,,,,,,,,,,
166349,166349,UT,18:32:28 16-Jul-2017,Argos,B,13.4050,144.6310,,,,,,,,,,
166349,166349,UT,19:11:44 16-Jul-2017,Argos,B,13.4130,144.6340,,,,,,,,,,
166349,166349,UT,21:49:05 16-Jul-2017,Argos,B,13.3850,144.5960,,,,,,,,,,
166349,166349,UT,22:43:40 16-Jul-2017,Argos,B,13.3850,144.5920,,,,,,,,,,
166349,166349,UT,00:19:21 17-Jul-2017,Argos,B,13.3860,144.5860,,,,,,,,,,
166349,166349,UT,09:15:45 17-Jul-2017,Argos,B,13.3980,144.5750,,,,,,,,,,
166349,166349,UT,09:23:13 17-Jul-2017,Argos,B,13.4300,144.6180,,,,,,,,,,
166349,166349,UT,11:25:44 17-Jul-2017,Argos,B,13.4200,144.6280,,,,,,,,,,
166349,166349,UT,18:23:11 17-Jul-2017,Argos,B,13.4240,144.6270,,,,,,,,,,
166349,166349,UT,20:19:05 17-Jul-2017,Argos,B,13.4220,144.6290,,,,,,,,,,
166349,166349,UT,20:20:33 17-Jul-2017,Argos,B,13.4130,144.6380,,,,,,,,,,
166349,166349,UT,00:04:22 18-Jul-2017,Argos,B,13.4140,144.6340,,,,,,,,,,
166349,166349,UT,05:31:22 18-Jul-2017,Argos,B,13.4130,144.6300,,,,,,,,,,
166349,166349,UT,08:49:16 18-Jul-2017,Argos,B,13.4140,144.6530,,,,,,,,,,
166349,166349,UT,08:52:16 18-Jul-2017,Argos,B,13.4140,144.6530,,,,,,,,,,
166349,166349,UT,08:59:17 18-Jul-2017,Argos,B,13.4140,144.6530,,,,,,,,,,
166349,166349,UT,18:13:10 18-Jul-2017,Argos,B,13.4130,144.6530,,,,,,,,,,
166349,166349,UT,19:51:30 18-Jul-2017,Argos,B,13.4140,144.6520,,,,,,,,,,
166349,166349,UT,19:51:30 18-Jul-2017,Argos,B,13.4140,144.6530,,,,,,,,,,
166349,166349,UT,21:30:28 18-Jul-2017,Argos,B,13.4150,144.6530,,,,,,,,,,
166349,166349,UT,21:30:51 18-Jul-2017,Argos,B,13.4190,144.6550,,,,,,,,,,
166349,166349,UT,05:19:35 19-Jul-2017,Argos,B,13.4190,144.6550,,,,,,,,,,
166349,166349,UT,10:53:29 19-Jul-2017,Argos,B,13.4190,144.6550,,,,,,,,,,
166349,166349,UT,18:05:43 19-Jul-2017,Argos,B,13.4180,144.6540,,,,,,,,,,
166349,166349,UT,19:25:13 19-Jul-2017,Argos,B,13.4150,144.6550,,,,,,,,,,
166349,166349,UT,20:58:28 19-Jul-2017,Argos,B,13.4180,144.6570,,,,,,,,,,
166349,166349,UT,21:08:04 19-Jul-2017,Argos,B,13.4170,144.6560,,,,,,,,,,
166349,166349,UT,21:19:39 19-Jul-2017,Argos,B,13.4140,144.6510,,,,,,,,,,
166349,166349,UT,23:18:49 19-Jul-2017,Argos,B,13.4130,144.6530,,,,,,,,,,
166349,166349,UT,05:12:32 20-Jul-2017,Argos,B,13.4120,144.6530,,,,,,,,,,
166349,166349,UT,08:30:51 20-Jul-2017,Argos,B,13.4120,144.6560,,,,,,,,,,
166349,166349,UT,10:08:17 20-Jul-2017,Argos,B,13.4120,144.6570,,,,,,,,,,
166349,166349,UT,12:07:38 20-Jul-2017,Argos,B,13.4130,144.6560,,,,,,,,,,
166349,166349,UT,17:50:31 20-Jul-2017,Argos,B,13.4140,144.6560,,,,,,,,,,
166349,166349,UT,20:41:49 20-Jul-2017,Argos,B,13.4150,144.6570,,,,,,,,,,
166349,166349,UT,21:12:01 20-Jul-2017,Argos,B,13.4150,144.6580,,,,,,,,,,
166349,166349,UT,23:55:11 20-Jul-2017,Argos,B,13.4110,144.6590,,,,,,,,,,
166349,166349,UT,05:03:30 21-Jul-2017,Argos,B,13.4090,144.6550,,,,,,,,,,
166349,166349,UT,07:46:33 21-Jul-2017,Argos,B,13.4070,144.6570,,,,,,,,,,
166349,166349,UT,11:44:45 21-Jul-2017,Argos,B,13.4060,144.6580,,,,,,,,,,
166349,166349,UT,17:40:44 21-Jul-2017,Argos,B,13.4080,144.6600,,,,,,,,,,
166349,166349,UT,19:56:14 21-Jul-2017,Argos,B,13.4160,144.6500,,,,,,,,,,
166349,166349,UT,20:14:40 21-Jul-2017,Argos,B,13.4150,144.6480,,,,,,,,,,
166349,166349,UT,04:50:34 22-Jul-2017,Argos,B,13.4100,144.6360,,,,,,,,,,
166349,166349,UT,11:24:47 22-Jul-2017,Argos,B,13.4120,144.6300,,,,,,,,,,
166349,166349,UT,17:21:43 22-Jul-2017,Argos,B,13.4120,144.6590,,,,,,,,,,
166349,166349,UT,19:25:11 22-Jul-2017,Argos,B,13.4200,144.6550,,,,,,,,,,
166349,166349,UT,04:35:00 23-Jul-2017,Argos,B,13.4280,144.6520,,,,,,,,,,
166349,166349,UT,17:20:03 23-Jul-2017,Argos,B,13.4170,144.6450,,,,,,,,,,
166349,166349,UT,12:25:27 24-Jul-2017,Argos,B,13.4140,144.6470,,,,,,,,,,
166349,166349,UT,20:05:33 24-Jul-2017,Argos,B,13.4150,144.6490,,,,,,,,,,
166349,166349,UT,04:15:04 25-Jul-2017,Argos,B,13.4200,144.6320,,,,,,,,,,
166349,166349,UT,05:59:17 25-Jul-2017,Argos,B,13.4200,144.6310,,,,,,,,,,
166349,166349,UT,19:30:31 25-Jul-2017,Argos,B,13.4190,144.6310,,,,,,,,,,
166349,166349,UT,09:01:08 26-Jul-2017,Argos,B,13.4070,144.6350,,,,,,,,,,
166349,166349,UT,09:01:08 26-Jul-2017,Argos,B,13.4100,144.6420,,,,,,,,,,
166349,166349,UT,20:40:02 26-Jul-2017,Argos,B,13.4070,144.6430,,,,,,,,,,
166349,166349,UT,21:39:25 26-Jul-2017,Argos,B,13.4130,144.6460,,,,,,,,,,
166349,166349,UT,23:28:41 02-Aug-2017,Argos,B,13.3930,144.6450,,,,,,,,,,
166349,166349,UT,05:51:23 03-Aug-2017,Argos,B,13.4110,144.6530,,,,,,,,,,
166349,166349,UT,07:23:08 03-Aug-2017,Argos,B,13.4130,144.6520,,,,,,,,,,
166349,166349,UT,08:59:16 03-Aug-2017,Argos,B,13.4140,144.6510,,,,,,,,,,
166349,166349,UT,11:36:09 03-Aug-2017,Argos,B,13.4180,144.6510,,,,,,,,,,
166349,166349,UT,12:21:37 03-Aug-2017,Argos,B,13.4160,144.6490,,,,,,,,,,
166349,166349,UT,21:45:32 03-Aug-2017,Argos,B,13.4160,144.6420,,,,,,,,,,
166349,166349,UT,05:39:46 04-Aug-2017,Argos,B,13.4130,144.6470,,,,,,,,,,
166349,166349,UT,08:21:10 04-Aug-2017,Argos,B,13.4160,144.6430,,,,,,,,,,
166349,166349,UT,10:17:44 04-Aug-2017,Argos,B,13.4170,144.6420,,,,,,,,,,
166349,166349,UT,18:20:57 04-Aug-2017,Argos,B,13.4130,144.6470,,,,,,,,,,
166349,166349,UT,00:37:18 05-Aug-2017,Argos,B,13.4150,144.6430,,,,,,,,,,
166349,166349,UT,08:09:28 05-Aug-2017,Argos,B,13.4150,144.6440,,,,,,,,,,
166349,166349,UT,08:41:28 05-Aug-2017,Argos,B,13.4150,144.6420,,,,,,,,,,
166349,166349,UT,11:37:17 05-Aug-2017,Argos,B,13.4140,144.6440,,,,,,,,,,
166349,166349,UT,21:25:31 05-Aug-2017,Argos,B,13.4140,144.6400,,,,,,,,,,
166349,166349,UT,11:15:16 06-Aug-2017,Argos,B,13.4160,144.6380,,,,,,,,,,
166349,166349,UT,05:10:31 07-Aug-2017,Argos,B,13.4100,144.6530,,,,,,,,,,
166349,166349,UT,08:20:59 07-Aug-2017,Argos,B,13.4090,144.6530,,,,,,,,,,
166349,166349,UT,05:50:20 12-Aug-2017,Argos,B,13.4130,144.6480,,,,,,,,,,
166349,166349,UT,09:02:08 12-Aug-2017,Argos,B,13.4130,144.6480,,,,,,,,,,
166349,166349,UT,10:49:21 12-Aug-2017,Argos,B,13.4130,144.6480,,,,,,,,,,
166349,166349,UT,12:31:08 12-Aug-2017,Argos,B,13.4130,144.6490,,,,,,,,,,
166349,166349,UT,19:22:20 12-Aug-2017,Argos,B,13.4100,144.6510,,,,,,,,,,
166349,166349,UT,21:43:44 12-Aug-2017,Argos,A,13.4180,144.6610,,,,,,,,,,
166349,166349,UT,23:23:49 12-Aug-2017,Argos,B,13.4200,144.6630,,,,,,,,,,
166349,166349,UT,01:03:29 13-Aug-2017,Argos,B,13.4210,144.6600,,,,,,,,,,
166349,166349,UT,08:50:30 13-Aug-2017,Argos,B,13.4140,144.6600,,,,,,,,,,
166349,166349,UT,23:05:36 13-Aug-2017,Argos,B,13.4170,144.6430,,,,,,,,,,
166349,166349,UT,00:02:17 14-Aug-2017,Argos,B,13.4160,144.6620,,,,,,,,,,
166349,166349,UT,00:46:34 14-Aug-2017,Argos,B,13.4130,144.6600,,,,,,,,,,
166349,166349,UT,07:49:36 14-Aug-2017,Argos,B,13.4150,144.6620,,,,,,,,,,
166349,166349,UT,10:11:39 14-Aug-2017,Argos,B,13.4130,144.6590,,,,,,,,,,
166349,166349,UT,16:23:34 14-Aug-2017,Argos,A,13.4030,144.6400,,,,,,,,,,
166349,166349,UT,19:13:03 14-Aug-2017,Argos,B,13.4030,144.6370,,,,,,,,,,
166349,166349,UT,22:42:18 14-Aug-2017,Argos,B,13.4010,144.6310,,,,,,,,,,
166349,166349,UT,23:35:08 14-Aug-2017,Argos,B,13.4000,144.6300,,,,,,,,,,
166349,166349,UT,00:29:29 15-Aug-2017,Argos,B,13.4000,144.6290,,,,,,,,,,
166349,166349,UT,05:15:17 15-Aug-2017,Argos,B,13.4030,144.6280,,,,,,,,,,
166349,166349,UT,07:17:49 15-Aug-2017,Argos,B,13.4040,144.6280,,,,,,,,,,
166349,166349,UT,07:33:54 15-Aug-2017,Argos,B,13.4090,144.6310,,,,,,,,,,
166349,166349,UT,08:29:09 15-Aug-2017,Argos,B,13.4080,144.6310,,,,,,,,,,
166349,166349,UT,08:59:31 15-Aug-2017,Argos,A,13.4140,144.6570,,,,,,,,,,
166349,166349,UT,11:30:47 15-Aug-2017,Argos,B,13.4200,144.6950,,,,,,,,,,
166349,166349,UT,17:50:22 15-Aug-2017,Argos,A,13.4010,144.7030,,,,,,,,,,
166349,166349,UT,19:48:48 15-Aug-2017,Argos,B,13.4100,144.7260,,,,,,,,,,
166349,166349,UT,22:22:01 15-Aug-2017,Argos,B,13.4110,144.7390,,,,,,,,,,
166349,166349,UT,00:09:42 16-Aug-2017,Argos,B,13.4130,144.7440,,,,,,,,,,
166349,166349,UT,05:02:52 16-Aug-2017,Argos,B,13.4390,144.7200,,,,,,,,,,Lat > 4 deviations from mean
166349,166349,UT,09:57:11 16-Aug-2017,Argos,B,13.4090,144.6550,,,,,,,,,,
166349,166349,UT,12:03:07 16-Aug-2017,Argos,B,13.4130,144.6550,,,,,,,,,,
166349,166349,UT,04:50:25 17-Aug-2017,Argos,B,13.4080,144.6510,,,,,,,,,,
166349,166349,UT,09:47:53 17-Aug-2017,Argos,B,13.4180,144.6560,,,,,,,,,,
166349,166349,UT,17:28:29 17-Aug-2017,Argos,B,13.4150,144.6600,,,,,,,,,,
166349,166349,UT,23:25:30 17-Aug-2017,Argos,B,13.4210,144.6550,,,,,,,,,,
166349,166349,UT,20:11:49 18-Aug-2017,Argos,B,13.4340,144.6590,,,,,,,,,,Lat > 4 deviations from mean
166349,166349,UT,20:23:20 18-Aug-2017,Argos,A,13.4130,144.6470,,,,,,,,,,
166349,166349,UT,04:31:03 19-Aug-2017,Argos,B,13.4130,144.6480,,,,,,,,,,
166349,166349,UT,08:49:11 19-Aug-2017,Argos,B,13.4140,144.6480,,,,,,,,,,
166349,166349,UT,17:04:51 19-Aug-2017,Argos,B,13.4160,144.6500,,,,,,,,,,
166349,166349,UT,19:49:25 19-Aug-2017,Argos,B,13.4140,144.6490,,,,,,,,,,
166349,166349,UT,19:49:25 19-Aug-2017,Argos,B,13.4150,144.6500,,,,,,,,,,
166349,166349,UT,04:16:17 20-Aug-2017,Argos,B,13.4150,144.6500,,,,,,,,,,
166349,166349,UT,05:59:05 20-Aug-2017,Argos,B,13.4160,144.6590,,,,,,,,,,
166349,166349,UT,08:16:26 20-Aug-2017,Argos,B,13.4160,144.6630,,,,,,,,,,
166349,166349,UT,09:05:28 20-Aug-2017,Argos,B,13.4170,144.6620,,,,,,,,,,
166349,166349,UT,11:24:56 20-Aug-2017,Argos,B,13.4160,144.6650,,,,,,,,,,
166349,166349,UT,00:00:45 21-Aug-2017,Argos,B,13.4060,144.6800,,,,,,,,,,
166349,166349,UT,05:46:33 21-Aug-2017,Argos,B,13.4110,144.6670,,,,,,,,,,
166349,166349,UT,09:28:02 21-Aug-2017,Argos,B,13.4120,144.6730,,,,,,,,,,
166349,166349,UT,20:28:16 21-Aug-2017,Argos,B,13.4210,144.6770,,,,,,,,,,
166349,166349,UT,23:33:30 26-Aug-2017,Argos,B,13.3990,144.6680,,,,,,,,,,
166349,166349,UT,08:58:23 27-Aug-2017,Argos,B,13.4040,144.6340,,,,,,,,,,
166349,166349,UT,04:48:15 13-Sep-2017,Argos,B,13.3990,144.6450,,,,,,,,,,
166349,166349,UT,00:04:07 14-Sep-2017,Argos,B,13.4160,144.6510,,,,,,,,,,
166349,166349,UT,21:59:11 14-Sep-2017,Argos,B,13.4140,144.6510,,,,,,,,,,
166349,166349,UT,23:20:21 15-Sep-2017,Argos,B,13.4100,144.6340,,,,,,,,,,
166349,166349,UT,04:09:29 16-Sep-2017,Argos,B,13.4100,144.6340,,,,,,,,,,
166349,166349,UT,05:48:22 16-Sep-2017,Argos,B,13.4100,144.6350,,,,,,,,,,
166349,166349,UT,07:37:32 16-Sep-2017,Argos,B,13.4120,144.6350,,,,,,,,,,
166349,166349,UT,09:18:17 16-Sep-2017,Argos,B,13.4120,144.6350,,,,,,,,,,
166349,166349,UT,18:30:06 16-Sep-2017,Argos,B,13.4120,144.6370,,,,,,,,,,
166349,166349,UT,05:40:28 17-Sep-2017,Argos,B,13.4120,144.6360,,,,,,,,,,
166349,166349,UT,08:33:41 17-Sep-2017,Argos,B,13.4130,144.6370,,,,,,,,,,
166349,166349,UT,22:38:07 17-Sep-2017,Argos,B,13.4110,144.6400,,,,,,,,,,
166349,166349,UT,00:18:39 18-Sep-2017,Argos,B,13.4060,144.6500,,,,,,,,,,
166349,166349,UT,23:59:13 18-Sep-2017,Argos,B,13.4030,144.6900,,,,,,,,,,Lon > 4 deviations from mean
166349,166349,UT,05:18:38 19-Sep-2017,Argos,B,13.4120,144.6470,,,,,,,,,,
166349,166349,UT,07:44:40 19-Sep-2017,Argos,B,13.4130,144.6470,,,,,,,,,,
166349,166349,UT,07:44:40 19-Sep-2017,Argos,B,13.4140,144.6490,,,,,,,,,,
166349,166349,UT,22:44:43 19-Sep-2017,Argos,B,13.4100,144.6510,,,,,,,,,,
166349,166349,UT,19:53:54 20-Sep-2017,Argos,B,13.4130,144.6510,,,,,,,,,,
166349,166349,UT,23:12:53 20-Sep-2017,Argos,B,13.4130,144.6510,,,,,,,,,,
166349,166349,UT,06:29:39 21-Sep-2017,Argos,B,13.4130,144.6540,,,,,,,,,,
166349,166349,UT,08:22:53 21-Sep-2017,Argos,B,13.4130,144.6550,,,,,,,,,,
166349,166349,UT,08:32:28 21-Sep-2017,Argos,B,13.4160,144.6450,,,,,,,,,,
166349,166349,UT,05:58:40 24-Sep-2017,Argos,B,13.4120,144.6470,,,,,,,,,,
166349,166349,UT,12:40:43 24-Sep-2017,Argos,B,13.4130,144.6470,,,,,,,,,,
166349,166349,UT,23:30:21 24-Sep-2017,Argos,B,13.4120,144.6490,,,,,,,,,,
166349,166349,UT,05:45:53 25-Sep-2017,Argos,B,13.4110,144.6510,,,,,,,,,,
166349,166349,UT,20:37:45 25-Sep-2017,Argos,B,13.4130,144.6500,,,,,,,,,,
166349,166349,UT,00:52:11 26-Sep-2017,Argos,B,13.4120,144.6500,,,,,,,,,,
166349,166349,UT,05:30:39 26-Sep-2017,Argos,B,13.4120,144.6480,,,,,,,,,,
166349,166349,UT,18:11:52 26-Sep-2017,Argos,B,13.4130,144.6490,,,,,,,,,,
166349,166349,UT,21:20:09 26-Sep-2017,Argos,B,13.4120,144.6470,,,,,,,,,,
166349,166349,UT,05:21:40 27-Sep-2017,Argos,B,13.4120,144.6450,,,,,,,,,,
166349,166349,UT,22:32:55 27-Sep-2017,Argos,B,13.4150,144.6240,,,,,,,,,,
166349,166349,UT,00:09:59 28-Sep-2017,Argos,B,13.4120,144.6250,,,,,,,,,,
166349,166349,UT,08:04:52 28-Sep-2017,Argos,B,13.4180,144.6260,,,,,,,,,,
166349,166349,UT,08:56:19 28-Sep-2017,Argos,B,13.4180,144.6260,,,,,,,,,,
166349,166349,UT,20:56:42 28-Sep-2017,Argos,B,13.4100,144.6250,,,,,,,,,,
166349,166349,UT,23:50:06 28-Sep-2017,Argos,B,13.4100,144.6280,,,,,,,,,,
166349,166349,UT,20:11:37 29-Sep-2017,Argos,B,13.4070,144.6270,,,,,,,,,,
166349,166349,UT,23:33:41 29-Sep-2017,Argos,B,13.4140,144.6380,,,,,,,,,,Rate of Travel: 0.1 m/s
166349,166349,UT,04:47:13 30-Sep-2017,Argos,B,13.4160,144.6430,,,,,,,,,,
166349,166349,UT,09:32:52 30-Sep-2017,Argos,B,13.4170,144.6460,,,,,,,,,,
166349,166349,UT,19:45:25 30-Sep-2017,Argos,B,13.4200,144.6540,,,,,,,,,,
166349,166349,UT,22:13:28 30-Sep-2017,Argos,B,13.4140,144.6510,,,,,,,,,,
166349,166349,UT,23:13:37 30-Sep-2017,Argos,B,13.4140,144.6520,,,,,,,,,,
166349,166349,UT,08:10:01 01-Oct-2017,Argos,B,13.4160,144.6510,,,,,,,,,,
166349,166349,UT,09:25:29 01-Oct-2017,Argos,B,13.4150,144.6520,,,,,,,,,,
166349,166349,UT,22:50:16 01-Oct-2017,Argos,B,13.4120,144.6450,,,,,,,,,,
166349,166349,UT,00:29:43 02-Oct-2017,Argos,B,13.4130,144.6460,,,,,,,,,,
166349,166349,UT,07:17:37 02-Oct-2017,Argos,B,13.4140,144.6460,,,,,,,,,,
166349,166349,UT,07:36:16 02-Oct-2017,Argos,B,13.4130,144.6470,,,,,,,,,,
166349,166349,UT,08:57:32 02-Oct-2017,Argos,B,13.4120,144.6470,,,,,,,,,,
166349,166349,UT,09:17:15 02-Oct-2017,Argos,B,13.4130,144.6480,,,,,,,,,,
166349,166349,UT,04:15:41 03-Oct-2017,Argos,B,13.4140,144.6540,,,,,,,,,,
166349,166349,UT,08:35:08 03-Oct-2017,Argos,B,13.4140,144.6510,,,,,,,,,,
166349,166349,UT,09:01:59 03-Oct-2017,Argos,B,13.4140,144.6510,,,,,,,,,,
166349,166349,UT,05:41:14 04-Oct-2017,Argos,B,13.4140,144.6590,,,,,,,,,,
166349,166349,UT,10:56:15 04-Oct-2017,Argos,B,13.4200,144.6540,,,,,,,,,,
166349,166349,UT,18:23:32 04-Oct-2017,Argos,B,13.4150,144.6520,,,,,,,,,,
166349,166349,UT,23:23:49 04-Oct-2017,Argos,B,13.4160,144.6540,,,,,,,,,,
166349,166349,UT,01:11:09 05-Oct-2017,Argos,B,13.4140,144.6530,,,,,,,,,,
166349,166349,UT,23:05:49 05-Oct-2017,Argos,B,13.4020,144.6160,,,,,,,,,,
166349,166349,UT,05:18:30 06-Oct-2017,Argos,B,13.4270,144.6060,,,,,,,,,,
166349,166349,UT,08:53:53 06-Oct-2017,Argos,B,13.4250,144.6010,,,,,,,,,,
166349,166349,UT,19:57:48 06-Oct-2017,Argos,B,13.4070,144.6290,,,,,,,,,,
166349,166349,UT,22:47:12 06-Oct-2017,Argos,B,13.4110,144.6430,,,,,,,,,,
166349,166349,UT,23:38:42 06-Oct-2017,Argos,B,13.4110,144.6450,,,,,,,,,,
166349,166349,UT,08:19:25 07-Oct-2017,Argos,B,13.4160,144.6590,,,,,,,,,,
166349,166349,UT,08:36:22 07-Oct-2017,Argos,B,13.4140,144.6520,,,,,,,,,,
166349,166349,UT,09:56:04 07-Oct-2017,Argos,B,13.4160,144.6530,,,,,,,,,,
166349,166349,UT,04:59:38 08-Oct-2017,Argos,B,13.4110,144.6440,,,,,,,,,,
166349,166349,UT,07:54:07 08-Oct-2017,Argos,B,13.4140,144.6460,,,,,,,,,,
166349,166349,UT,08:12:51 08-Oct-2017,Argos,B,13.4140,144.6450,,,,,,,,,,
166349,166349,UT,09:46:33 08-Oct-2017,Argos,B,13.4120,144.6510,,,,,,,,,,
166349,166349,UT,20:39:45 08-Oct-2017,Argos,B,13.4140,144.6350,,,,,,,,,,
166349,166349,UT,23:39:49 08-Oct-2017,Argos,B,13.4150,144.6360,,,,,,,,,,
166349,166349,UT,04:46:50 09-Oct-2017,Argos,B,13.4110,144.6420,,,,,,,,,,
166349,166349,UT,09:28:33 09-Oct-2017,Argos,B,13.4100,144.6460,,,,,,,,,,
166349,166349,UT,17:14:46 10-Oct-2017,Argos,B,13.4140,144.6510,,,,,,,,,,
166349,166349,UT,09:05:22 11-Oct-2017,Argos,B,13.4160,144.6540,,,,,,,,,,
166349,166349,UT,10:12:51 11-Oct-2017,Argos,B,13.4150,144.6600,,,,,,,,,,
166349,166349,UT,21:06:00 11-Oct-2017,Argos,B,13.4090,144.6500,,,,,,,,,,
166349,166349,UT,00:26:44 12-Oct-2017,Argos,B,13.4260,144.6360,,,,,,,,,,
166349,166349,UT,05:53:39 12-Oct-2017,Argos,B,13.4170,144.6590,,,,,,,,,,
166349,166349,UT,09:04:55 12-Oct-2017,Argos,B,13.4120,144.6620,,,,,,,,,,
166349,166349,UT,22:20:16 12-Oct-2017,Argos,B,13.4150,144.6660,,,,,,,,,,
166349,166349,UT,21:28:54 13-Oct-2017,Argos,B,13.4160,144.6600,,,,,,,,,,
166349,166349,UT,23:37:13 13-Oct-2017,Argos,B,13.4160,144.6630,,,,,,,,,,
166349,166349,UT,05:29:46 14-Oct-2017,Argos,B,13.4130,144.6640,,,,,,,,,,
166349,166349,UT,07:59:38 14-Oct-2017,Argos,B,13.4140,144.6620,,,,,,,,,,
166349,166349,UT,08:32:38 14-Oct-2017,Argos,B,13.4140,144.6620,,,,,,,,,,
166349,166349,UT,09:00:13 14-Oct-2017,Argos,B,13.4150,144.6590,,,,,,,,,,
166349,166349,UT,09:42:23 14-Oct-2017,Argos,B,13.4130,144.6550,,,,,,,,,,
166349,166349,UT,18:12:13 14-Oct-2017,Argos,B,13.4070,144.6360,,,,,,,,,,
166349,166349,UT,09:11:13 15-Oct-2017,Argos,B,13.4130,144.6470,,,,,,,,,,
166349,166349,UT,17:58:05 15-Oct-2017,Argos,B,13.4130,144.6420,,,,,,,,,,
166349,166349,UT,05:09:57 16-Oct-2017,Argos,B,13.4120,144.6380,,,,,,,,,,
166349,166349,UT,08:11:04 16-Oct-2017,Argos,B,13.4080,144.6310,,,,,,,,,,
166349,166349,UT,09:51:40 16-Oct-2017,Argos,B,13.4080,144.6280,,,,,,,,,,
166349,166349,UT,11:46:25 16-Oct-2017,Argos,B,13.4090,144.6280,,,,,,,,,,
166349,166349,UT,19:48:00 16-Oct-2017,Argos,B,13.4120,144.6310,,,,,,,,,,
166349,166349,UT,20:39:21 16-Oct-2017,Argos,B,13.4110,144.6270,,,,,,,,,,
166349,166349,UT,20:45:27 16-Oct-2017,Argos,B,13.4140,144.6440,,,,,,,,,,
166349,166349,UT,00:15:10 17-Oct-2017,Argos,B,13.4170,144.6530,,,,,,,,,,
166349,166349,UT,05:01:18 17-Oct-2017,Argos,B,13.4150,144.6570,,,,,,,,,,
166349,166349,UT,21:54:15 17-Oct-2017,Argos,B,13.4050,144.6620,,,,,,,,,,
166349,166349,UT,00:02:18 18-Oct-2017,Argos,B,13.4050,144.6580,,,,,,,,,,
166349,166349,UT,04:43:13 18-Oct-2017,Argos,B,13.4170,144.6230,,,,,,,,,,
166349,166349,UT,20:20:52 18-Oct-2017,Argos,B,13.4170,144.6540,,,,,,,,,,
166349,166349,UT,08:33:21 19-Oct-2017,Argos,B,13.4180,144.6530,,,,,,,,,,
166349,166349,UT,19:24:59 19-Oct-2017,Argos,B,13.4130,144.6480,,,,,,,,,,
166349,166349,UT,19:54:05 19-Oct-2017,Argos,B,13.4050,144.6560,,,,,,,,,,
166349,166349,UT,21:03:00 19-Oct-2017,Argos,B,13.4100,144.6610,,,,,,,,,,
166349,166349,UT,20:39:02 20-Oct-2017,Argos,B,13.4100,144.6620,,,,,,,,,,
166349,166349,UT,00:41:29 21-Oct-2017,Argos,B,13.4120,144.6710,,,,,,,,,,
166349,166349,UT,07:46:22 21-Oct-2017,Argos,B,13.4210,144.6630,,,,,,,,,,
166349,166349,UT,11:42:04 21-Oct-2017,Argos,B,13.4170,144.6580,,,,,,,,,,
166349,166349,UT,18:28:00 21-Oct-2017,Argos,B,13.4100,144.6500,,,,,,,,,,
166349,166349,UT,21:31:52 21-Oct-2017,Argos,B,13.4120,144.6470,,,,,,,,,,
166349,166349,UT,21:58:02 21-Oct-2017,Argos,B,13.4120,144.6510,,,,,,,,,,
166349,166349,UT,05:36:02 22-Oct-2017,Argos,B,13.4110,144.6490,,,,,,,,,,
166349,166349,UT,08:40:02 22-Oct-2017,Argos,B,13.4130,144.6510,,,,,,,,,,
166349,166349,UT,08:19:35 23-Oct-2017,Argos,B,13.4160,144.6460,,,,,,,,,,
166349,166349,UT,08:36:48 23-Oct-2017,Argos,B,13.4110,144.6500,,,,,,,,,,
166349,166349,UT,21:07:20 23-Oct-2017,Argos,B,13.4140,144.6470,,,,,,,,,,
166349,166349,UT,21:07:20 23-Oct-2017,Argos,B,13.4140,144.6480,,,,,,,,,,
166349,166349,UT,05:13:23 24-Oct-2017,Argos,B,13.4140,144.6440,,,,,,,,,,
166349,166349,UT,07:52:45 24-Oct-2017,Argos,B,13.4140,144.6450,,,,,,,,,,
166349,166349,UT,09:55:54 24-Oct-2017,Argos,B,13.4130,144.6480,,,,,,,,,,
166349,166349,UT,12:18:19 24-Oct-2017,Argos,B,13.4150,144.6450,,,,,,,,,,
166349,166349,UT,17:53:15 24-Oct-2017,Argos,B,13.4130,144.6440,,,,,,,,,,
166349,166349,UT,19:33:30 24-Oct-2017,Argos,B,13.4130,144.6430,,,,,,,,,,
