DeployID,Ptt,Instr,Date,Type,Quality,Latitude,Longitude,Error Radius,Error Semi-Major Axis,Error Semi-Minor Axis,Error Ellipse Orientation,Offset,Offset Orientation,GPE MSD,GPE U,Count,Comment
176764,176764,Mk10,10:06:02.002656 08-Aug-2018,FastGPS,7,13.4210,144.7951,,,,,,,,,,
176764,176764,Mk10,10:40:09.461406 08-Aug-2018,FastGPS,7,13.4208,144.7953,,,,,,,,,,
176764,176764,Mk10,06:51:33 08-Aug-2018,Argos,A,13.4789,144.8376,2375,39209,143,89,,,,,,
176764,176764,Mk10,08:09:20 08-Aug-2018,Argos,1,13.4323,144.8015,846,2317,309,30,,,,,,
176764,176764,Mk10,09:43:43 08-Aug-2018,Argos,B,13.4129,144.7865,1687,1710,1664,103,,,,,,
176764,176764,Mk10,10:40:35 08-Aug-2018,Argos,B,13.3940,144.7876,1575,2780,892,57,,,,,,
176764,176764,Mk10,20:34:07 08-Aug-2018,Argos,B,13.3826,144.8575,5333,36125,787,130,,,,,,
176764,176764,Mk10,22:01:26 08-Aug-2018,Argos,B,13.3934,144.8483,4973,18299,1351,128,,,,,,
176764,176764,Mk10,23:05:37 08-Aug-2018,Argos,B,13.3989,144.8092,4752,8415,2682,136,,,,,,
176764,176764,Mk10,23:51:07 08-Aug-2018,Argos,0,13.4324,144.7972,14584,100864,2108,103,,,,,,
176764,176764,Mk10,00:43:49 09-Aug-2018,Argos,0,13.4458,144.8207,5283,19008,1468,120,,,,,,
176764,176764,Mk10,04:57:48 09-Aug-2018,Argos,0,13.4688,144.8082,7332,18029,2982,12,,,,,,
176764,176764,Mk10,06:34:45 09-Aug-2018,Argos,0,13.4321,144.8132,4696,22411,983,51,,,,,,
176764,176764,Mk10,18:58:01.577968 09-Aug-2018,FastGPS,6,13.4173,144.7924,,,,,,,,,,
176764,176764,Mk10,11:00:41 09-Aug-2018,Argos,B,13.4346,144.8023,6823,9728,4785,45,,,,,,
176764,176764,Mk10,01:41:04.948593 10-Aug-2018,FastGPS,4,13.4201,144.7953,,,,,,,,,,
176764,176764,Mk10,17:38:00 09-Aug-2018,Argos,B,13.4423,144.7817,2784,5425,1428,86,,,,,,
176764,176764,Mk10,20:01:46 09-Aug-2018,Argos,B,13.4417,144.7851,2590,3736,1794,68,,,,,,
176764,176764,Mk10,20:25:38 09-Aug-2018,Argos,B,13.4330,144.7870,2523,4215,1510,73,,,,,,
176764,176764,Mk10,08:34:01.373593 10-Aug-2018,FastGPS,7,13.4205,144.7954,,,,,,,,,,
176764,176764,Mk10,23:30:08 09-Aug-2018,Argos,A,13.4174,144.7749,2350,15118,365,117,,,,,,
176764,176764,Mk10,23:30:27 09-Aug-2018,Argos,B,13.4142,144.7810,1836,9007,374,117,,,,,,
176764,176764,Mk10,04:44:06 10-Aug-2018,Argos,A,13.4075,144.7787,1940,3887,967,57,,,,,,
176764,176764,Mk10,15:21:12.766640 10-Aug-2018,FastGPS,7,13.4171,144.7912,,,,,,,,,,
176764,176764,Mk10,10:35:05 10-Aug-2018,Argos,B,13.4205,144.8002,1577,3029,820,133,,,,,,
176764,176764,Mk10,10:35:16 10-Aug-2018,Argos,A,13.4247,144.7950,922,1204,706,60,,,,,,
176764,176764,Mk10,19:40:47 10-Aug-2018,Argos,B,13.4043,144.8107,2446,3181,1879,74,,,,,,
176764,176764,Mk10,21:13:25 10-Aug-2018,Argos,B,13.4192,144.7902,3565,3686,3448,83,,,,,,
176764,176764,Mk10,23:17:49 10-Aug-2018,Argos,A,13.4024,144.7821,9572,39429,2323,137,,,,,,
176764,176764,Mk10,00:09:47 11-Aug-2018,Argos,B,13.4307,144.7618,4835,11578,2019,101,,,,,,
176764,176764,Mk10,08:20:02 11-Aug-2018,Argos,B,13.4974,144.7138,10789,11851,9821,109,,,,,,
176764,176764,Mk10,08:26:13 11-Aug-2018,Argos,A,13.4071,144.7698,3592,37270,346,72,,,,,,
176764,176764,Mk10,08:49:49 11-Aug-2018,Argos,A,13.4404,144.8419,4423,13511,1448,80,,,,,,
176764,176764,Mk10,10:26:20 11-Aug-2018,Argos,0,13.4148,144.7744,7780,112226,539,77,,,,,,
176764,176764,Mk10,11:13:37 11-Aug-2018,Argos,A,13.4191,144.7854,2489,7895,784,40,,,,,,
176764,176764,Mk10,01:00:46.793515 12-Aug-2018,FastGPS,7,13.4094,144.7860,,,,,,,,,,
176764,176764,Mk10,23:03:31 11-Aug-2018,Argos,B,13.4551,144.6901,9328,18453,4715,124,,,,,,
176764,176764,Mk10,23:52:11 11-Aug-2018,Argos,A,13.4411,144.7103,4990,24835,1002,124,,,,,,
176764,176764,Mk10,00:27:29 12-Aug-2018,Argos,B,13.4151,144.7508,3030,20512,447,114,,,,,,
176764,176764,Mk10,08:32:45 12-Aug-2018,Argos,B,13.3542,144.8216,3688,5807,2341,92,,,,,,
176764,176764,Mk10,09:40:02 12-Aug-2018,Argos,0,13.3910,144.7610,6838,58461,799,50,,,,,,
176764,176764,Mk10,20:48:06.615234 12-Aug-2018,FastGPS,6,13.4098,144.7864,,,,,,,,,,
176764,176764,Mk10,20:32:56 12-Aug-2018,Argos,B,13.4588,144.6990,8988,11185,7222,144,,,,,,
176764,176764,Mk10,22:24:39 12-Aug-2018,Argos,B,13.4273,144.6887,5159,6518,4082,4,,,,,,
176764,176764,Mk10,22:53:05 12-Aug-2018,Argos,A,13.3813,144.7655,1080,4044,288,28,,,,,,
176764,176764,Mk10,23:21:47 12-Aug-2018,Argos,A,13.4058,144.7698,1100,1683,718,57,,,,,,
176764,176764,Mk10,07:29:27 13-Aug-2018,Argos,A,13.3976,144.7247,3339,7709,1446,75,,,,,,
176764,176764,Mk10,07:29:42 13-Aug-2018,Argos,B,13.4056,144.7571,4039,8710,1872,74,,,,,,
176764,176764,Mk10,09:15:29 13-Aug-2018,Argos,A,13.4164,144.7677,2868,36119,227,81,,,,,,
176764,176764,Mk10,09:57:34 13-Aug-2018,Argos,B,13.4209,144.7753,9115,25197,3297,81,,,,,,
176764,176764,Mk10,12:52:07 13-Aug-2018,Argos,B,13.4231,144.7911,9314,14521,5974,171,,,,,,
176764,176764,Mk10,23:01:55.685468 13-Aug-2018,FastGPS,6,13.4095,144.7861,,,,,,,,,,
176764,176764,Mk10,06:38:53.102499 14-Aug-2018,FastGPS,7,13.4098,144.7863,,,,,,,,,,
176764,176764,Mk10,23:02:46 13-Aug-2018,Argos,B,13.4206,144.8249,2134,5883,774,106,,,,,,
176764,176764,Mk10,05:39:57 14-Aug-2018,Argos,0,13.4292,144.8115,3811,28302,513,49,,,,,,
176764,176764,Mk10,07:10:48 14-Aug-2018,Argos,B,13.4265,144.8057,3370,6296,1803,45,,,,,,
176764,176764,Mk10,10:47:24 14-Aug-2018,Argos,0,13.3715,144.7906,4165,16896,1026,96,,,,,,
176764,176764,Mk10,11:32:16 14-Aug-2018,Argos,0,13.3803,144.8151,4304,10641,1740,125,,,,,,
176764,176764,Mk10,19:37:36 14-Aug-2018,Argos,0,13.3933,144.8266,7986,27452,2323,152,,,,,,
176764,176764,Mk10,22:28:51 14-Aug-2018,Argos,0,13.4018,144.8210,6993,169584,288,103,,,,,,
176764,176764,Mk10,10:51:24.204374 15-Aug-2018,FastGPS,6,13.4099,144.7860,,,,,,,,,,Solution error 4.2 sec
176764,176764,Mk10,05:24:54 15-Aug-2018,Argos,A,13.3904,144.8964,11590,56505,2377,95,,,,,,
176764,176764,Mk10,07:08:34 15-Aug-2018,Argos,A,13.3896,144.8111,8347,35293,1974,99,,,,,,
176764,176764,Mk10,17:39:54.159374 15-Aug-2018,FastGPS,6,13.4100,144.7862,,,,,,,,,,Solution error 4.2 sec
176764,176764,Mk10,07:49:43 15-Aug-2018,Argos,0,13.4035,144.8227,10601,48623,2311,123,,,,,,
176764,176764,Mk10,10:02:14 15-Aug-2018,Argos,A,13.4001,144.7954,7400,16462,3326,128,,,,,,
176764,176764,Mk10,05:50:59.534374 16-Aug-2018,FastGPS,6,13.4095,144.7865,,,,,,,,,,
176764,176764,Mk10,22:24:53 15-Aug-2018,Argos,B,13.4496,144.7602,12915,13987,11925,115,,,,,,
176764,176764,Mk10,00:46:13 16-Aug-2018,Argos,B,13.4180,144.7829,8682,11574,6512,67,,,,,,
176764,176764,Mk10,12:51:09.877812 16-Aug-2018,FastGPS,5,13.4098,144.7861,,,,,,,,,,
176764,176764,Mk10,10:08:20 16-Aug-2018,Argos,B,13.4100,144.7971,2370,5774,972,42,,,,,,
176764,176764,Mk10,08:44:35.134687 17-Aug-2018,FastGPS,7,13.4097,144.7862,,,,,,,,,,
176764,176764,Mk10,22:45:41 16-Aug-2018,Argos,B,13.4207,144.7870,2881,5508,1507,107,,,,,,
176764,176764,Mk10,23:38:15 16-Aug-2018,Argos,B,13.3730,144.8239,8556,13356,5481,97,,,,,,
176764,176764,Mk10,14:48:58.051875 17-Aug-2018,FastGPS,7,13.4100,144.7861,,,,,,,,,,
176764,176764,Mk10,05:04:53 17-Aug-2018,Argos,B,13.3544,144.8708,7749,14060,4270,48,,,,,,
176764,176764,Mk10,07:35:32 17-Aug-2018,Argos,B,13.3304,144.8746,1979,2315,1691,87,,,,,,
176764,176764,Mk10,08:25:31 17-Aug-2018,Argos,A,13.3815,144.8548,11073,48351,2535,103,,,,,,
176764,176764,Mk10,11:23:01 17-Aug-2018,Argos,B,13.4099,144.8528,12480,20606,7557,101,,,,,,
176764,176764,Mk10,21:38:07.423124 17-Aug-2018,FastGPS,6,13.4097,144.7864,,,,,,,,,,
176764,176764,Mk10,17:44:49 17-Aug-2018,Argos,0,13.4207,144.8235,3842,22927,643,60,,,,,,
176764,176764,Mk10,21:40:22 17-Aug-2018,Argos,B,13.4399,144.8125,5540,7503,4090,62,,,,,,
176764,176764,Mk10,21:57:42 17-Aug-2018,Argos,B,13.3998,144.7948,3210,56011,183,123,,,,,,
176764,176764,Mk10,11:06:55.744999 18-Aug-2018,FastGPS,7,13.4098,144.7861,,,,,,,,,,
176764,176764,Mk10,06:39:18 18-Aug-2018,Argos,B,13.4391,144.7817,2962,6353,1380,101,,,,,,
176764,176764,Mk10,17:06:57.696562 18-Aug-2018,FastGPS,6,13.4099,144.7862,,,,,,,,,,
176764,176764,Mk10,11:07:24 18-Aug-2018,Argos,0,13.4004,144.7776,1555,15336,157,60,,,,,,
176764,176764,Mk10,23:11:26.198749 18-Aug-2018,FastGPS,7,13.4096,144.7866,,,,,,,,,,
176764,176764,Mk10,23:42:54 18-Aug-2018,Argos,0,13.4232,144.7490,6547,134907,317,107,,,,,,
176764,176764,Mk10,00:39:43 19-Aug-2018,Argos,B,13.4324,144.7386,3036,10879,846,99,,,,,,
176764,176764,Mk10,11:32:57.451875 19-Aug-2018,FastGPS,6,13.4099,144.7859,,,,,,,,,,
176764,176764,Mk10,07:28:46 19-Aug-2018,Argos,0,13.4084,144.6996,6396,72367,565,84,,,,,,
176764,176764,Mk10,18:04:57.348750 19-Aug-2018,FastGPS,6,13.4101,144.7860,,,,,,,,,,
176764,176764,Mk10,10:01:32 19-Aug-2018,Argos,A,13.4266,144.7208,2779,10320,748,113,,,,,,
176764,176764,Mk10,10:46:16 19-Aug-2018,Argos,0,13.3984,144.7721,1930,10260,363,54,,,,,,
176764,176764,Mk10,00:09:01.721250 20-Aug-2018,FastGPS,7,13.4096,144.7861,,,,,,,,,,
176764,176764,Mk10,19:00:28 19-Aug-2018,Argos,0,13.3992,144.7791,6230,39781,975,72,,,,,,
176764,176764,Mk10,14:15:57.065312 20-Aug-2018,FastGPS,7,13.4099,144.7860,,,,,,,,,,
176764,176764,Mk10,06:56:51 20-Aug-2018,Argos,B,13.3242,144.9366,16497,22314,12195,99,,,,,,Lat > 4 deviations from mean
176764,176764,Mk10,07:56:23 20-Aug-2018,Argos,0,13.4098,144.7685,8633,37634,1980,64,,,,,,
176764,176764,Mk10,08:33:17 20-Aug-2018,Argos,A,13.4150,144.7617,3339,23398,476,101,,,,,,
176764,176764,Mk10,20:52:37.021249 20-Aug-2018,FastGPS,6,13.4095,144.7861,,,,,,,,,,
176764,176764,Mk10,03:28:00.866875 21-Aug-2018,FastGPS,7,13.4096,144.7861,,,,,,,,,,
176764,176764,Mk10,21:25:02 20-Aug-2018,Argos,B,13.4008,144.7583,9772,19034,5016,114,,,,,,
176764,176764,Mk10,22:56:09 20-Aug-2018,Argos,1,13.4046,144.7828,1266,3653,438,105,,,,,,
176764,176764,Mk10,22:56:09 20-Aug-2018,Argos,0,13.4063,144.7582,3862,29734,501,95,,,,,,
176764,176764,Mk10,00:04:02 21-Aug-2018,Argos,A,13.4133,144.7800,1341,2657,676,98,,,,,,
176764,176764,Mk10,00:37:06 21-Aug-2018,Argos,0,13.4179,144.7677,2273,12768,404,89,,,,,,
176764,176764,Mk10,06:02:04 21-Aug-2018,Argos,A,13.4090,144.7762,1831,23175,144,85,,,,,,
176764,176764,Mk10,16:18:56.749687 21-Aug-2018,FastGPS,6,13.4099,144.7863,,,,,,,,,,
176764,176764,Mk10,08:00:11 21-Aug-2018,Argos,A,13.4138,144.7652,1689,5714,499,77,,,,,,
176764,176764,Mk10,11:06:27 21-Aug-2018,Argos,B,13.4082,144.7741,1335,3079,578,44,,,,,,
176764,176764,Mk10,11:50:13 21-Aug-2018,Argos,B,13.4102,144.7709,1312,1869,921,66,,,,,,
176764,176764,Mk10,12:45:08 21-Aug-2018,Argos,B,13.4095,144.7709,1597,2138,1192,60,,,,,,
176764,176764,Mk10,23:18:45.592500 21-Aug-2018,FastGPS,7,13.4096,144.7860,,,,,,,,,,
176764,176764,Mk10,21:05:18 21-Aug-2018,Argos,B,13.4053,144.7750,2565,3728,1764,94,,,,,,
176764,176764,Mk10,22:50:44 21-Aug-2018,Argos,B,13.4098,144.7598,2945,5051,1717,96,,,,,,
176764,176764,Mk10,05:49:23 22-Aug-2018,Argos,B,13.4171,144.7942,1292,1921,869,144,,,,,,
176764,176764,Mk10,07:28:24 22-Aug-2018,Argos,0,13.4032,144.7918,2860,9392,871,125,,,,,,
176764,176764,Mk10,07:28:24 22-Aug-2018,Argos,1,13.4061,144.7880,1488,3090,716,107,,,,,,
176764,176764,Mk10,09:13:01 22-Aug-2018,Argos,0,13.4204,144.7715,2944,17563,493,138,,,,,,
176764,176764,Mk10,10:02:07 22-Aug-2018,Argos,A,13.4103,144.7768,1969,6573,589,72,,,,,,
176764,176764,Mk10,10:49:44 22-Aug-2018,Argos,B,13.4097,144.7763,1200,2778,518,71,,,,,,
176764,176764,Mk10,22:35:03.856562 22-Aug-2018,FastGPS,6,13.4096,144.7860,,,,,,,,,,
176764,176764,Mk10,19:36:53 22-Aug-2018,Argos,0,13.3931,144.7713,4226,12061,1480,150,,,,,,
176764,176764,Mk10,20:58:40 22-Aug-2018,Argos,0,13.3755,144.7800,3126,4270,2288,47,,,,,,Lat > 4 deviations from mean
176764,176764,Mk10,22:35:15 22-Aug-2018,Argos,A,13.4030,144.8086,3359,19907,566,106,,,,,,
176764,176764,Mk10,05:39:47 23-Aug-2018,Argos,A,13.4156,144.8475,4789,22095,1037,84,,,,,,
176764,176764,Mk10,08:23:37 23-Aug-2018,Argos,0,13.4156,144.7876,2005,8940,449,134,,,,,,
176764,176764,Mk10,09:59:36 23-Aug-2018,Argos,A,13.4123,144.7879,1447,4283,488,87,,,,,,
176764,176764,Mk10,12:44:18 23-Aug-2018,Argos,0,13.4129,144.7801,2327,5244,1032,149,,,,,,
176764,176764,Mk10,20:52:35 23-Aug-2018,Argos,1,13.4300,144.7643,1443,9479,219,130,,,,,,
176764,176764,Mk10,22:30:08 23-Aug-2018,Argos,A,13.4219,144.7648,1605,2351,1095,122,,,,,,
176764,176764,Mk10,23:01:04 23-Aug-2018,Argos,B,13.4212,144.7657,1877,2637,1336,123,,,,,,
176764,176764,Mk10,23:33:01 23-Aug-2018,Argos,A,13.4178,144.7681,4646,8993,2399,86,,,,,,
176764,176764,Mk10,07:03:58 24-Aug-2018,Argos,0,13.4122,144.7900,3891,34084,444,80,,,,,,
176764,176764,Mk10,08:09:28 24-Aug-2018,Argos,A,13.4113,144.7815,1171,4505,304,131,,,,,,
176764,176764,Mk10,11:48:20 24-Aug-2018,Argos,B,13.3854,144.7799,3503,5567,2203,88,,,,,,
176764,176764,Mk10,12:22:45 24-Aug-2018,Argos,A,13.4022,144.8059,5898,17675,1968,112,,,,,,
176764,176764,Mk10,02:59:33.138750 25-Aug-2018,FastGPS,7,13.4108,144.7869,,,,,,,,,,
176764,176764,Mk10,09:20:37.049687 25-Aug-2018,FastGPS,7,13.4099,144.7860,,,,,,,,,,
176764,176764,Mk10,05:11:12 25-Aug-2018,Argos,B,13.4239,144.9639,24813,36989,16645,114,,,,,,Lon > 4 deviations from mean
176764,176764,Mk10,09:21:01 25-Aug-2018,Argos,B,13.4005,144.8453,14736,86273,2516,100,,,,,,Lon > 4 deviations from mean
176764,176764,Mk10,09:21:12 25-Aug-2018,Argos,0,13.4145,144.8280,11736,125340,1098,91,,,,,,Lon > 4 deviations from mean
176764,176764,Mk10,11:07:32 25-Aug-2018,Argos,0,13.4159,144.7740,4260,23940,757,59,,,,,,
176764,176764,Mk10,21:40:02.894062 25-Aug-2018,FastGPS,6,13.4093,144.7861,,,,,,,,,,
176764,176764,Mk10,12:00:20 25-Aug-2018,Argos,0,13.4049,144.7749,4131,22165,770,64,,,,,,
176764,176764,Mk10,17:56:12 25-Aug-2018,Argos,0,13.4318,144.7688,3900,15302,993,122,,,,,,
176764,176764,Mk10,04:06:35.770937 26-Aug-2018,FastGPS,7,13.4104,144.7867,,,,,,,,,,
176764,176764,Mk10,21:40:26 25-Aug-2018,Argos,B,13.4229,144.7549,2684,15177,474,111,,,,,,
176764,176764,Mk10,23:55:33 25-Aug-2018,Argos,A,13.4119,144.7758,6871,205101,230,103,,,,,,
176764,176764,Mk10,05:06:52 26-Aug-2018,Argos,B,13.3926,144.7658,7588,14226,4047,82,,,,,,
176764,176764,Mk10,08:43:11 26-Aug-2018,Argos,A,13.3997,144.7693,2625,6066,1135,89,,,,,,
176764,176764,Mk10,08:43:22 26-Aug-2018,Argos,B,13.4108,144.8051,2581,5158,1291,124,,,,,,
176764,176764,Mk10,11:00:33 26-Aug-2018,Argos,0,13.4202,144.7847,4482,32022,627,87,,,,,,
176764,176764,Mk10,19:50:04 26-Aug-2018,Argos,1,13.4101,144.7878,614,2999,125,113,,,,,,
176764,176764,Mk10,21:45:19 26-Aug-2018,Argos,A,13.4129,144.7845,1877,2509,1403,73,,,,,,
176764,176764,Mk10,22:34:17 26-Aug-2018,Argos,B,13.4131,144.7868,2052,2564,1641,164,,,,,,
176764,176764,Mk10,23:30:24 26-Aug-2018,Argos,B,13.4113,144.7887,1353,1673,1094,32,,,,,,
176764,176764,Mk10,23:30:47 26-Aug-2018,Argos,B,13.4107,144.7881,1246,1331,1165,22,,,,,,
176764,176764,Mk10,12:09:54.875937 27-Aug-2018,FastGPS,7,13.4098,144.7861,,,,,,,,,,
176764,176764,Mk10,06:29:37 27-Aug-2018,Argos,A,13.4080,144.7909,4553,39389,526,73,,,,,,
176764,176764,Mk10,08:18:26 27-Aug-2018,Argos,0,13.4096,144.7849,5138,52076,506,108,,,,,,
176764,176764,Mk10,08:18:26 27-Aug-2018,Argos,0,13.4096,144.7849,6192,62019,618,108,,,,,,
176764,176764,Mk10,09:05:19 27-Aug-2018,Argos,A,13.4102,144.7841,2895,6253,1340,96,,,,,,
176764,176764,Mk10,10:40:20 27-Aug-2018,Argos,0,13.4070,144.7885,2174,20883,226,78,,,,,,
176764,176764,Mk10,11:22:38 27-Aug-2018,Argos,1,13.4091,144.7861,634,5483,73,90,,,,,,
176764,176764,Mk10,20:52:33 27-Aug-2018,Argos,A,13.4165,144.7814,1008,4374,232,141,,,,,,
176764,176764,Mk10,20:52:48 27-Aug-2018,Argos,B,13.4128,144.7842,977,3001,318,139,,,,,,
176764,176764,Mk10,22:17:23 27-Aug-2018,Argos,B,13.4134,144.7829,1426,1810,1123,131,,,,,,
176764,176764,Mk10,23:51:36 27-Aug-2018,Argos,1,13.4135,144.7811,1443,10367,200,110,,,,,,
176764,176764,Mk10,00:53:31 28-Aug-2018,Argos,B,13.4137,144.7806,1764,3955,786,111,,,,,,
176764,176764,Mk10,13:03:54.531250 28-Aug-2018,FastGPS,7,13.4098,144.7863,,,,,,,,,,
176764,176764,Mk10,19:35:03.518750 28-Aug-2018,FastGPS,6,13.4099,144.7865,,,,,,,,,,
176764,176764,Mk10,09:38:19 28-Aug-2018,Argos,A,13.4058,144.7875,1358,4474,412,33,,,,,,
176764,176764,Mk10,10:28:08 28-Aug-2018,Argos,A,13.4060,144.7885,1006,6422,157,67,,,,,,
176764,176764,Mk10,02:12:02.873749 29-Aug-2018,FastGPS,7,13.4097,144.7863,,,,,,,,,,
176764,176764,Mk10,18:43:49 28-Aug-2018,Argos,B,13.4010,144.7932,2454,4442,1355,75,,,,,,
176764,176764,Mk10,20:22:38 28-Aug-2018,Argos,A,13.4114,144.7793,1932,8250,452,52,,,,,,
176764,176764,Mk10,20:23:11 28-Aug-2018,Argos,B,13.4117,144.7802,1992,8444,470,51,,,,,,
176764,176764,Mk10,21:27:12 28-Aug-2018,Argos,1,13.4044,144.7805,1212,3955,371,8,,,,,,
176764,176764,Mk10,23:06:24 28-Aug-2018,Argos,0,13.4117,144.7851,1647,10153,267,84,,,,,,
176764,176764,Mk10,14:36:01.158750 29-Aug-2018,FastGPS,7,13.4099,144.7861,,,,,,,,,,
176764,176764,Mk10,07:47:41 29-Aug-2018,Argos,0,13.4181,144.7690,3459,16494,725,129,,,,,,
176764,176764,Mk10,09:07:11 29-Aug-2018,Argos,0,13.4106,144.7773,3094,4429,2161,44,,,,,,
176764,176764,Mk10,10:38:03 29-Aug-2018,Argos,0,13.4022,144.7816,1988,11335,348,69,,,,,,
176764,176764,Mk10,17:03:35 29-Aug-2018,Argos,0,13.4002,144.8055,1665,4738,585,156,,,,,,
176764,176764,Mk10,03:13:50.531250 30-Aug-2018,FastGPS,7,13.4094,144.7861,,,,,,,,,,
176764,176764,Mk10,21:38:51 29-Aug-2018,Argos,0,13.4029,144.7931,4710,27826,797,128,,,,,,
176764,176764,Mk10,09:39:51.922187 30-Aug-2018,FastGPS,7,13.4098,144.7860,,,,,,,,,,
176764,176764,Mk10,08:49:20 30-Aug-2018,Argos,0,13.4127,144.8003,1871,63964,54,75,,,,,,
176764,176764,Mk10,11:21:10 30-Aug-2018,Argos,B,13.4082,144.7914,1049,3172,347,114,,,,,,
176764,176764,Mk10,18:28:53 30-Aug-2018,Argos,0,13.4096,144.7868,2352,5257,1052,81,,,,,,
176764,176764,Mk10,19:19:23 30-Aug-2018,Argos,0,13.4060,144.7834,1902,7079,510,103,,,,,,
176764,176764,Mk10,05:27:10.982187 31-Aug-2018,FastGPS,4,13.4114,144.7844,,,,,,,,,,
176764,176764,Mk10,21:22:43 30-Aug-2018,Argos,B,13.4096,144.7743,2258,4678,1089,96,,,,,,
176764,176764,Mk10,23:58:31 30-Aug-2018,Argos,0,13.4124,144.7739,4365,9004,2116,108,,,,,,
176764,176764,Mk10,00:30:43 31-Aug-2018,Argos,A,13.4146,144.7753,1354,5170,354,74,,,,,,
176764,176764,Mk10,09:57:42 31-Aug-2018,Argos,0,13.4104,144.8009,3667,58468,230,72,,,,,,
176764,176764,Mk10,09:57:51 31-Aug-2018,Argos,B,13.4077,144.7921,1059,7848,143,71,,,,,,
176764,176764,Mk10,00:29:03.443437 01-Sep-2018,FastGPS,7,13.4097,144.7861,,,,,,,,,,
176764,176764,Mk10,18:50:10 31-Aug-2018,Argos,B,13.4091,144.7849,3044,3957,2341,98,,,,,,
176764,176764,Mk10,06:51:31.825625 01-Sep-2018,FastGPS,7,13.4096,144.7863,,,,,,,,,,
176764,176764,Mk10,20:53:39 31-Aug-2018,Argos,A,13.4106,144.7820,1745,2717,1120,53,,,,,,
176764,176764,Mk10,20:53:49 31-Aug-2018,Argos,0,13.4093,144.7631,3680,42614,317,89,,,,,,
176764,176764,Mk10,22:30:58 31-Aug-2018,Argos,0,13.4180,144.7635,5286,51607,541,102,,,,,,
176764,176764,Mk10,22:30:58 31-Aug-2018,Argos,0,13.4179,144.7642,1564,7926,308,101,,,,,,
176764,176764,Mk10,22:30:58 31-Aug-2018,Argos,1,13.4155,144.7770,1078,3653,317,102,,,,,,
176764,176764,Mk10,13:28:34.216406 01-Sep-2018,FastGPS,6,13.4099,144.7861,,,,,,,,,,
176764,176764,Mk10,07:14:16 01-Sep-2018,Argos,B,13.4092,144.7576,4217,8069,2203,78,,,,,,
176764,176764,Mk10,09:05:39 01-Sep-2018,Argos,B,13.4077,144.7658,3896,8075,1879,74,,,,,,
176764,176764,Mk10,03:09:54.038437 02-Sep-2018,FastGPS,6,13.4096,144.7872,,,,,,,,,,
176764,176764,Mk10,18:15:30 01-Sep-2018,Argos,0,13.4219,144.7664,10628,52440,2154,131,,,,,,
176764,176764,Mk10,20:04:26 01-Sep-2018,Argos,A,13.4066,144.7809,2585,12636,528,70,,,,,,
176764,176764,Mk10,22:05:45 01-Sep-2018,Argos,A,13.4123,144.7809,1384,6141,311,73,,,,,,
176764,176764,Mk10,07:03:24 02-Sep-2018,Argos,0,13.4230,144.7965,3610,16870,772,26,,,,,,
176764,176764,Mk10,07:32:50 02-Sep-2018,Argos,A,13.4201,144.7934,1873,3442,1019,8,,,,,,
176764,176764,Mk10,08:26:09 02-Sep-2018,Argos,B,13.4063,144.7877,1643,2541,1062,101,,,,,,
176764,176764,Mk10,09:05:56 02-Sep-2018,Argos,0,13.3985,144.7984,3981,4812,3292,86,,,,,,
176764,176764,Mk10,21:53:23.827500 02-Sep-2018,FastGPS,6,13.4098,144.7860,,,,,,,,,,
176764,176764,Mk10,20:07:49 02-Sep-2018,Argos,B,13.3602,144.8544,5498,9704,3114,119,,,,,,Lat > 4 deviations from mean
176764,176764,Mk10,00:28:22 03-Sep-2018,Argos,B,13.3874,144.8407,4266,22176,820,110,,,,,,Lon > 4 deviations from mean
176764,176764,Mk10,10:47:07.111875 03-Sep-2018,FastGPS,6,13.4099,144.7862,,,,,,,,,,
176764,176764,Mk10,05:15:14 03-Sep-2018,Argos,B,13.4320,144.7705,6829,13367,3488,91,,,,,,
176764,176764,Mk10,16:46:52.471875 03-Sep-2018,FastGPS,7,13.4097,144.7859,,,,,,,,,,
176764,176764,Mk10,06:50:04 03-Sep-2018,Argos,A,13.4185,144.7550,4356,47652,398,95,,,,,,
176764,176764,Mk10,08:41:03 03-Sep-2018,Argos,B,13.4092,144.7671,3476,6527,1851,95,,,,,,
176764,176764,Mk10,09:15:09 03-Sep-2018,Argos,B,13.4096,144.7711,3034,5205,1768,96,,,,,,
176764,176764,Mk10,11:39:50 03-Sep-2018,Argos,B,13.4079,144.7752,2124,25325,178,75,,,,,,
176764,176764,Mk10,22:02:33 03-Sep-2018,Argos,0,13.4335,144.7716,13442,83451,2165,129,,,,,,
176764,176764,Mk10,11:55:53.790000 04-Sep-2018,FastGPS,7,13.4099,144.7861,,,,,,,,,,
176764,176764,Mk10,08:23:28 04-Sep-2018,Argos,A,13.4064,144.7670,5689,35168,920,102,,,,,,
176764,176764,Mk10,10:15:49 04-Sep-2018,Argos,1,13.3999,144.7764,1367,4245,440,179,,,,,,
176764,176764,Mk10,11:55:55 04-Sep-2018,Argos,2,13.4112,144.7860,359,1116,115,151,,,,,,
176764,176764,Mk10,20:58:06 04-Sep-2018,Argos,B,13.3994,144.7895,2734,4087,1829,138,,,,,,
176764,176764,Mk10,15:30:24.904062 05-Sep-2018,FastGPS,7,13.4099,144.7863,,,,,,,,,,
176764,176764,Mk10,07:52:29 05-Sep-2018,Argos,B,13.4012,144.8043,4123,6077,2797,130,,,,,,
176764,176764,Mk10,09:55:14 05-Sep-2018,Argos,0,13.3913,144.7937,3611,16216,804,166,,,,,,
176764,176764,Mk10,10:40:27 05-Sep-2018,Argos,1,13.4064,144.7901,1006,5311,190,88,,,,,,
176764,176764,Mk10,11:29:11 05-Sep-2018,Argos,0,13.4061,144.7960,2188,3436,1393,81,,,,,,
176764,176764,Mk10,19:31:28 05-Sep-2018,Argos,B,13.4354,144.8088,5037,5390,4706,103,,,,,,
176764,176764,Mk10,23:23:56 05-Sep-2018,Argos,0,13.4166,144.7936,6321,47413,842,72,,,,,,
176764,176764,Mk10,10:20:22.216406 06-Sep-2018,FastGPS,6,13.4100,144.7864,,,,,,,,,,
176764,176764,Mk10,06:15:15 06-Sep-2018,Argos,0,13.4185,144.8095,3358,80521,140,72,,,,,,
176764,176764,Mk10,08:10:48 06-Sep-2018,Argos,B,13.4192,144.8034,2407,5099,1136,72,,,,,,
176764,176764,Mk10,10:21:08 06-Sep-2018,Argos,A,13.4290,144.7891,2435,6643,892,57,,,,,,
176764,176764,Mk10,22:49:12.977187 06-Sep-2018,FastGPS,6,13.4104,144.7865,,,,,,,,,,
176764,176764,Mk10,20:04:35 06-Sep-2018,Argos,0,13.4075,144.7925,3291,24969,433,73,,,,,,
176764,176764,Mk10,20:40:43 06-Sep-2018,Argos,0,13.4234,144.8201,3170,25358,396,45,,,,,,
176764,176764,Mk10,21:43:27 06-Sep-2018,Argos,1,13.4053,144.8002,945,6035,147,111,,,,,,
176764,176764,Mk10,23:47:08 06-Sep-2018,Argos,B,13.4080,144.7986,1373,4132,456,102,,,,,,
176764,176764,Mk10,06:02:29 07-Sep-2018,Argos,A,13.4132,144.7616,2153,14473,320,85,,,,,,
176764,176764,Mk10,17:51:51.187812 07-Sep-2018,FastGPS,6,13.4101,144.7861,,,,,,,,,,
176764,176764,Mk10,11:53:18 07-Sep-2018,Argos,B,13.4082,144.7637,2334,14427,377,74,,,,,,
176764,176764,Mk10,12:32:35 07-Sep-2018,Argos,0,13.4179,144.7856,4574,11510,1817,112,,,,,,
176764,176764,Mk10,17:02:15 07-Sep-2018,Argos,B,13.4211,144.7979,7187,9714,5316,99,,,,,,
176764,176764,Mk10,18:44:08 07-Sep-2018,Argos,A,13.4061,144.7919,2171,14945,315,105,,,,,,
176764,176764,Mk10,20:15:40 07-Sep-2018,Argos,0,13.4113,144.7887,2255,47754,106,73,,,,,,
176764,176764,Mk10,23:31:37 07-Sep-2018,Argos,B,13.4123,144.7896,3741,4630,3022,75,,,,,,
176764,176764,Mk10,09:32:54.014687 08-Sep-2018,FastGPS,7,13.4099,144.7861,,,,,,,,,,
176764,176764,Mk10,00:30:34 08-Sep-2018,Argos,0,13.4092,144.7892,5970,38079,935,84,,,,,,
176764,176764,Mk10,07:03:24 08-Sep-2018,Argos,A,13.4119,144.7825,3322,5638,1956,44,,,,,,
176764,176764,Mk10,07:31:30 08-Sep-2018,Argos,B,13.3865,144.7626,4122,6789,2502,74,,,,,,
176764,176764,Mk10,08:25:27 08-Sep-2018,Argos,B,13.3866,144.7646,3990,5535,2876,73,,,,,,
176764,176764,Mk10,22:10:51.336875 08-Sep-2018,FastGPS,7,13.4098,144.7860,,,,,,,,,,
176764,176764,Mk10,19:37:56 08-Sep-2018,Argos,A,13.3953,144.7844,2956,6459,1352,117,,,,,,
176764,176764,Mk10,20:51:05 08-Sep-2018,Argos,B,13.4090,144.7741,2565,7046,933,98,,,,,,
176764,176764,Mk10,22:46:20 08-Sep-2018,Argos,A,13.3887,144.7830,15829,35809,6997,92,,,,,,
176764,176764,Mk10,07:21:01 09-Sep-2018,Argos,B,13.3984,144.7728,19507,43431,8761,69,,,,,,
176764,176764,Mk10,17:22:04.590937 09-Sep-2018,FastGPS,6,13.4100,144.7862,,,,,,,,,,
176764,176764,Mk10,07:54:20 09-Sep-2018,Argos,0,13.3920,144.7703,2788,22090,351,70,,,,,,
176764,176764,Mk10,18:12:37 09-Sep-2018,Argos,B,13.3539,144.7661,4221,5888,3025,74,,,,,,
176764,176764,Mk10,06:03:51.415000 10-Sep-2018,FastGPS,5,13.4099,144.7864,,,,,,,,,,
176764,176764,Mk10,20:31:11 09-Sep-2018,Argos,0,13.3914,144.8067,4731,41300,541,123,,,,,,
176764,176764,Mk10,22:44:00 09-Sep-2018,Argos,0,13.4167,144.7779,3166,13019,770,160,,,,,,
176764,176764,Mk10,12:53:16.337812 10-Sep-2018,FastGPS,6,13.4096,144.7861,,,,,,,,,,
176764,176764,Mk10,07:14:04 10-Sep-2018,Argos,B,13.4290,144.7697,6721,9198,4910,115,,,,,,
176764,176764,Mk10,19:39:39.745625 10-Sep-2018,FastGPS,6,13.4098,144.7861,,,,,,,,,,
176764,176764,Mk10,18:43:38 10-Sep-2018,Argos,0,13.4270,144.7694,4643,26159,824,127,,,,,,
176764,176764,Mk10,05:13:17 11-Sep-2018,Argos,B,13.4461,144.7706,5593,7947,3936,139,,,,,,
176764,176764,Mk10,21:13:07 11-Sep-2018,Argos,B,13.4544,144.7643,6349,9218,4372,125,,,,,,
176764,176764,Mk10,23:39:22 11-Sep-2018,Argos,0,13.4166,144.7812,7640,71674,814,94,,,,,,
176764,176764,Mk10,11:10:35.681875 12-Sep-2018,FastGPS,7,13.4098,144.7861,,,,,,,,,,
176764,176764,Mk10,05:07:42 12-Sep-2018,Argos,A,13.4118,144.8069,2151,5123,903,141,,,,,,
176764,176764,Mk10,06:46:48 12-Sep-2018,Argos,B,13.3982,144.8008,1371,4785,392,108,,,,,,
176764,176764,Mk10,23:32:02 12-Sep-2018,Argos,A,13.4038,144.8014,2297,18262,288,77,,,,,,
176764,176764,Mk10,06:29:06 13-Sep-2018,Argos,B,13.3856,144.8055,3363,4670,2421,79,,,,,,
176764,176764,Mk10,07:57:21 13-Sep-2018,Argos,1,13.4074,144.7862,1016,4605,224,155,,,,,,
176764,176764,Mk10,19:59:50.272187 13-Sep-2018,FastGPS,7,13.4098,144.7859,,,,,,,,,,
176764,176764,Mk10,02:08:25.672500 14-Sep-2018,FastGPS,6,13.4096,144.7862,,,,,,,,,,
176764,176764,Mk10,22:07:41 13-Sep-2018,Argos,A,13.4203,144.7684,1632,8541,311,145,,,,,,
176764,176764,Mk10,08:47:03.574375 14-Sep-2018,FastGPS,7,13.4098,144.7860,,,,,,,,,,
176764,176764,Mk10,23:06:54 13-Sep-2018,Argos,0,13.4155,144.7728,3421,9884,1184,135,,,,,,
176764,176764,Mk10,15:00:31.984375 14-Sep-2018,FastGPS,7,13.4099,144.7861,,,,,,,,,,
176764,176764,Mk10,07:30:19 14-Sep-2018,Argos,0,13.4047,144.7712,4304,16442,1126,37,,,,,,
176764,176764,Mk10,10:05:06 14-Sep-2018,Argos,B,13.4126,144.7710,3104,5429,1774,52,,,,,,
176764,176764,Mk10,11:43:04 14-Sep-2018,Argos,B,13.4066,144.7851,2745,4846,1555,45,,,,,,
176764,176764,Mk10,22:36:15 14-Sep-2018,Argos,A,13.4333,144.7893,5996,16885,2128,79,,,,,,
176764,176764,Mk10,23:06:20 14-Sep-2018,Argos,B,13.4041,144.7899,3930,6312,2446,27,,,,,,
176764,176764,Mk10,23:46:18 14-Sep-2018,Argos,0,13.4237,144.7746,2669,12631,563,124,,,,,,
176764,176764,Mk10,00:19:30 15-Sep-2018,Argos,0,13.4118,144.7827,1695,11069,259,92,,,,,,
176764,176764,Mk10,10:37:32.700937 15-Sep-2018,FastGPS,5,13.4099,144.7859,,,,,,,,,,
176764,176764,Mk10,17:16:48.681875 15-Sep-2018,FastGPS,6,13.4099,144.7862,,,,,,,,,,
176764,176764,Mk10,11:30:25 15-Sep-2018,Argos,0,13.3980,144.7361,3455,102563,116,75,,,,,,
176764,176764,Mk10,12:26:46 15-Sep-2018,Argos,0,13.3989,144.7575,3203,26285,390,82,,,,,,
176764,176764,Mk10,23:27:48.579218 15-Sep-2018,FastGPS,7,13.4091,144.7862,,,,,,,,,,
176764,176764,Mk10,21:08:37 15-Sep-2018,Argos,A,13.4113,144.8004,2392,8709,657,92,,,,,,
176764,176764,Mk10,23:57:54 15-Sep-2018,Argos,A,13.3965,144.8001,3054,31639,294,114,,,,,,
176764,176764,Mk10,07:47:46 16-Sep-2018,Argos,0,13.4064,144.7859,9340,60618,1439,70,,,,,,
176764,176764,Mk10,08:30:55 16-Sep-2018,Argos,B,13.4039,144.7842,7885,26613,2336,68,,,,,,
176764,176764,Mk10,10:00:39 16-Sep-2018,Argos,0,13.4012,144.7867,2070,6453,664,160,,,,,,
176764,176764,Mk10,16:56:42 16-Sep-2018,Argos,B,13.4016,144.8001,3891,4956,3054,92,,,,,,
176764,176764,Mk10,18:36:51 16-Sep-2018,Argos,0,13.4210,144.7386,2894,70507,118,105,,,,,,
176764,176764,Mk10,20:46:12 16-Sep-2018,Argos,B,13.4244,144.7203,3317,5232,2103,100,,,,,,
176764,176764,Mk10,22:44:10 16-Sep-2018,Argos,0,13.4319,144.7545,7849,56596,1088,118,,,,,,
176764,176764,Mk10,23:44:34 16-Sep-2018,Argos,A,13.4315,144.7355,5802,18323,1837,119,,,,,,
176764,176764,Mk10,15:02:12.531250 17-Sep-2018,FastGPS,7,13.4098,144.7862,,,,,,,,,,Solution error 4.5 sec
176764,176764,Mk10,05:53:53 17-Sep-2018,Argos,B,13.3995,144.7487,4600,16664,1269,50,,,,,,
176764,176764,Mk10,10:00:47 17-Sep-2018,Argos,0,13.3974,144.7600,8303,118606,581,68,,,,,,
176764,176764,Mk10,10:43:12 17-Sep-2018,Argos,0,13.4172,144.7823,2149,13717,336,84,,,,,,
176764,176764,Mk10,21:25:04.924687 17-Sep-2018,FastGPS,7,13.4066,144.7852,,,,,,,,,,
176764,176764,Mk10,12:23:50 17-Sep-2018,Argos,0,13.4070,144.8027,1662,11452,241,85,,,,,,
176764,176764,Mk10,20:25:04 17-Sep-2018,Argos,0,13.4074,144.7974,2172,15536,303,121,,,,,,
176764,176764,Mk10,20:54:08 17-Sep-2018,Argos,A,13.4121,144.7861,1177,2468,560,132,,,,,,
176764,176764,Mk10,22:32:04 17-Sep-2018,Argos,0,13.4035,144.8182,8512,41318,1753,105,,,,,,
176764,176764,Mk10,17:38:31.637187 18-Sep-2018,FastGPS,6,13.4100,144.7858,,,,,,,,,,
176764,176764,Mk10,09:42:05 18-Sep-2018,Argos,0,13.3857,144.8807,9551,55504,1643,105,,,,,,Lon > 4 deviations from mean
176764,176764,Mk10,10:25:28 18-Sep-2018,Argos,0,13.4078,144.7757,3680,9647,1403,8,,,,,,
176764,176764,Mk10,12:00:35 18-Sep-2018,Argos,0,13.4012,144.7803,3622,9147,1434,43,,,,,,
176764,176764,Mk10,21:06:59 18-Sep-2018,Argos,A,13.3898,144.7763,5885,25864,1339,66,,,,,,
176764,176764,Mk10,21:38:46 18-Sep-2018,Argos,0,13.4017,144.7942,3211,19271,535,111,,,,,,
176764,176764,Mk10,22:57:20 18-Sep-2018,Argos,B,13.4135,144.7892,3006,4801,1881,124,,,,,,
176764,176764,Mk10,07:06:14 19-Sep-2018,Argos,B,13.4077,144.7904,4777,11748,1942,124,,,,,,
176764,176764,Mk10,08:04:54 19-Sep-2018,Argos,B,13.4194,144.8026,3998,5705,2801,113,,,,,,
176764,176764,Mk10,19:13:29.769375 19-Sep-2018,FastGPS,7,13.4099,144.7861,,,,,,,,,,
176764,176764,Mk10,11:18:46 19-Sep-2018,Argos,0,13.4135,144.7867,4210,19084,928,77,,,,,,
176764,176764,Mk10,20:34:16 19-Sep-2018,Argos,B,13.4187,144.7852,4315,7561,2462,41,,,,,,
176764,176764,Mk10,00:16:06 20-Sep-2018,Argos,A,13.4153,144.7913,1495,15136,147,87,,,,,,
176764,176764,Mk10,06:55:55 20-Sep-2018,Argos,B,13.4199,144.7871,1177,8275,167,36,,,,,,
176764,176764,Mk10,07:23:16 20-Sep-2018,Argos,B,13.4155,144.7843,922,1675,507,59,,,,,,
176764,176764,Mk10,09:45:39 20-Sep-2018,Argos,0,13.4092,144.7812,3174,6160,1635,145,,,,,,
176764,176764,Mk10,20:33:46.981250 20-Sep-2018,FastGPS,6,13.4099,144.7861,,,,,,,,,,
176764,176764,Mk10,11:19:21 20-Sep-2018,Argos,1,13.4119,144.7849,1258,3477,455,94,,,,,,
176764,176764,Mk10,03:25:46.865937 21-Sep-2018,FastGPS,7,13.4093,144.7860,,,,,,,,,,
176764,176764,Mk10,01:02:53 21-Sep-2018,Argos,B,13.4248,144.8083,3746,4895,2866,66,,,,,,
176764,176764,Mk10,16:10:33.759687 21-Sep-2018,FastGPS,5,13.4095,144.7868,,,,,,,,,,
176764,176764,Mk10,06:54:16 21-Sep-2018,Argos,A,13.4033,144.7806,3015,7537,1205,126,,,,,,
176764,176764,Mk10,09:34:26 21-Sep-2018,Argos,1,13.4115,144.7816,1333,8962,198,99,,,,,,
176764,176764,Mk10,10:58:28 21-Sep-2018,Argos,0,13.4050,144.7790,2999,8204,1096,109,,,,,,
176764,176764,Mk10,19:23:39 21-Sep-2018,Argos,0,13.4116,144.7581,5665,61081,525,93,,,,,,
176764,176764,Mk10,21:52:38 21-Sep-2018,Argos,0,13.4124,144.7793,4193,27089,649,113,,,,,,
176764,176764,Mk10,23:40:22 21-Sep-2018,Argos,0,13.4088,144.7653,4935,25765,945,123,,,,,,
176764,176764,Mk10,08:10:42 22-Sep-2018,Argos,B,13.4035,144.7561,7478,9908,5643,124,,,,,,
176764,176764,Mk10,11:48:51 22-Sep-2018,Argos,B,13.4071,144.7602,7274,9487,5577,126,,,,,,
176764,176764,Mk10,20:50:13 22-Sep-2018,Argos,A,13.4073,144.7766,3052,34850,267,94,,,,,,
176764,176764,Mk10,23:19:27 22-Sep-2018,Argos,A,13.4071,144.7959,2118,11346,395,119,,,,,,
176764,176764,Mk10,23:19:27 22-Sep-2018,Argos,A,13.4087,144.7949,1407,5889,336,119,,,,,,
176764,176764,Mk10,00:12:13 23-Sep-2018,Argos,B,13.4084,144.7972,1707,3395,857,119,,,,,,
176764,176764,Mk10,13:21:42.103750 23-Sep-2018,FastGPS,7,13.4098,144.7863,,,,,,,,,,
176764,176764,Mk10,06:20:43 23-Sep-2018,Argos,B,13.4054,144.7781,1112,3525,350,117,,,,,,
176764,176764,Mk10,19:39:47.028906 23-Sep-2018,FastGPS,7,13.4097,144.7861,,,,,,,,,,Solution error 4.0 sec
176764,176764,Mk10,10:26:06 23-Sep-2018,Argos,0,13.4058,144.7832,1729,7205,414,76,,,,,,
176764,176764,Mk10,10:26:19 23-Sep-2018,Argos,1,13.4057,144.7820,1393,13991,138,67,,,,,,
176764,176764,Mk10,19:38:54 23-Sep-2018,Argos,B,13.4065,144.7929,3099,4124,2328,103,,,,,,
176764,176764,Mk10,22:50:32 23-Sep-2018,Argos,0,13.4117,144.7844,2554,16511,395,87,,,,,,
176764,176764,Mk10,08:52:50.833593 24-Sep-2018,FastGPS,7,13.4098,144.7859,,,,,,,,,,
176764,176764,Mk10,23:55:32 23-Sep-2018,Argos,B,13.4113,144.7841,1940,6088,618,99,,,,,,
176764,176764,Mk10,15:10:45.764843 24-Sep-2018,FastGPS,7,13.4098,144.7860,,,,,,,,,,
176764,176764,Mk10,03:56:46.550468 25-Sep-2018,FastGPS,7,13.4093,144.7858,,,,,,,,,,
176764,176764,Mk10,19:41:22 24-Sep-2018,Argos,0,13.4124,144.7982,7895,109766,567,97,,,,,,
176764,176764,Mk10,20:55:45 24-Sep-2018,Argos,A,13.4135,144.7747,2368,7078,792,125,,,,,,
176764,176764,Mk10,10:31:28.984218 25-Sep-2018,FastGPS,6,13.4097,144.7862,,,,,,,,,,
176764,176764,Mk10,07:40:12 25-Sep-2018,Argos,0,13.3945,144.7676,3188,12422,818,57,,,,,,
176764,176764,Mk10,09:49:49 25-Sep-2018,Argos,B,13.4070,144.7726,1656,2226,1230,69,,,,,,
176764,176764,Mk10,11:14:32 25-Sep-2018,Argos,0,13.4018,144.7703,3899,5271,2884,94,,,,,,
176764,176764,Mk10,23:03:08.318125 25-Sep-2018,FastGPS,7,13.4097,144.7861,,,,,,,,,,Solution error 4.3 sec
176764,176764,Mk10,19:14:11 25-Sep-2018,Argos,0,13.4129,144.7775,2412,10511,553,150,,,,,,
176764,176764,Mk10,20:30:01 25-Sep-2018,Argos,1,13.4136,144.7788,1274,4671,347,118,,,,,,
176764,176764,Mk10,21:04:22 25-Sep-2018,Argos,B,13.4072,144.7872,1604,2876,894,113,,,,,,
176764,176764,Mk10,22:12:12 25-Sep-2018,Argos,1,13.4033,144.7857,1316,2509,690,157,,,,,,
176764,176764,Mk10,23:56:46 25-Sep-2018,Argos,0,13.4117,144.7882,3217,10967,943,91,,,,,,
176764,176764,Mk10,07:22:06 26-Sep-2018,Argos,A,13.4073,144.7991,3026,9076,1008,65,,,,,,
176764,176764,Mk10,07:41:31 26-Sep-2018,Argos,1,13.4134,144.7939,1026,7241,145,57,,,,,,
176764,176764,Mk10,18:08:25.608750 26-Sep-2018,FastGPS,7,13.4098,144.7862,,,,,,,,,,Solution error 4.6 sec
176764,176764,Mk10,09:19:12 26-Sep-2018,Argos,0,13.4109,144.7827,1973,8510,457,34,,,,,,
176764,176764,Mk10,00:21:06.519062 27-Sep-2018,FastGPS,7,13.4093,144.7865,,,,,,,,,,
176764,176764,Mk10,20:18:12 26-Sep-2018,Argos,0,13.4009,144.7704,3013,40938,221,59,,,,,,
176764,176764,Mk10,08:52:42 27-Sep-2018,Argos,0,13.4101,144.7720,4071,47590,348,76,,,,,,
176764,176764,Mk10,19:16:37.195000 27-Sep-2018,FastGPS,7,13.4099,144.7863,,,,,,,,,,Solution error 4.2 sec
176764,176764,Mk10,10:40:33 27-Sep-2018,Argos,1,13.4125,144.7824,1327,6886,255,119,,,,,,
176764,176764,Mk10,11:21:27 27-Sep-2018,Argos,1,13.4104,144.7773,1304,6139,277,119,,,,,,
176764,176764,Mk10,21:18:25 27-Sep-2018,Argos,0,13.4174,144.7546,6510,106164,399,98,,,,,,
176764,176764,Mk10,22:14:28 27-Sep-2018,Argos,0,13.4150,144.7621,1941,6066,621,88,,,,,,
176764,176764,Mk10,14:04:59.437812 28-Sep-2018,FastGPS,5,13.4101,144.7861,,,,,,,,,,
176764,176764,Mk10,05:22:34 28-Sep-2018,Argos,1,13.4131,144.7949,1429,4007,509,172,,,,,,
176764,176764,Mk10,07:07:09 28-Sep-2018,Argos,B,13.4061,144.7950,1592,1880,1347,145,,,,,,
176764,176764,Mk10,11:06:47 28-Sep-2018,Argos,A,13.4284,144.7833,2193,8285,580,61,,,,,,
176764,176764,Mk10,08:56:34.693125 29-Sep-2018,FastGPS,6,13.4096,144.7861,,,,,,,,,,Solution error 4.7 sec
176764,176764,Mk10,09:26:19 29-Sep-2018,Argos,A,13.3965,144.7880,3269,12427,859,3,,,,,,
176764,176764,Mk10,12:38:51 29-Sep-2018,Argos,B,13.4080,144.7864,5760,7854,4223,71,,,,,,
176764,176764,Mk10,18:46:32 29-Sep-2018,Argos,B,13.4045,144.7926,4192,11467,1532,54,,,,,,
176764,176764,Mk10,19:34:13 29-Sep-2018,Argos,B,13.4004,144.7927,3343,7338,1522,61,,,,,,
176764,176764,Mk10,20:19:33 29-Sep-2018,Argos,B,13.4019,144.7924,3784,7479,1914,61,,,,,,
176764,176764,Mk10,21:53:03 29-Sep-2018,Argos,0,13.4117,144.7807,3767,40339,351,92,,,,,,
176764,176764,Mk10,04:59:33 30-Sep-2018,Argos,0,13.4323,144.8023,5461,12979,2297,167,,,,,,
176764,176764,Mk10,06:39:45 30-Sep-2018,Argos,B,13.4038,144.7858,2062,10640,399,130,,,,,,
176764,176764,Mk10,07:32:42 30-Sep-2018,Argos,B,13.4102,144.7836,1836,3952,853,124,,,,,,
176764,176764,Mk10,21:48:44.765625 30-Sep-2018,FastGPS,7,13.4100,144.7861,,,,,,,,,,
176764,176764,Mk10,20:03:23 30-Sep-2018,Argos,A,13.3928,144.7558,2935,22098,389,81,,,,,,
176764,176764,Mk10,21:48:09 30-Sep-2018,Argos,0,13.3947,144.8264,5900,52992,656,108,,,,,,Rate of Travel: 1.2 m/s
176764,176764,Mk10,23:26:04 30-Sep-2018,Argos,B,13.3996,144.7971,2865,10187,805,141,,,,,,
176764,176764,Mk10,10:33:55.043437 01-Oct-2018,FastGPS,7,13.4098,144.7860,,,,,,,,,,Solution error 4.0 sec
176764,176764,Mk10,06:25:28 01-Oct-2018,Argos,0,13.4082,144.7982,6971,53153,914,79,,,,,,
176764,176764,Mk10,18:37:05.973437 01-Oct-2018,FastGPS,4,13.4101,144.7860,,,,,,,,,,
176764,176764,Mk10,08:55:43 01-Oct-2018,Argos,1,13.4060,144.7853,1238,2947,520,171,,,,,,
176764,176764,Mk10,10:33:14 01-Oct-2018,Argos,0,13.4117,144.7865,3188,19227,528,62,,,,,,
176764,176764,Mk10,19:29:35 01-Oct-2018,Argos,0,13.3988,144.7710,3250,30112,350,65,,,,,,
176764,176764,Mk10,06:46:44.303437 02-Oct-2018,FastGPS,4,13.4096,144.7866,,,,,,,,,,Solution error 4.3 sec
176764,176764,Mk10,21:37:42 01-Oct-2018,Argos,B,13.3919,144.7616,2458,4394,1375,75,,,,,,
176764,176764,Mk10,23:10:24 01-Oct-2018,Argos,0,13.4117,144.7914,4431,37734,520,114,,,,,,
176764,176764,Mk10,06:21:08 02-Oct-2018,Argos,B,13.4236,144.8374,4673,9394,2324,55,,,,,,
176764,176764,Mk10,09:35:49 02-Oct-2018,Argos,B,13.4041,144.8149,1883,5826,608,100,,,,,,
176764,176764,Mk10,10:17:30 02-Oct-2018,Argos,B,13.4066,144.8095,2009,4381,920,99,,,,,,
176764,176764,Mk10,11:41:21 02-Oct-2018,Argos,0,13.4111,144.8067,2128,7949,569,74,,,,,,
176764,176764,Mk10,01:30:16.486562 03-Oct-2018,FastGPS,7,13.4094,144.7860,,,,,,,,,,Solution error 4.5 sec
176764,176764,Mk10,20:33:23 02-Oct-2018,Argos,0,13.4105,144.7741,3352,37902,296,91,,,,,,
176764,176764,Mk10,07:30:58.408437 03-Oct-2018,FastGPS,6,13.4094,144.7863,,,,,,,,,,Solution error 4.4 sec
176764,176764,Mk10,07:56:00 03-Oct-2018,Argos,0,13.4134,144.7858,2313,10517,508,149,,,,,,
176764,176764,Mk10,09:37:49 03-Oct-2018,Argos,A,13.4129,144.7925,2603,12747,531,82,,,,,,
176764,176764,Mk10,10:15:29 03-Oct-2018,Argos,1,13.4126,144.7923,857,1672,438,149,,,,,,
176764,176764,Mk10,10:15:29 03-Oct-2018,Argos,1,13.4106,144.7933,912,2247,370,71,,,,,,
176764,176764,Mk10,02:36:59.693437 04-Oct-2018,FastGPS,4,13.4092,144.7861,,,,,,,,,,
176764,176764,Mk10,20:00:00 03-Oct-2018,Argos,0,13.4134,144.8154,1933,45563,82,86,,,,,,
176764,176764,Mk10,20:31:10 03-Oct-2018,Argos,B,13.4131,144.8089,1890,6417,556,86,,,,,,
176764,176764,Mk10,22:05:47 03-Oct-2018,Argos,1,13.4118,144.7834,748,3431,163,166,,,,,,
176764,176764,Mk10,23:52:20 03-Oct-2018,Argos,1,13.4112,144.7770,1064,8477,133,113,,,,,,
176764,176764,Mk10,00:31:34 04-Oct-2018,Argos,0,13.4042,144.7826,1888,8617,413,83,,,,,,
176764,176764,Mk10,05:49:42 04-Oct-2018,Argos,0,13.4066,144.7797,2211,11005,444,96,,,,,,
176764,176764,Mk10,16:05:43.687187 04-Oct-2018,FastGPS,5,13.4093,144.7856,,,,,,,,,,
176764,176764,Mk10,22:07:43.420937 04-Oct-2018,FastGPS,7,13.4093,144.7861,,,,,,,,,,Solution error 4.4 sec
176764,176764,Mk10,21:40:59 04-Oct-2018,Argos,0,13.4040,144.7902,1514,9536,240,140,,,,,,
176764,176764,Mk10,22:29:15 04-Oct-2018,Argos,0,13.3945,144.7935,1575,2235,1109,87,,,,,,
176764,176764,Mk10,05:41:13 05-Oct-2018,Argos,1,13.3999,144.7785,1281,5375,305,25,,,,,,
176764,176764,Mk10,07:19:20 05-Oct-2018,Argos,1,13.4182,144.7831,1109,3534,347,74,,,,,,
176764,176764,Mk10,10:35:20 05-Oct-2018,Argos,B,13.4178,144.7847,2039,3200,1299,82,,,,,,
176764,176764,Mk10,11:17:44 05-Oct-2018,Argos,A,13.4251,144.7612,6971,23806,2040,53,,,,,,
176764,176764,Mk10,23:07:51.569062 05-Oct-2018,FastGPS,7,13.4100,144.7863,,,,,,,,,,Solution error 4.6 sec
176764,176764,Mk10,05:28:47.967187 06-Oct-2018,FastGPS,7,13.4104,144.7865,,,,,,,,,,
176764,176764,Mk10,20:38:56 05-Oct-2018,Argos,0,13.4068,144.7618,1632,19060,139,79,,,,,,
176764,176764,Mk10,21:11:08 05-Oct-2018,Argos,0,13.4173,144.7802,2042,5031,829,96,,,,,,
176764,176764,Mk10,00:45:28 06-Oct-2018,Argos,B,13.4284,144.7841,1900,8130,444,87,,,,,,
176764,176764,Mk10,05:29:14 06-Oct-2018,Argos,A,13.4129,144.7767,2944,6579,1317,37,,,,,,
176764,176764,Mk10,07:24:07 06-Oct-2018,Argos,0,13.4203,144.7811,4774,12330,1848,79,,,,,,
176764,176764,Mk10,18:40:51.283437 06-Oct-2018,FastGPS,4,13.4100,144.7863,,,,,,,,,,Solution error 4.3 sec
176764,176764,Mk10,09:12:07 06-Oct-2018,Argos,0,13.4117,144.7910,2978,19477,455,80,,,,,,
176764,176764,Mk10,00:50:46.704687 07-Oct-2018,FastGPS,7,13.4092,144.7860,,,,,,,,,,
176764,176764,Mk10,20:03:38 06-Oct-2018,Argos,B,13.4188,144.8184,5499,6786,4455,81,,,,,,
176764,176764,Mk10,20:53:59 06-Oct-2018,Argos,1,13.4084,144.7855,583,5153,65,102,,,,,,
176764,176764,Mk10,07:12:41.604687 07-Oct-2018,FastGPS,4,13.4097,144.7860,,,,,,,,,,
176764,176764,Mk10,23:28:40 06-Oct-2018,Argos,1,13.4107,144.7784,1184,8812,159,122,,,,,,
176764,176764,Mk10,23:56:37 06-Oct-2018,Argos,B,13.4095,144.7758,922,2127,399,143,,,,,,
176764,176764,Mk10,00:24:08 07-Oct-2018,Argos,A,13.4211,144.7770,902,2611,311,121,,,,,,
176764,176764,Mk10,13:19:41.571875 07-Oct-2018,FastGPS,7,13.4101,144.7862,,,,,,,,,,
176764,176764,Mk10,07:58:50 07-Oct-2018,Argos,0,13.4179,144.7826,2664,18300,387,71,,,,,,
176764,176764,Mk10,08:35:32 07-Oct-2018,Argos,1,13.4181,144.7525,1198,25382,56,101,,,,,,
176764,176764,Mk10,10:34:47 07-Oct-2018,Argos,0,13.4068,144.7675,1795,12289,262,86,,,,,,
176764,176764,Mk10,01:45:51.331093 08-Oct-2018,FastGPS,5,13.4097,144.7856,,,,,,,,,,
176764,176764,Mk10,20:30:46 07-Oct-2018,Argos,B,13.3900,144.7532,2895,5267,1590,127,,,,,,
176764,176764,Mk10,08:03:41.221875 08-Oct-2018,FastGPS,4,13.4105,144.7864,,,,,,,,,,
176764,176764,Mk10,22:08:27 07-Oct-2018,Argos,B,13.4026,144.7590,2157,3554,1308,96,,,,,,
176764,176764,Mk10,22:08:58 07-Oct-2018,Argos,0,13.4007,144.7639,2054,6646,634,135,,,,,,
176764,176764,Mk10,06:42:16 08-Oct-2018,Argos,B,13.4136,144.7485,4132,4360,3915,45,,,,,,
176764,176764,Mk10,08:03:50 08-Oct-2018,Argos,0,13.4112,144.8205,3690,54156,251,95,,,,,,
176764,176764,Mk10,09:13:52 08-Oct-2018,Argos,B,13.4135,144.8394,3075,6638,1424,96,,,,,,
176764,176764,Mk10,09:14:15 08-Oct-2018,Argos,0,13.4148,144.7972,3043,6715,1379,5,,,,,,
176764,176764,Mk10,03:11:40.864687 09-Oct-2018,FastGPS,4,13.4104,144.7867,,,,,,,,,,
176764,176764,Mk10,19:22:38 08-Oct-2018,Argos,1,13.4051,144.7889,1480,16992,128,100,,,,,,
176764,176764,Mk10,20:01:47 08-Oct-2018,Argos,0,13.4114,144.7874,1811,7444,440,61,,,,,,
176764,176764,Mk10,21:35:33 08-Oct-2018,Argos,A,13.4076,144.7852,2062,2738,1552,126,,,,,,
176764,176764,Mk10,04:57:28 09-Oct-2018,Argos,A,13.4153,144.8118,4916,13301,1817,121,,,,,,
176764,176764,Mk10,06:39:06 09-Oct-2018,Argos,0,13.4095,144.8193,2568,13213,499,85,,,,,,
176764,176764,Mk10,08:43:17 09-Oct-2018,Argos,1,13.4208,144.8240,1191,22105,64,76,,,,,,
176764,176764,Mk10,22:08:50.745625 09-Oct-2018,FastGPS,5,13.4099,144.7859,,,,,,,,,,
176764,176764,Mk10,12:28:14 09-Oct-2018,Argos,B,13.4249,144.8267,1823,5417,613,61,,,,,,
176764,176764,Mk10,04:23:55.682500 10-Oct-2018,FastGPS,6,13.4094,144.7859,,,,,,,,,,
176764,176764,Mk10,18:37:17 09-Oct-2018,Argos,0,13.3995,144.7802,3447,12565,945,154,,,,,,
176764,176764,Mk10,19:18:51 09-Oct-2018,Argos,B,13.4019,144.7789,2741,4714,1593,154,,,,,,
176764,176764,Mk10,23:22:57 09-Oct-2018,Argos,A,13.4093,144.7797,1688,8925,319,105,,,,,,
176764,176764,Mk10,23:23:17 09-Oct-2018,Argos,A,13.4167,144.7865,2246,19643,256,107,,,,,,
176764,176764,Mk10,06:26:31 10-Oct-2018,Argos,A,13.4100,144.7970,3112,33333,290,72,,,,,,
176764,176764,Mk10,23:11:25.104999 10-Oct-2018,FastGPS,4,13.4103,144.7696,,,,,,,,,,
176764,176764,Mk10,21:26:47 10-Oct-2018,Argos,B,13.4087,144.7954,3843,7398,1996,100,,,,,,
176764,176764,Mk10,21:27:10 10-Oct-2018,Argos,0,13.4173,144.7786,2362,9562,583,151,,,,,,
176764,176764,Mk10,23:12:02 10-Oct-2018,Argos,B,13.4100,144.7810,1894,4417,811,90,,,,,,
176764,176764,Mk10,11:22:51.737500 11-Oct-2018,FastGPS,7,13.4097,144.7859,,,,,,,,,,
176764,176764,Mk10,06:15:32 11-Oct-2018,Argos,0,13.4161,144.7968,2591,35528,189,64,,,,,,
176764,176764,Mk10,18:25:30.164687 11-Oct-2018,FastGPS,5,13.4097,144.7861,,,,,,,,,,
176764,176764,Mk10,00:48:08.062734 12-Oct-2018,FastGPS,5,13.4091,144.7859,,,,,,,,,,Solution error 4.1 sec
176764,176764,Mk10,19:11:59 11-Oct-2018,Argos,A,13.4057,144.7934,2290,13569,386,67,,,,,,
176764,176764,Mk10,23:02:19 11-Oct-2018,Argos,B,13.4097,144.7966,2863,5483,1494,71,,,,,,
176764,176764,Mk10,23:25:16 11-Oct-2018,Argos,0,13.4082,144.8024,1518,10862,212,124,,,,,,
176764,176764,Mk10,00:20:50 12-Oct-2018,Argos,A,13.4094,144.7980,1594,11460,221,117,,,,,,
176764,176764,Mk10,05:57:38 12-Oct-2018,Argos,0,13.4004,144.7876,5781,36408,917,98,,,,,,
176764,176764,Mk10,07:43:31 12-Oct-2018,Argos,B,13.4026,144.7765,2182,3896,1222,57,,,,,,
176764,176764,Mk10,07:43:31 12-Oct-2018,Argos,A,13.4108,144.7935,4800,20500,1123,95,,,,,,
176764,176764,Mk10,09:07:25 12-Oct-2018,Argos,A,13.4075,144.7863,1133,10376,123,71,,,,,,
176764,176764,Mk10,20:19:18.299844 12-Oct-2018,FastGPS,5,13.4099,144.7865,,,,,,,,,,
176764,176764,Mk10,10:24:21 12-Oct-2018,Argos,0,13.4116,144.7850,5311,16989,1660,85,,,,,,
176764,176764,Mk10,02:19:44.661875 13-Oct-2018,FastGPS,5,13.4093,144.7862,,,,,,,,,,
176764,176764,Mk10,20:20:46 12-Oct-2018,Argos,A,13.4081,144.7784,5031,79774,317,67,,,,,,
176764,176764,Mk10,22:52:36 12-Oct-2018,Argos,B,13.4092,144.7768,4486,9760,2061,67,,,,,,
176764,176764,Mk10,00:05:48 13-Oct-2018,Argos,0,13.4075,144.7845,5328,78971,359,95,,,,,,
176764,176764,Mk10,08:42:14 13-Oct-2018,Argos,0,13.4153,144.8001,4491,92280,218,86,,,,,,
176764,176764,Mk10,10:06:30 13-Oct-2018,Argos,0,13.4113,144.7752,3989,9075,1752,33,,,,,,
176764,176764,Mk10,21:36:30.466562 13-Oct-2018,FastGPS,7,13.4084,144.7856,,,,,,,,,,
176764,176764,Mk10,19:32:26 13-Oct-2018,Argos,B,13.4046,144.7483,7870,10838,5714,78,,,,,,
176764,176764,Mk10,21:15:37 13-Oct-2018,Argos,0,13.4172,144.7509,2280,101516,51,103,,,,,,
176764,176764,Mk10,22:32:39 13-Oct-2018,Argos,0,13.4096,144.7718,2033,57337,72,105,,,,,,
176764,176764,Mk10,23:46:28 13-Oct-2018,Argos,0,13.4081,144.7605,11349,65075,1979,124,,,,,,
176764,176764,Mk10,10:22:49.855000 14-Oct-2018,FastGPS,4,13.4075,144.7860,,,,,,,,,,
176764,176764,Mk10,05:33:16 14-Oct-2018,Argos,B,13.4213,144.7476,14266,24804,8205,106,,,,,,
176764,176764,Mk10,16:49:00.606875 14-Oct-2018,FastGPS,4,13.4098,144.7858,,,,,,,,,,
176764,176764,Mk10,07:15:06 14-Oct-2018,Argos,0,13.4073,144.7615,3217,17823,580,67,,,,,,
176764,176764,Mk10,08:17:25 14-Oct-2018,Argos,1,13.4116,144.7815,1226,18006,83,107,,,,,,
176764,176764,Mk10,08:17:38 14-Oct-2018,Argos,2,13.4106,144.7845,391,1218,125,95,,,,,,
176764,176764,Mk10,09:40:46 14-Oct-2018,Argos,1,13.4066,144.7917,987,2314,420,100,,,,,,
176764,176764,Mk10,18:19:08 14-Oct-2018,Argos,0,13.3800,144.8336,6400,45698,896,123,,,,,,Lat > 4 deviations from mean
176764,176764,Mk10,20:49:21 14-Oct-2018,Argos,1,13.4129,144.7836,530,1557,180,149,,,,,,
176764,176764,Mk10,22:17:23 14-Oct-2018,Argos,0,13.4160,144.7820,2757,4025,1887,73,,,,,,
176764,176764,Mk10,22:17:23 14-Oct-2018,Argos,1,13.4171,144.7865,1188,1556,907,119,,,,,,
176764,176764,Mk10,07:58:01 15-Oct-2018,Argos,0,13.4046,144.7756,8283,63781,1075,75,,,,,,
176764,176764,Mk10,09:24:45 15-Oct-2018,Argos,B,13.4053,144.7714,3825,15659,934,77,,,,,,
176764,176764,Mk10,02:00:37.706875 16-Oct-2018,FastGPS,6,13.4089,144.7859,,,,,,,,,,
176764,176764,Mk10,22:09:33 15-Oct-2018,Argos,B,13.4212,144.7820,8011,10263,6252,48,,,,,,
176764,176764,Mk10,22:10:15 15-Oct-2018,Argos,1,13.4111,144.7851,610,2117,175,164,,,,,,
176764,176764,Mk10,23:40:52 15-Oct-2018,Argos,1,13.4100,144.7840,934,9199,94,107,,,,,,
176764,176764,Mk10,05:10:46 16-Oct-2018,Argos,A,13.3971,144.7899,1969,4925,786,79,,,,,,
176764,176764,Mk10,15:43:07.056562 16-Oct-2018,FastGPS,4,13.4099,144.7860,,,,,,,,,,Solution error 5.1 sec
176764,176764,Mk10,06:50:10 16-Oct-2018,Argos,A,13.3994,144.7859,1908,3148,1156,61,,,,,,
176764,176764,Mk10,07:21:13 16-Oct-2018,Argos,B,13.4003,144.7862,2608,3813,1783,65,,,,,,
176764,176764,Mk10,09:16:22 16-Oct-2018,Argos,B,13.4033,144.7886,1806,3741,872,97,,,,,,
176764,176764,Mk10,10:40:11 16-Oct-2018,Argos,A,13.4069,144.7902,2691,5592,1294,103,,,,,,
176764,176764,Mk10,22:07:06.450390 16-Oct-2018,FastGPS,7,13.4097,144.7864,,,,,,,,,,Solution error 4.5 sec
176764,176764,Mk10,21:36:46 16-Oct-2018,Argos,A,13.4084,144.7953,3469,30828,390,116,,,,,,
176764,176764,Mk10,21:36:55 16-Oct-2018,Argos,B,13.4082,144.7887,3040,3856,2395,145,,,,,,
176764,176764,Mk10,23:41:45 16-Oct-2018,Argos,B,13.4124,144.7898,2336,3713,1470,80,,,,,,
176764,176764,Mk10,06:43:40 17-Oct-2018,Argos,A,13.4027,144.7925,598,2226,160,117,,,,,,
176764,176764,Mk10,06:43:55 17-Oct-2018,Argos,B,13.4038,144.7916,1119,3527,355,115,,,,,,
176764,176764,Mk10,10:21:46 17-Oct-2018,Argos,1,13.4187,144.7855,1412,6786,293,71,,,,,,
176764,176764,Mk10,10:22:15 17-Oct-2018,Argos,B,13.4174,144.7820,1144,4311,303,72,,,,,,
176764,176764,Mk10,23:10:39.158359 17-Oct-2018,FastGPS,5,13.4095,144.7862,,,,,,,,,,Solution error 4.2 sec
176764,176764,Mk10,07:52:53 18-Oct-2018,Argos,A,13.4022,144.7957,1302,11474,147,130,,,,,,
176764,176764,Mk10,09:58:58 18-Oct-2018,Argos,0,13.4123,144.7777,2206,5037,965,2,,,,,,
176764,176764,Mk10,10:37:30 18-Oct-2018,Argos,1,13.4087,144.7903,762,4588,126,99,,,,,,
176764,176764,Mk10,06:19:09.703437 19-Oct-2018,FastGPS,6,13.4085,144.7859,,,,,,,,,,
176764,176764,Mk10,20:54:35 18-Oct-2018,Argos,0,13.3837,144.7966,2962,14288,614,137,,,,,,Lat > 4 deviations from mean
176764,176764,Mk10,22:32:14 18-Oct-2018,Argos,0,13.4194,144.7766,2272,6829,755,99,,,,,,
176764,176764,Mk10,23:35:45 18-Oct-2018,Argos,0,13.4129,144.7812,1505,10474,216,85,,,,,,
176764,176764,Mk10,06:19:23 19-Oct-2018,Argos,A,13.4179,144.8188,3629,60170,218,72,,,,,,
176764,176764,Mk10,07:17:31 19-Oct-2018,Argos,B,13.4174,144.8164,7925,24051,2611,73,,,,,,
176764,176764,Mk10,08:50:22 19-Oct-2018,Argos,0,13.4050,144.7992,2274,6778,762,90,,,,,,
176764,176764,Mk10,09:35:17 19-Oct-2018,Argos,1,13.4182,144.7969,822,5297,127,54,,,,,,
176764,176764,Mk10,01:26:04.944687 20-Oct-2018,FastGPS,7,13.4094,144.7859,,,,,,,,,,Solution error 4.9 sec
176764,176764,Mk10,07:30:15.412812 20-Oct-2018,FastGPS,7,13.4100,144.7865,,,,,,,,,,Solution error 4.4 sec
176764,176764,Mk10,22:03:15 19-Oct-2018,Argos,A,13.4091,144.7778,2241,6738,745,52,,,,,,
176764,176764,Mk10,23:00:53 19-Oct-2018,Argos,A,13.4110,144.7762,1664,3824,723,123,,,,,,
176764,176764,Mk10,00:01:25 20-Oct-2018,Argos,0,13.4128,144.7765,2775,3797,2027,109,,,,,,
176764,176764,Mk10,13:45:01.767500 20-Oct-2018,FastGPS,6,13.4099,144.7859,,,,,,,,,,Solution error 4.8 sec
176764,176764,Mk10,06:10:18 20-Oct-2018,Argos,1,13.4116,144.7977,1257,12318,128,90,,,,,,
176764,176764,Mk10,07:30:41 20-Oct-2018,Argos,1,13.4077,144.7923,1366,3919,475,129,,,,,,
176764,176764,Mk10,10:11:10 20-Oct-2018,Argos,0,13.4118,144.7901,1620,4327,606,92,,,,,,
176764,176764,Mk10,20:36:09.286562 20-Oct-2018,FastGPS,4,13.4100,144.7860,,,,,,,,,,Solution error 4.3 sec
176764,176764,Mk10,22:51:52 20-Oct-2018,Argos,1,13.4100,144.7793,730,6191,86,85,,,,,,
176764,176764,Mk10,08:51:59.018437 21-Oct-2018,FastGPS,6,13.4098,144.7862,,,,,,,,,,Solution error 4.0 sec
176764,176764,Mk10,00:40:12 21-Oct-2018,Argos,0,13.4084,144.7799,1806,9492,343,96,,,,,,
176764,176764,Mk10,05:52:37 21-Oct-2018,Argos,0,13.3948,144.7749,3566,12127,1048,105,,,,,,
176764,176764,Mk10,16:26:52.779999 21-Oct-2018,FastGPS,5,13.4099,144.7858,,,,,,,,,,
176764,176764,Mk10,11:43:33 21-Oct-2018,Argos,0,13.3975,144.7994,1654,7484,365,141,,,,,,
176764,176764,Mk10,11:43:37 21-Oct-2018,Argos,2,13.4103,144.7872,411,3094,54,84,,,,,,
176764,176764,Mk10,12:25:08 21-Oct-2018,Argos,A,13.4127,144.7874,843,1346,528,85,,,,,,
176764,176764,Mk10,19:31:23 21-Oct-2018,Argos,B,13.4131,144.7934,3935,5074,3051,79,,,,,,
176764,176764,Mk10,20:42:37 21-Oct-2018,Argos,0,13.4106,144.7912,2132,14847,306,47,,,,,,
176764,176764,Mk10,21:09:47 21-Oct-2018,Argos,A,13.4128,144.7928,1485,2316,951,63,,,,,,
176764,176764,Mk10,05:44:16 22-Oct-2018,Argos,0,13.4110,144.7849,1630,10576,251,55,,,,,,
176764,176764,Mk10,17:08:36.590624 22-Oct-2018,FastGPS,7,13.4099,144.7862,,,,,,,,,,
176764,176764,Mk10,07:33:33 22-Oct-2018,Argos,1,13.4145,144.7873,1386,3495,549,113,,,,,,
176764,176764,Mk10,10:00:51 22-Oct-2018,Argos,B,13.4157,144.7845,1574,2233,1108,84,,,,,,
176764,176764,Mk10,12:00:10 22-Oct-2018,Argos,0,13.4226,144.7686,2923,18566,460,123,,,,,,
176764,176764,Mk10,18:34:42 22-Oct-2018,Argos,B,13.4115,144.7614,4337,10122,1857,101,,,,,,
176764,176764,Mk10,20:01:46 22-Oct-2018,Argos,B,13.4012,144.7753,1854,5100,673,74,,,,,,
176764,176764,Mk10,22:35:55 22-Oct-2018,Argos,B,13.4033,144.7948,2865,3874,2118,92,,,,,,
176764,176764,Mk10,11:47:42.285000 23-Oct-2018,FastGPS,4,13.4099,144.7859,,,,,,,,,,Solution error 4.3 sec
176764,176764,Mk10,07:58:53 23-Oct-2018,Argos,B,13.4027,144.8126,3488,4146,2934,41,,,,,,
176764,176764,Mk10,08:38:35 23-Oct-2018,Argos,1,13.4083,144.7902,1483,20991,104,110,,,,,,
176764,176764,Mk10,18:43:36.359179 23-Oct-2018,FastGPS,5,13.4101,144.7858,,,,,,,,,,
176764,176764,Mk10,18:16:53 23-Oct-2018,Argos,A,13.4003,144.7522,3208,9318,1104,134,,,,,,
176764,176764,Mk10,19:40:58 23-Oct-2018,Argos,0,13.4129,144.7918,7295,56187,947,98,,,,,,
176764,176764,Mk10,07:49:19.542500 24-Oct-2018,FastGPS,5,13.4098,144.7862,,,,,,,,,,
176764,176764,Mk10,23:57:24 23-Oct-2018,Argos,B,13.4174,144.8259,5337,11340,2511,41,,,,,,
176764,176764,Mk10,13:57:20.430625 24-Oct-2018,FastGPS,4,13.4098,144.7860,,,,,,,,,,
176764,176764,Mk10,05:23:22 24-Oct-2018,Argos,B,13.4375,144.8855,2267,2766,1856,116,,,,,,
176764,176764,Mk10,07:06:39 24-Oct-2018,Argos,B,13.3689,144.8659,2789,13218,588,97,,,,,,
176764,176764,Mk10,08:05:34 24-Oct-2018,Argos,0,13.3821,144.8308,6762,68707,665,115,,,,,,
176764,176764,Mk10,09:40:40 24-Oct-2018,Argos,B,13.3945,144.8020,5103,7043,3696,138,,,,,,
176764,176764,Mk10,11:09:47 24-Oct-2018,Argos,A,13.3908,144.7910,1023,3895,268,174,,,,,,
176764,176764,Mk10,19:55:22 24-Oct-2018,Argos,A,13.4233,144.7148,2250,6115,827,96,,,,,,
176764,176764,Mk10,20:43:54 24-Oct-2018,Argos,0,13.3972,144.7632,3333,28362,391,54,,,,,,
176764,176764,Mk10,22:06:27 24-Oct-2018,Argos,0,13.4154,144.7927,2185,10379,460,41,,,,,,
176764,176764,Mk10,23:48:40 24-Oct-2018,Argos,1,13.4146,144.8018,1081,2803,417,113,,,,,,
176764,176764,Mk10,23:48:47 24-Oct-2018,Argos,B,13.4131,144.7883,2181,6121,776,115,,,,,,
176764,176764,Mk10,10:22:46.704843 25-Oct-2018,FastGPS,5,13.4100,144.7868,,,,,,,,,,
176764,176764,Mk10,00:52:30 25-Oct-2018,Argos,B,13.3981,144.7896,1525,1964,1184,131,,,,,,
176764,176764,Mk10,05:07:15 25-Oct-2018,Argos,B,13.4261,144.7740,6706,9056,4966,97,,,,,,
176764,176764,Mk10,16:31:36.005625 25-Oct-2018,FastGPS,4,13.4101,144.7862,,,,,,,,,,
176764,176764,Mk10,07:31:19 25-Oct-2018,Argos,B,13.4074,144.7934,5483,21728,1383,81,,,,,,
176764,176764,Mk10,10:22:51 25-Oct-2018,Argos,0,13.4045,144.7927,2804,4811,1634,157,,,,,,
176764,176764,Mk10,11:03:10 25-Oct-2018,Argos,A,13.3931,144.8019,1772,2492,1259,40,,,,,,
176764,176764,Mk10,22:40:38.512499 25-Oct-2018,FastGPS,6,13.4093,144.7860,,,,,,,,,,Solution error 4.5 sec
176764,176764,Mk10,04:56:36.174999 26-Oct-2018,FastGPS,6,13.4085,144.7859,,,,,,,,,,Solution error 4.2 sec
176764,176764,Mk10,04:56:23 26-Oct-2018,Argos,B,13.3194,144.9289,9167,13345,6297,100,,,,,,Lat > 4 deviations from mean
176764,176764,Mk10,08:20:05 26-Oct-2018,Argos,0,13.4116,144.7757,2790,22316,348,101,,,,,,
176764,176764,Mk10,09:08:01 26-Oct-2018,Argos,0,13.4218,144.7736,1585,6000,418,103,,,,,,
176764,176764,Mk10,09:55:41 26-Oct-2018,Argos,A,13.4075,144.7805,1394,4557,426,92,,,,,,
176764,176764,Mk10,10:37:24 26-Oct-2018,Argos,0,13.4125,144.7893,2328,9388,577,32,,,,,,
176764,176764,Mk10,00:31:35.248124 27-Oct-2018,FastGPS,6,13.4098,144.7873,,,,,,,,,,
176764,176764,Mk10,17:34:50 26-Oct-2018,Argos,A,13.4008,144.7897,3045,8400,1104,135,,,,,,
176764,176764,Mk10,06:32:27 27-Oct-2018,Argos,0,13.4282,144.7998,8699,59393,1274,66,,,,,,
176764,176764,Mk10,07:54:58 27-Oct-2018,Argos,1,13.4170,144.7801,1051,2566,430,122,,,,,,
176764,176764,Mk10,19:08:01 27-Oct-2018,Argos,A,13.4159,144.7944,3885,42529,354,94,,,,,,
176764,176764,Mk10,20:28:25 27-Oct-2018,Argos,0,13.4081,144.7638,3783,11555,1238,118,,,,,,
176764,176764,Mk10,21:28:41 27-Oct-2018,Argos,0,13.4120,144.7820,3506,13060,941,122,,,,,,
176764,176764,Mk10,07:45:34.773749 28-Oct-2018,FastGPS,5,13.4095,144.7862,,,,,,,,,,
176764,176764,Mk10,22:53:44 27-Oct-2018,Argos,0,13.4068,144.7791,2002,9244,433,111,,,,,,
176764,176764,Mk10,23:54:12 27-Oct-2018,Argos,0,13.4127,144.7728,3250,62291,169,103,,,,,,
176764,176764,Mk10,14:05:04.229374 28-Oct-2018,FastGPS,5,13.4097,144.7861,,,,,,,,,,Solution error 4.2 sec
176764,176764,Mk10,07:45:13 28-Oct-2018,Argos,0,13.4236,144.7524,4040,29406,555,110,,,,,,
176764,176764,Mk10,08:44:30 28-Oct-2018,Argos,A,13.4180,144.7673,2900,10778,780,114,,,,,,
176764,176764,Mk10,09:22:05 28-Oct-2018,Argos,A,13.4159,144.7815,1558,4280,567,147,,,,,,
176764,176764,Mk10,10:16:11 28-Oct-2018,Argos,B,13.4129,144.7836,2313,3304,1619,143,,,,,,
176764,176764,Mk10,20:23:34.593750 28-Oct-2018,FastGPS,7,13.4099,144.7862,,,,,,,,,,
176764,176764,Mk10,20:23:41 28-Oct-2018,Argos,B,13.4092,144.7840,3536,12356,1011,81,,,,,,
176764,176764,Mk10,21:18:32 28-Oct-2018,Argos,0,13.4082,144.8025,1901,3721,971,167,,,,,,
176764,176764,Mk10,21:44:41 28-Oct-2018,Argos,B,13.4080,144.8024,2000,2770,1443,165,,,,,,
176764,176764,Mk10,00:10:26 29-Oct-2018,Argos,0,13.4005,144.7979,2555,24786,263,114,,,,,,
176764,176764,Mk10,14:47:35.845000 29-Oct-2018,FastGPS,4,13.4096,144.7858,,,,,,,,,,Solution error 4.8 sec
176764,176764,Mk10,06:09:37 29-Oct-2018,Argos,0,13.4240,144.7792,1869,8554,408,47,,,,,,
176764,176764,Mk10,08:48:34 29-Oct-2018,Argos,B,13.4046,144.7703,1380,9937,191,103,,,,,,
176764,176764,Mk10,21:02:24.727343 29-Oct-2018,FastGPS,7,13.4098,144.7864,,,,,,,,,,
176764,176764,Mk10,11:16:46 29-Oct-2018,Argos,1,13.4098,144.7841,531,3864,73,99,,,,,,
176764,176764,Mk10,03:02:34.612343 30-Oct-2018,FastGPS,4,13.4093,144.7861,,,,,,,,,,
176764,176764,Mk10,00:48:18 30-Oct-2018,Argos,A,13.4109,144.8000,2207,21013,231,97,,,,,,
176764,176764,Mk10,15:27:33.972343 30-Oct-2018,FastGPS,4,13.4105,144.7862,,,,,,,,,,
176764,176764,Mk10,05:55:04 30-Oct-2018,Argos,0,13.4056,144.8333,2220,19154,257,100,,,,,,
176764,176764,Mk10,07:37:52 30-Oct-2018,Argos,B,13.4024,144.8235,2440,3702,1607,110,,,,,,
176764,176764,Mk10,08:24:55 30-Oct-2018,Argos,A,13.4011,144.8209,2622,4360,1577,117,,,,,,
176764,176764,Mk10,03:54:17.844062 31-Oct-2018,FastGPS,6,13.4094,144.7863,,,,,,,,,,
176764,176764,Mk10,18:37:30 30-Oct-2018,Argos,B,13.3869,144.8243,5449,6083,4881,117,,,,,,
176764,176764,Mk10,20:53:31 30-Oct-2018,Argos,0,13.3933,144.8118,6053,43223,847,137,,,,,,
176764,176764,Mk10,22:40:00 30-Oct-2018,Argos,A,13.3980,144.8153,2617,11835,578,114,,,,,,
176764,176764,Mk10,00:27:45 31-Oct-2018,Argos,A,13.3901,144.8138,2106,17198,258,113,,,,,,
176764,176764,Mk10,07:18:19 31-Oct-2018,Argos,B,13.3937,144.8186,3750,4984,2820,108,,,,,,
176764,176764,Mk10,07:57:00 31-Oct-2018,Argos,0,13.4208,144.8066,7413,36390,1510,75,,,,,,
176764,176764,Mk10,09:32:25 31-Oct-2018,Argos,1,13.4153,144.7797,1217,4949,299,158,,,,,,
176764,176764,Mk10,11:28:11 31-Oct-2018,Argos,A,13.4297,144.7728,2026,3607,1137,156,,,,,,
176764,176764,Mk10,12:09:00 31-Oct-2018,Argos,B,13.4303,144.7704,2554,3702,1762,150,,,,,,
176764,176764,Mk10,02:21:33.526406 01-Nov-2018,FastGPS,5,13.4084,144.7858,,,,,,,,,,
176764,176764,Mk10,20:20:16 31-Oct-2018,Argos,0,13.4036,144.7857,3147,34265,289,94,,,,,,
176764,176764,Mk10,08:45:33.415156 01-Nov-2018,FastGPS,7,13.4099,144.7863,,,,,,,,,,
176764,176764,Mk10,23:05:15 31-Oct-2018,Argos,0,13.4076,144.8018,1776,16787,187,113,,,,,,
176764,176764,Mk10,14:59:37.234999 01-Nov-2018,FastGPS,4,13.4096,144.7863,,,,,,,,,,Solution error 4.2 sec
176764,176764,Mk10,07:21:25 01-Nov-2018,Argos,B,13.4265,144.7878,2645,4188,1670,118,,,,,,
176764,176764,Mk10,18:07:59 01-Nov-2018,Argos,0,13.4306,144.8052,3560,15855,799,29,,,,,,
176764,176764,Mk10,21:34:36 01-Nov-2018,Argos,0,13.4073,144.7903,2309,15448,345,128,,,,,,
176764,176764,Mk10,22:47:25 01-Nov-2018,Argos,1,13.4126,144.7869,1089,3533,335,57,,,,,,
176764,176764,Mk10,09:52:45 02-Nov-2018,Argos,0,13.3977,144.7816,7192,23037,2245,6,,,,,,
176764,176764,Mk10,17:51:14 02-Nov-2018,Argos,A,13.3933,144.7799,4329,15950,1174,80,,,,,,
176764,176764,Mk10,21:16:06 02-Nov-2018,Argos,B,13.4227,144.7937,2370,6992,803,101,,,,,,
176764,176764,Mk10,00:09:53 03-Nov-2018,Argos,0,13.4060,144.8178,3315,16392,670,76,,,,,,
176764,176764,Mk10,11:08:49.359999 03-Nov-2018,FastGPS,4,13.4110,144.7806,,,,,,,,,,High Residual
176764,176764,Mk10,17:35:33.628437 03-Nov-2018,FastGPS,5,13.4097,144.7859,,,,,,,,,,Solution error 4.6 sec
176764,176764,Mk10,08:00:38 03-Nov-2018,Argos,B,13.4051,144.8260,3663,4642,2890,76,,,,,,
176764,176764,Mk10,09:15:13 03-Nov-2018,Argos,0,13.4166,144.8377,4985,34624,717,100,,,,,,
176764,176764,Mk10,09:55:17 03-Nov-2018,Argos,A,13.4164,144.8490,2620,13113,523,90,,,,,,
176764,176764,Mk10,11:09:20 03-Nov-2018,Argos,0,13.4102,144.8358,2806,28034,280,93,,,,,,
176764,176764,Mk10,19:00:36 03-Nov-2018,Argos,0,13.4198,144.8307,2750,18177,416,77,,,,,,
176764,176764,Mk10,06:21:52.374531 04-Nov-2018,FastGPS,6,13.4093,144.7858,,,,,,,,,,
176764,176764,Mk10,20:29:59 03-Nov-2018,Argos,B,13.4187,144.8185,2017,4158,978,67,,,,,,
176764,176764,Mk10,20:51:26 03-Nov-2018,Argos,0,13.3989,144.7978,3448,22065,538,120,,,,,,
176764,176764,Mk10,21:47:49 03-Nov-2018,Argos,0,13.4063,144.7925,2097,12298,357,117,,,,,,
176764,176764,Mk10,23:46:16 03-Nov-2018,Argos,B,13.4132,144.7881,1960,28554,134,102,,,,,,
176764,176764,Mk10,10:35:27 04-Nov-2018,Argos,0,13.4333,144.7847,6399,12985,3153,41,,,,,,
176764,176764,Mk10,11:51:20 04-Nov-2018,Argos,0,13.4118,144.7779,3798,32528,443,59,,,,,,
176764,176764,Mk10,12:29:53 04-Nov-2018,Argos,A,13.4160,144.7898,999,2492,400,96,,,,,,
176764,176764,Mk10,17:28:31 04-Nov-2018,Argos,0,13.4133,144.8229,4791,13453,1706,99,,,,,,
176764,176764,Mk10,20:21:59 04-Nov-2018,Argos,1,13.4023,144.7881,669,3390,131,142,,,,,,
176764,176764,Mk10,22:46:15 04-Nov-2018,Argos,B,13.3993,144.7906,2401,2818,2045,101,,,,,,
176764,176764,Mk10,00:26:07 05-Nov-2018,Argos,B,13.4020,144.7910,2639,3676,1894,124,,,,,,
176764,176764,Mk10,15:45:17.522343 05-Nov-2018,FastGPS,4,13.4100,144.7861,,,,,,,,,,
176764,176764,Mk10,08:04:39 05-Nov-2018,Argos,B,13.4106,144.7888,1903,3799,952,158,,,,,,
176764,176764,Mk10,11:29:06 05-Nov-2018,Argos,0,13.4051,144.7932,1839,4034,838,94,,,,,,
176764,176764,Mk10,12:11:28 05-Nov-2018,Argos,1,13.4087,144.7802,827,3125,218,16,,,,,,
176764,176764,Mk10,22:45:32.886250 05-Nov-2018,FastGPS,7,13.4088,144.7857,,,,,,,,,,
176764,176764,Mk10,17:22:21 05-Nov-2018,Argos,B,13.3960,144.7882,1723,2768,1072,42,,,,,,
176764,176764,Mk10,04:45:31.812500 06-Nov-2018,FastGPS,5,13.4085,144.7856,,,,,,,,,,
176764,176764,Mk10,21:13:06 05-Nov-2018,Argos,1,13.4103,144.7827,1075,4163,277,171,,,,,,
176764,176764,Mk10,21:34:38 05-Nov-2018,Argos,1,13.4124,144.7833,1025,4114,255,126,,,,,,
176764,176764,Mk10,23:10:58 05-Nov-2018,Argos,1,13.4153,144.7793,1142,3132,416,79,,,,,,
176764,176764,Mk10,00:01:19 06-Nov-2018,Argos,B,13.4165,144.7793,1461,2335,913,79,,,,,,
176764,176764,Mk10,00:45:26 06-Nov-2018,Argos,1,13.4069,144.7690,1083,4624,253,120,,,,,,
176764,176764,Mk10,06:09:40 06-Nov-2018,Argos,A,13.4109,144.7367,2024,8980,456,96,,,,,,
176764,176764,Mk10,17:57:31.731875 06-Nov-2018,FastGPS,7,13.4102,144.7861,,,,,,,,,,
176764,176764,Mk10,08:03:01 06-Nov-2018,Argos,A,13.4068,144.7870,1811,25432,129,101,,,,,,
176764,176764,Mk10,08:42:12 06-Nov-2018,Argos,B,13.4130,144.7673,1237,3291,465,68,,,,,,
176764,176764,Mk10,21:19:06 06-Nov-2018,Argos,A,13.4053,144.6802,3728,7782,1785,98,,,,,,
176764,176764,Mk10,21:19:14 06-Nov-2018,Argos,0,13.4040,144.6952,4700,10216,2162,103,,,,,,
176764,176764,Mk10,22:37:58 06-Nov-2018,Argos,0,13.4099,144.6935,7307,29380,1817,86,,,,,,
176764,176764,Mk10,23:50:51 06-Nov-2018,Argos,A,13.3911,144.7029,2707,4801,1526,98,,,,,,
176764,176764,Mk10,09:06:51 07-Nov-2018,Argos,0,13.4290,144.6986,4308,50150,370,104,,,,,,
176764,176764,Mk10,09:53:00 07-Nov-2018,Argos,B,13.4276,144.7007,3454,11279,1057,104,,,,,,
176764,176764,Mk10,09:53:31 07-Nov-2018,Argos,B,13.4103,144.7456,2021,5221,781,90,,,,,,
176764,176764,Mk10,18:32:17 07-Nov-2018,Argos,0,13.4214,144.7719,1893,4618,776,173,,,,,,
176764,176764,Mk10,20:08:38 07-Nov-2018,Argos,0,13.4051,144.7711,2019,25849,157,76,,,,,,
176764,176764,Mk10,20:46:41 07-Nov-2018,Argos,0,13.4071,144.7929,1692,11622,246,116,,,,,,
176764,176764,Mk10,07:00:20 08-Nov-2018,Argos,B,13.3818,144.8841,6677,9711,4590,113,,,,,,
176764,176764,Mk10,07:25:20 08-Nov-2018,Argos,B,13.4019,144.8535,6881,16610,2850,93,,,,,,
176764,176764,Mk10,07:50:48 08-Nov-2018,Argos,A,13.4064,144.7997,5819,17867,1895,62,,,,,,
176764,176764,Mk10,09:50:23 08-Nov-2018,Argos,A,13.4149,144.8026,1827,5301,629,103,,,,,,
176764,176764,Mk10,12:10:37 08-Nov-2018,Argos,A,13.4129,144.7866,1439,11347,182,92,,,,,,
176764,176764,Mk10,18:24:37 08-Nov-2018,Argos,0,13.4045,144.8349,2132,23845,190,94,,,,,,
176764,176764,Mk10,22:06:57 08-Nov-2018,Argos,B,13.3945,144.8537,2649,10968,639,84,,,,,,
176764,176764,Mk10,22:30:16 08-Nov-2018,Argos,A,13.4015,144.8455,4674,65515,333,99,,,,,,
176764,176764,Mk10,23:02:05 08-Nov-2018,Argos,B,13.3992,144.8305,5605,22508,1395,101,,,,,,
176764,176764,Mk10,07:24:17 09-Nov-2018,Argos,B,13.3985,144.7899,7769,12498,4829,93,,,,,,
176764,176764,Mk10,08:07:08 09-Nov-2018,Argos,B,13.3943,144.7881,2520,26364,240,163,,,,,,
176764,176764,Mk10,21:32:55 09-Nov-2018,Argos,B,13.3972,144.7778,3292,5003,2166,141,,,,,,
176764,176764,Mk10,00:26:47 10-Nov-2018,Argos,B,13.4061,144.7593,2402,8182,704,84,,,,,,
