Prog,PTT,Len,Satellite,Class,Pass,PassDate,PassTime,Latitude,Longitude,Comment,Frequency,Power,IQ,Dups,MsgDate,MsgTime,Latitude2,Longitude2,Duration,Error radius,Error Semi-major axis,Error Semi-minor axis,Error Ellipse orientation,Offset,Offset orientation,SENSOR #01,SENSOR #02,SENSOR #03,SENSOR #04,SENSOR #05,SENSOR #06,SENSOR #07,SENSOR #08,SENSOR #09,SENSOR #10,SENSOR #11,SENSOR #12,SENSOR #13,SENSOR #14,SENSOR #15,SENSOR #16,SENSOR #17,SENSOR #18,SENSOR #19,SENSOR #20,SENSOR #21,SENSOR #22,SENSOR #23,SENSOR #24,SENSOR #25,SENSOR #26,SENSOR #27,SENSOR #28,SENSOR #29,SENSOR #30,SENSOR #31,SENSOR #32
5947,166342,27,A,B,3,07-Oct-2016,18:08:08,47.6800,-122.1340,,401677430,-129,,0,07-Oct-2016,18:08:09,,,,,,,,,,4,2,143,34,8,101,205,48,0,0,0,5,0,81,13,12,60,0,3,128,70,32,130,47,96,3,251,,,,,
5947,166342,27,B,2,4,07-Oct-2016,18:56:53,47.6770,-122.1370,,401677435,-126,,0,07-Oct-2016,18:55:09,,,240,,,,,,,6,188,223,45,200,0,63,51,40,20,0,5,0,81,13,13,64,0,3,113,6,128,22,0,4,255,192,,,,,
5947,166342,27,B,2,4,07-Oct-2016,18:56:53,47.6770,-122.1370,,401677435,-126,,0,07-Oct-2016,18:56:09,,,240,,,,,,,6,2,143,46,8,35,145,51,56,36,0,5,0,81,13,13,64,0,2,128,22,0,4,255,192,0,0,,,,,
5947,166342,27,B,2,4,07-Oct-2016,18:56:53,47.6770,-122.1370,,401677435,-126,,0,07-Oct-2016,18:57:09,,,240,,,,,,,6,188,223,46,72,0,65,51,56,20,0,5,0,81,13,13,64,0,3,50,218,128,22,0,4,255,192,,,,,
5947,166342,27,B,2,4,07-Oct-2016,18:56:53,47.6770,-122.1370,,401677435,-126,,0,07-Oct-2016,18:59:09,,,240,,,,,,,6,180,225,46,200,0,67,51,40,20,0,5,0,81,13,13,64,0,3,40,52,128,22,0,4,255,192,,,,,
5947,166342,27,A,3,5,07-Oct-2016,19:42:38,47.6780,-122.1350,,401677436,-120,,0,07-Oct-2016,19:41:09,,,360,,,,,,,6,180,239,58,72,0,109,51,40,20,0,7,48,81,13,13,64,0,3,234,206,128,22,0,4,255,192,,,,,
5947,166342,27,A,3,5,07-Oct-2016,19:42:38,47.6780,-122.1350,,401677436,-120,,0,07-Oct-2016,19:42:09,,,360,,,,,,,6,2,143,58,136,127,248,51,56,20,0,7,48,81,13,13,64,0,2,128,22,0,4,255,192,0,0,,,,,
5947,166342,27,A,3,5,07-Oct-2016,19:42:38,47.6780,-122.1350,,401677436,-120,,0,07-Oct-2016,19:43:09,,,360,,,,,,,6,180,239,58,200,0,111,51,40,19,240,7,48,81,13,13,60,0,3,185,229,128,22,0,4,255,192,,,,,
5947,166342,27,A,3,5,07-Oct-2016,19:42:38,47.6780,-122.1350,,401677436,-120,,0,07-Oct-2016,19:44:09,,,360,,,,,,,6,2,143,59,8,79,9,51,40,20,0,7,48,81,13,13,64,0,2,128,22,0,4,255,192,0,0,,,,,
5947,166342,27,A,3,5,07-Oct-2016,19:42:38,47.6780,-122.1350,,401677436,-120,,0,07-Oct-2016,19:45:09,,,360,,,,,,,6,180,239,59,72,0,113,51,40,36,0,7,48,81,13,13,64,0,3,45,66,128,22,0,4,255,192,,,,,
5947,166342,27,A,3,5,07-Oct-2016,19:42:38,47.6780,-122.1350,,401677436,-120,,0,07-Oct-2016,19:46:09,,,360,,,,,,,6,2,143,59,136,234,165,51,56,20,0,7,48,81,13,13,64,0,2,128,22,0,4,255,192,0,0,,,,,
5947,166342,27,A,3,5,07-Oct-2016,19:42:38,47.6780,-122.1350,,401677436,-120,,0,07-Oct-2016,19:47:09,,,360,,,,,,,6,180,241,59,200,0,115,51,40,20,0,7,48,81,13,13,60,0,3,127,147,128,22,0,4,255,192,,,,,
5947,166342,27,P,2,6,07-Oct-2016,19:55:38,47.6780,-122.1330,,401677436,-133,,0,07-Oct-2016,19:55:09,,,300,,,,,,,6,180,241,61,200,0,123,51,40,20,0,7,48,81,13,13,60,0,3,136,209,128,22,0,4,255,192,,,,,
5947,166342,27,P,2,6,07-Oct-2016,19:55:38,47.6780,-122.1330,,401677436,-133,,0,07-Oct-2016,19:56:09,,,300,,,,,,,6,2,143,62,8,158,179,51,40,20,0,7,48,81,13,9,60,0,2,128,22,0,4,255,192,0,0,,,,,
5947,166342,27,P,2,6,07-Oct-2016,19:55:38,47.6780,-122.1330,,401677436,-133,,0,07-Oct-2016,19:58:09,,,300,,,,,,,6,2,143,62,136,142,59,51,40,19,240,7,48,81,13,13,56,0,2,128,22,0,4,255,192,0,0,,,,,
5947,166342,27,P,2,6,07-Oct-2016,19:55:38,47.6780,-122.1330,,401677436,-133,,0,07-Oct-2016,19:59:09,,,300,,,,,,,6,188,241,190,200,0,127,51,56,20,0,7,48,81,13,13,60,16,3,79,126,128,22,0,4,255,192,,,,,
5947,166342,27,P,2,6,07-Oct-2016,19:55:38,47.6780,-122.1330,,401677436,-133,,0,07-Oct-2016,20:00:09,,,300,,,,,,,6,2,143,64,8,210,236,51,40,20,0,7,48,81,13,13,56,0,2,128,20,2,4,255,192,0,0,,,,,
5947,166342,27,P,3,7,07-Oct-2016,21:36:23,47.6780,-122.1350,,401677434,-120,,0,07-Oct-2016,21:34:09,,,420,,,,,,,6,2,143,88,136,189,78,51,40,19,240,7,48,81,13,13,60,0,2,128,22,0,4,255,192,0,0,,,,,
5947,166342,27,P,3,7,07-Oct-2016,21:36:23,47.6780,-122.1350,,401677434,-120,,0,07-Oct-2016,21:36:09,,,420,,,,,,,6,2,143,89,8,78,123,51,40,19,240,7,48,81,13,13,60,0,2,128,22,0,4,255,192,0,0,,,,,
5947,166342,27,P,3,7,07-Oct-2016,21:36:23,47.6780,-122.1350,,401677434,-120,,0,07-Oct-2016,21:37:09,,,420,,,,,,,6,188,247,89,72,0,225,51,40,19,240,7,48,81,13,13,60,0,3,218,134,128,22,0,4,255,192,,,,,
5947,166342,27,P,3,7,07-Oct-2016,21:36:23,47.6780,-122.1350,,401677434,-120,,0,07-Oct-2016,21:38:09,,,420,,,,,,,6,2,143,89,136,110,230,51,40,20,0,7,48,81,13,13,60,0,2,128,22,0,4,255,192,0,0,,,,,
5947,166342,27,P,3,7,07-Oct-2016,21:36:23,47.6780,-122.1350,,401677434,-120,,0,07-Oct-2016,21:39:09,,,420,,,,,,,6,188,245,89,200,0,227,51,40,19,240,7,48,81,13,13,56,0,3,220,115,128,22,0,4,255,192,,,,,
5947,166342,27,P,3,7,07-Oct-2016,21:36:23,47.6780,-122.1350,,401677434,-120,,0,07-Oct-2016,21:40:09,,,420,,,,,,,6,2,143,90,8,32,10,51,40,19,240,7,48,81,13,13,64,0,2,128,22,0,4,255,192,0,0,,,,,
5947,166342,27,P,3,7,07-Oct-2016,21:36:23,47.6780,-122.1350,,401677434,-120,,0,07-Oct-2016,21:41:09,,,420,,,,,,,6,188,245,90,72,0,229,51,24,19,240,7,48,81,13,13,60,0,3,23,195,128,22,0,4,255,192,,,,,
5947,166342,27,P,3,8,07-Oct-2016,23:19:18,47.6760,-122.1360,,401677434,-126,,0,07-Oct-2016,23:16:09,,,360,,,,,,,6,2,143,116,8,30,191,51,40,19,240,7,48,81,13,13,64,0,2,128,22,0,4,255,192,0,0,,,,,
5947,166342,27,P,3,8,07-Oct-2016,23:19:18,47.6760,-122.1360,,401677434,-126,,0,07-Oct-2016,23:17:09,,,360,,,,,,,6,188,245,116,72,1,69,51,40,19,240,7,48,81,13,13,60,0,3,75,81,128,22,0,4,255,192,,,,,
5947,166342,27,P,3,8,07-Oct-2016,23:19:18,47.6760,-122.1360,,401677434,-126,,0,07-Oct-2016,23:19:09,,,360,,,,,,,6,188,245,116,200,1,71,51,40,19,240,7,48,81,13,13,60,0,3,207,26,128,22,0,4,255,192,,,,,
5947,166342,27,P,3,8,07-Oct-2016,23:19:18,47.6760,-122.1360,,401677434,-126,,0,07-Oct-2016,23:20:09,,,360,,,,,,,6,2,143,117,8,217,179,51,56,19,240,7,48,81,13,13,60,0,2,128,22,0,4,255,192,0,0,,,,,
5947,166342,27,P,3,8,07-Oct-2016,23:19:18,47.6760,-122.1360,,401677434,-126,,0,07-Oct-2016,23:21:09,,,360,,,,,,,6,188,245,117,72,1,73,51,40,18,15,247,63,161,38,61,96,128,127,247,140,129,125,129,187,27,63,,,,,
5947,166342,27,P,3,8,07-Oct-2016,23:19:18,47.6760,-122.1360,,401677434,-126,,0,07-Oct-2016,23:22:09,,,360,,,,,,,6,0,143,125,136,124,31,51,40,19,240,7,48,81,13,13,60,0,2,128,22,0,4,255,192,1,0,,,,,
5947,166342,27,N,3,9,08-Oct-2016,00:02:08,47.6780,-122.1350,,401677432,-123,,0,08-Oct-2016,00:00:09,,,360,,,,,,,6,2,144,0,8,4,63,51,40,19,240,7,48,1,15,253,60,4,2,128,22,0,4,255,192,0,0,,,,,
5947,166342,27,N,3,9,08-Oct-2016,00:02:08,47.6780,-122.1350,,401677432,-123,,0,08-Oct-2016,00:01:09,,,360,,,,,,,6,188,240,0,72,1,113,51,40,19,240,7,48,1,15,253,56,4,3,234,116,128,22,0,4,255,192,,,,,
5947,166342,27,N,3,9,08-Oct-2016,00:02:08,47.6780,-122.1350,,401677432,-123,,0,08-Oct-2016,00:02:09,,,360,,,,,,,6,2,144,0,136,86,13,51,24,19,240,7,48,1,15,253,56,4,2,128,22,0,4,255,192,0,0,,,,,
5947,166342,27,N,3,9,08-Oct-2016,00:02:08,47.6780,-122.1350,,401677432,-123,,0,08-Oct-2016,00:03:09,,,360,,,,,,,6,188,240,0,200,1,115,51,24,19,240,7,48,1,15,253,56,4,3,106,112,128,22,0,4,255,192,,,,,
5947,166342,27,N,3,9,08-Oct-2016,00:02:08,47.6780,-122.1350,,401677432,-123,,0,08-Oct-2016,00:04:09,,,360,,,,,,,6,2,144,1,8,149,45,51,24,19,240,7,48,1,15,253,60,4,2,128,22,0,4,255,192,0,0,,,,,
5947,166342,27,N,3,9,08-Oct-2016,00:02:08,47.6780,-122.1350,,401677432,-123,,0,08-Oct-2016,00:05:09,,,360,,,,,,,6,188,208,1,72,1,117,51,40,19,224,7,48,1,15,237,60,36,3,203,105,128,22,0,4,255,224,,,,,
5947,166342,27,N,3,9,08-Oct-2016,00:02:08,47.6780,-122.1350,,401677432,-123,,0,08-Oct-2016,00:06:09,,,360,,,,,,,6,2,144,1,136,247,10,51,40,19,240,7,48,1,15,253,60,4,2,128,22,0,4,255,192,0,0,,,,,
5947,166342,11,R, ,10,28-Oct-2016,07:10:11,,,,,,,0,28-Oct-2016,07:10:11,,,,,,,,,,38,207,178,184,64,157,2,159,27,86,0,,,,,,,,,,,,,,,,,,,,,
5947,166342,31,N,B,11,28-Oct-2016,07:53:24,15.0220,145.5490,,401677434,-128,,0,28-Oct-2016,07:52:29,,,112,,,,,,,126,140,2,184,69,96,38,61,197,38,161,188,223,100,60,41,216,79,39,147,93,45,189,188,72,110,20,248,24,16,140,
5947,166342,15,N,B,11,28-Oct-2016,07:53:24,15.0220,145.5490,,401677434,-128,,0,28-Oct-2016,07:54:21,,,112,,,,,,,18,59,210,184,71,118,154,0,0,128,0,129,128,0,0,,,,,,,,,,,,,,,,,
5947,166342,15,R,B,12,28-Oct-2016,08:50:03,15.0450,145.5560,,401677446,-130,,0,28-Oct-2016,08:49:36,,,55,,,,,,,18,59,210,184,71,118,154,0,0,128,0,129,128,0,0,,,,,,,,,,,,,,,,,
5947,166342,31,R,B,12,28-Oct-2016,08:50:03,15.0450,145.5560,,401677446,-130,,0,28-Oct-2016,08:50:31,,,55,,,,,,,126,140,2,184,69,96,38,61,197,38,161,188,223,100,60,41,216,79,39,147,93,45,189,188,72,110,20,248,24,16,140,
5947,166342,15,A,B,13,28-Oct-2016,11:53:23,15.0420,145.5720,,401677434,-118,,0,28-Oct-2016,11:53:24,,,,,,,,,,18,59,210,184,71,118,154,0,0,128,0,129,128,0,0,,,,,,,,,,,,,,,,,
5947,166342,11,N,B,14,29-Oct-2016,09:16:43,15.1210,145.6530,,401677429,-135,,0,29-Oct-2016,09:16:43,,,,,,,,,,41,61,98,186,0,155,119,1,0,0,0,,,,,,,,,,,,,,,,,,,,,
5947,166342,31,A,B,15,29-Oct-2016,23:58:45,15.0490,145.5950,,401677443,-126,,0,29-Oct-2016,23:58:20,,,51,,,,,,,113,15,114,186,102,236,96,85,127,90,141,224,132,177,252,149,225,249,52,10,118,12,201,89,48,126,77,137,195,5,0,
5947,166342,11,A,B,15,29-Oct-2016,23:58:45,15.0490,145.5950,,401677443,-126,,0,29-Oct-2016,23:59:11,,,51,,,,,,,38,180,114,186,192,154,120,25,64,5,0,,,,,,,,,,,,,,,,,,,,,
5947,166342,11,N,B,16,30-Oct-2016,07:31:11,15.0740,145.6080,,401677442,-130,,0,30-Oct-2016,07:31:12,,,,,,,,,,70,140,18,185,32,174,129,8,4,8,0,,,,,,,,,,,,,,,,,,,,,
5947,166342,15,R,B,17,30-Oct-2016,07:44:50,15.0460,145.6050,,401677449,-133,,0,30-Oct-2016,07:44:51,,,,,,,,,,59,200,98,185,40,128,6,4,0,16,0,1,0,0,0,,,,,,,,,,,,,,,,,
5947,166342,15,A,B,18,30-Oct-2016,12:54:56,15.0490,145.6040,,401677440,-127,,0,30-Oct-2016,12:54:57,,,,,,,,,,52,241,194,184,106,128,0,20,0,0,0,0,133,2,0,,,,,,,,,,,,,,,,,
5947,166342,11,P,B,19,31-Oct-2016,04:57:44,15.0780,145.6220,,401677442,-130,,0,31-Oct-2016,04:57:44,,,,,,,,,,38,180,114,161,10,56,243,0,147,7,243,,,,,,,,,,,,,,,,,,,,,
5947,166342,27,K,B,20,31-Oct-2016,21:25:15,15.0430,145.6090,,401677447,-128,,0,31-Oct-2016,21:25:16,,,72,,,,,,,4,197,107,86,79,3,31,252,168,157,230,185,113,155,102,105,102,80,207,35,73,170,216,143,146,249,140,,,,,
5947,166342,15,K,B,20,31-Oct-2016,21:25:15,15.0430,145.6090,,401677447,-128,,0,31-Oct-2016,21:26:28,,,72,,,,,,,30,158,98,168,59,53,82,218,0,216,69,128,246,88,50,,,,,,,,,,,,,,,,,
5947,166342,15,N,B,21,31-Oct-2016,21:26:27,15.0500,145.6180,,401677451,-135,,0,31-Oct-2016,21:26:28,,,,,,,,,,30,158,114,189,70,233,169,238,113,197,49,41,109,89,178,,,,,,,,,,,,,,,,,
5947,166342,7,P,B,22,01-Nov-2016,04:46:15,15.0580,145.6280,,401677450,-128,,0,01-Nov-2016,04:46:16,,,,,,,,,,34,96,194,189,32,154,120,,,,,,,,,,,,,,,,,,,,,,,,,
5947,166342,7,N,B,23,01-Nov-2016,08:41:44,15.0560,145.6290,,401677448,-123,,0,01-Nov-2016,08:41:45,,,,,,,,,,32,224,194,188,96,154,120,,,,,,,,,,,,,,,,,,,,,,,,,
5947,166342,11,P,B,24,01-Nov-2016,17:15:28,15.0440,145.6160,,401677448,-126,,0,01-Nov-2016,17:15:05,,,47,,,,,,,67,142,34,186,192,190,130,2,8,0,0,,,,,,,,,,,,,,,,,,,,,
5947,166342,11,P,B,24,01-Nov-2016,17:15:28,15.0440,145.6160,,401677448,-126,,0,01-Nov-2016,17:15:52,,,47,,,,,,,38,180,114,186,192,154,120,29,0,133,49,,,,,,,,,,,,,,,,,,,,,
5947,166342,11,R,B,25,01-Nov-2016,19:28:36,15.0440,145.6100,,401677451,-129,,0,01-Nov-2016,19:28:13,,,47,,,,,,,68,184,162,186,96,190,132,0,12,0,0,,,,,,,,,,,,,,,,,,,,,
5947,166342,15,R,B,25,01-Nov-2016,19:28:36,15.0440,145.6100,,401677451,-129,,0,01-Nov-2016,19:29:00,,,47,,,,,,,62,169,162,186,104,128,8,0,0,241,8,3,0,4,0,,,,,,,,,,,,,,,,,
5947,166342,7,A,B,26,01-Nov-2016,23:04:27,15.0540,145.6080,,401677455,-125,,0,01-Nov-2016,23:04:04,,,47,,,,,,,55,137,66,186,0,120,133,,,,,,,,,,,,,,,,,,,,,,,,,
5947,166342,11,A,B,26,01-Nov-2016,23:04:27,15.0540,145.6080,,401677455,-125,,0,01-Nov-2016,23:04:51,,,47,,,,,,,41,61,98,186,0,155,119,1,0,0,0,,,,,,,,,,,,,,,,,,,,,
5947,166342,11,R,B,27,02-Nov-2016,07:52:53,15.0540,145.6010,,401677457,-126,,0,02-Nov-2016,07:52:53,,,,,,,,,,53,219,18,184,65,128,65,128,0,0,0,,,,,,,,,,,,,,,,,,,,,
5947,166342,15,R,B,28,02-Nov-2016,09:27:26,15.0510,145.6050,,401677452,-132,,0,02-Nov-2016,09:27:27,,,,,,,,,,18,59,210,184,71,118,154,0,0,128,0,129,128,0,0,,,,,,,,,,,,,,,,,
5947,166342,15,N,B,29,02-Nov-2016,21:14:11,15.0540,145.5940,,401677447,-127,,0,02-Nov-2016,21:14:11,,,,,,,,,,22,114,146,194,102,4,61,66,234,26,5,128,0,0,0,,,,,,,,,,,,,,,,,
5947,166342,15,N,B,30,03-Nov-2016,08:18:11,15.0480,145.5900,,401677445,-129,,0,03-Nov-2016,08:18:12,,,,,,,,,,63,142,82,189,39,128,6,0,8,0,0,128,0,0,0,,,,,,,,,,,,,,,,,
5947,166342,11,K,B,31,03-Nov-2016,20:13:04,15.0470,145.5860,,401677446,-124,,0,03-Nov-2016,20:13:04,,,,,,,,,,55,57,226,188,0,105,129,4,4,0,0,,,,,,,,,,,,,,,,,,,,,
5947,166342,11,K,B,32,05-Nov-2016,06:49:12,15.0400,145.5950,,401677447,-129,,0,05-Nov-2016,06:48:49,,,47,,,,,,,42,139,50,198,192,154,120,24,34,194,128,,,,,,,,,,,,,,,,,,,,,
5947,166342,31,K,B,32,05-Nov-2016,06:49:12,15.0400,145.5950,,401677447,-129,,0,05-Nov-2016,06:49:36,,,47,,,,,,,127,177,50,190,134,208,31,11,207,95,81,221,143,127,170,136,241,169,101,10,107,14,135,87,24,184,80,76,0,0,0,
5947,166342,11,R,B,33,05-Nov-2016,07:58:14,15.0400,145.5950,,401677448,-127,,0,05-Nov-2016,07:58:15,,,,,,,,,,17,204,130,198,197,0,129,0,252,136,0,,,,,,,,,,,,,,,,,,,,,
5947,166342,15,B,B,34,05-Nov-2016,11:39:37,15.0380,145.5930,,401677448,-130,,0,05-Nov-2016,11:39:38,,,,,,,,,,27,112,82,198,102,0,132,7,111,158,128,128,0,0,0,,,,,,,,,,,,,,,,,
5947,166342,11,P,B,35,05-Nov-2016,16:37:21,15.0380,145.5930,,401677449,-136,,0,05-Nov-2016,16:37:21,,,,,,,,,,49,97,66,198,0,90,130,0,0,16,16,,,,,,,,,,,,,,,,,,,,,
5947,166342,11,N,B,36,06-Nov-2016,07:43:54,15.0370,145.5890,,401677451,-129,,0,06-Nov-2016,07:43:55,,,,,,,,,,69,52,226,195,32,174,129,128,6,2,112,,,,,,,,,,,,,,,,,,,,,
5947,166342,11,K,B,37,07-Nov-2016,07:36:51,15.0330,145.5850,,401677451,-127,,0,07-Nov-2016,07:36:51,,,,,,,,,,78,222,226,190,0,206,131,233,58,230,112,,,,,,,,,,,,,,,,,,,,,
5947,166342,11,N,B,38,07-Nov-2016,07:36:51,15.0330,145.5920,,401677450,-127,,0,07-Nov-2016,07:36:51,,,,,,,,,,78,222,226,190,0,206,130,88,1,115,38,,,,,,,,,,,,,,,,,,,,,
5947,166342,11,R,B,39,07-Nov-2016,08:37:54,15.0370,145.5910,,401677447,-127,,0,07-Nov-2016,08:37:54,,,,,,,,,,60,25,162,190,0,88,129,2,12,0,0,,,,,,,,,,,,,,,,,,,,,
5947,166342,27,N, ,40,08-Nov-2016,09:08:34,,,,,,,0,08-Nov-2016,09:08:34,,,,,,,,,,117,194,21,85,85,85,85,85,85,85,74,170,183,163,50,197,116,98,164,116,223,180,70,9,166,215,57,,,,,
5947,166342,15,P, ,41,08-Nov-2016,17:35:39,,,,,,,0,08-Nov-2016,17:35:39,,,,,,,,,,20,178,210,202,103,0,130,129,112,20,140,28,26,91,255,,,,,,,,,,,,,,,,,
5947,166342,7,R, ,42,08-Nov-2016,20:49:38,,,,,,,0,08-Nov-2016,20:49:38,,,,,,,,,,37,129,98,202,0,154,127,,,,,,,,,,,,,,,,,,,,,,,,,
5947,166342,11,A,B,43,09-Nov-2016,00:00:21,15.0510,145.5750,,401677448,-120,,0,08-Nov-2016,23:59:23,,,58,,,,,,,24,65,98,137,37,0,130,129,119,12,0,,,,,,,,,,,,,,,,,,,,,
5947,166342,7,A,B,43,09-Nov-2016,00:00:21,15.0510,145.5750,,401677448,-120,,0,09-Nov-2016,00:00:21,,,58,,,,,,,69,144,82,200,192,222,131,,,,,,,,,,,,,,,,,,,,,,,,,
5947,166342,7,P,B,44,09-Nov-2016,04:47:26,15.0170,145.6130,,401677450,-129,,0,09-Nov-2016,04:47:03,,,48,,,,,,,70,120,82,200,0,222,133,,,,,,,,,,,,,,,,,,,,,,,,,
5947,166342,11,P,B,44,09-Nov-2016,04:47:26,15.0170,145.6130,,401677450,-129,,0,09-Nov-2016,04:47:51,,,48,,,,,,,49,153,130,200,0,56,129,0,4,16,16,,,,,,,,,,,,,,,,,,,,,
5947,166342,11,N,B,45,09-Nov-2016,08:56:14,15.0120,145.6220,,401677452,-126,,0,09-Nov-2016,08:56:14,,,,,,,,,,24,204,130,199,37,1,2,131,120,155,0,,,,,,,,,,,,,,,,,,,,,
5947,166342,11,R, ,46,10-Nov-2016,19:44:35,,,,,,,0,10-Nov-2016,19:44:35,,,,,,,,,,62,248,210,208,96,54,131,2,4,0,0,,,,,,,,,,,,,,,,,,,,,
5947,166342,11,A,A,47,10-Nov-2016,23:16:20,15.0390,145.5960,,401677449,-118,,0,10-Nov-2016,23:15:30,,,101,,,,,,,46,233,82,208,0,138,0,247,128,0,0,,,,,,,,,,,,,,,,,,,,,
5947,166342,15,A,A,47,10-Nov-2016,23:16:20,15.0390,145.5960,,401677449,-118,,0,10-Nov-2016,23:16:21,,,101,,,,,,,25,219,178,208,9,1,5,130,43,108,175,7,2,0,128,,,,,,,,,,,,,,,,,
5947,166342,31,A,A,47,10-Nov-2016,23:16:20,15.0390,145.5960,,401677449,-118,,0,10-Nov-2016,23:17:11,,,101,,,,,,,112,174,194,202,212,139,96,19,56,243,42,247,251,4,59,139,77,69,29,29,11,26,74,150,88,83,157,144,72,197,192,
5947,166342,11,R,B,48,11-Nov-2016,19:17:51,15.0410,145.5930,,401677449,-131,,0,11-Nov-2016,19:17:51,,,,,,,,,,62,219,114,204,0,120,137,224,132,39,249,,,,,,,,,,,,,,,,,,,,,
5947,166342,15,A,B,49,12-Nov-2016,11:44:27,15.0400,145.6150,,401677452,-121,,0,12-Nov-2016,11:44:27,,,,,,,,,,23,108,210,216,8,2,10,150,181,108,218,170,31,128,0,,,,,,,,,,,,,,,,,
5947,166342,11,P,B,50,12-Nov-2016,18:32:51,15.0360,145.6110,,401677453,-130,,0,12-Nov-2016,18:32:51,,,,,,,,,,70,88,82,214,96,174,129,0,0,8,0,,,,,,,,,,,,,,,,,,,,,
5947,166342,11,R,B,51,13-Nov-2016,08:47:54,15.0310,145.6200,,401677453,-129,,0,13-Nov-2016,08:47:54,,,,,,,,,,34,134,178,210,192,138,33,248,128,0,0,,,,,,,,,,,,,,,,,,,,,
5947,166342,11,P,A,52,14-Nov-2016,03:58:29,15.0530,145.6190,,401677453,-131,,0,14-Nov-2016,03:57:27,,,124,,,,,,,57,23,146,207,38,128,0,4,24,16,64,,,,,,,,,,,,,,,,,,,,,
5947,166342,11,P,A,52,14-Nov-2016,03:58:29,15.0530,145.6190,,401677453,-131,,0,14-Nov-2016,03:58:31,,,124,,,,,,,39,56,82,207,32,138,36,246,0,0,0,,,,,,,,,,,,,,,,,,,,,
5947,166342,23,P,A,52,14-Nov-2016,03:58:29,15.0530,145.6190,,401677453,-131,,0,14-Nov-2016,03:59:31,,,124,,,,,,,119,25,98,207,102,38,148,103,23,57,157,62,244,13,207,116,79,222,130,25,36,180,64,,,,,,,,,
5947,166342,11,B,B,53,15-Nov-2016,00:32:39,15.0550,145.6260,,401677450,-130,,0,15-Nov-2016,00:32:40,,,,,,,,,,61,219,146,220,96,72,129,0,0,8,0,,,,,,,,,,,,,,,,,,,,,
5947,166342,11,N,B,54,15-Nov-2016,20:16:26,15.0420,145.5960,,401677452,-124,,0,15-Nov-2016,20:16:27,,,236,,,,,,,75,6,18,216,192,190,129,0,12,0,0,,,,,,,,,,,,,,,,,,,,,
5947,166342,11,N,B,54,15-Nov-2016,20:16:26,15.0420,145.5960,,401677452,-124,,0,15-Nov-2016,20:20:23,,,236,,,,,,,49,47,44,188,193,8,70,108,40,233,101,,,,,,,,,,,,,,,,,,,,,
5947,166342,11,P,B,55,16-Nov-2016,05:09:07,15.0250,145.6030,,401677454,-127,,0,16-Nov-2016,05:08:35,,,66,,,,,,,48,224,130,214,195,128,6,4,0,0,0,,,,,,,,,,,,,,,,,,,,,
5947,166342,31,P,B,55,16-Nov-2016,05:09:07,15.0250,145.6030,,401677454,-127,,0,16-Nov-2016,05:09:41,,,66,,,,,,,115,57,130,217,7,71,30,17,145,239,75,163,248,131,16,116,203,91,232,28,108,39,106,2,25,97,48,60,0,0,0,
5947,166342,11,B,B,56,16-Nov-2016,11:14:26,15.0380,145.6060,,401677456,-131,,0,16-Nov-2016,11:14:26,,,,,,,,,,49,191,162,214,0,104,129,8,129,189,10,,,,,,,,,,,,,,,,,,,,,
5947,166342,27,K,B,57,17-Nov-2016,06:52:37,15.0460,145.6150,,401677458,-135,,0,17-Nov-2016,06:52:14,,,47,,,,,,,4,197,100,109,13,4,218,51,24,3,80,4,192,152,83,253,68,0,67,28,140,128,93,32,40,224,5,,,,,
5947,166342,31,K,B,57,17-Nov-2016,06:52:37,15.0460,145.6150,,401677458,-135,,0,17-Nov-2016,06:53:01,,,47,,,,,,,127,89,2,212,69,48,28,131,125,139,171,152,200,140,90,9,10,112,123,253,69,112,81,144,153,64,252,64,0,0,0,
5947,166342,15,R,B,58,17-Nov-2016,08:29:43,15.1110,145.4520,,401677332,-132,,0,17-Nov-2016,08:29:43,,,,,,,,,,136,138,96,186,145,244,211,2,207,94,102,196,248,47,180,,,,,,,,,,,,,,,,,
5947,166342,23,N,B,59,17-Nov-2016,21:40:01,14.9900,145.3560,,401677472,-127,,0,17-Nov-2016,21:40:02,,,,,,,,,,118,130,146,224,199,67,148,21,159,92,95,211,185,237,178,181,163,240,238,153,153,68,72,,,,,,,,,
5947,166342,7,N,B,60,18-Nov-2016,08:46:47,14.9620,145.4450,,401677453,-131,,0,18-Nov-2016,08:46:48,,,,,,,,,,32,225,34,220,96,154,120,,,,,,,,,,,,,,,,,,,,,,,,,
5947,166342,19,N,B,61,18-Nov-2016,21:23:00,15.0450,145.5020,,401677418,-124,,0,18-Nov-2016,21:23:01,,,,,,,,,,75,9,114,202,127,128,52,158,136,25,220,229,95,208,0,26,34,153,75,,,,,,,,,,,,,
5947,166342,11,B,B,62,19-Nov-2016,00:47:23,15.0470,145.5600,,401677453,-127,,0,19-Nov-2016,00:47:00,,,47,,,,,,,32,93,34,217,32,138,116,191,0,0,0,,,,,,,,,,,,,,,,,,,,,
5947,166342,15,B,B,62,19-Nov-2016,00:47:23,15.0470,145.5600,,401677453,-127,,0,19-Nov-2016,00:47:47,,,47,,,,,,,24,118,226,217,40,1,252,171,202,5,190,49,0,128,0,,,,,,,,,,,,,,,,,
5947,166342,11,N,B,63,19-Nov-2016,08:33:49,15.0540,145.5800,,401677446,-129,,0,19-Nov-2016,08:33:50,,,,,,,,,,64,118,162,216,0,206,129,6,0,0,0,,,,,,,,,,,,,,,,,,,,,
5947,166342,11,K,B,64,19-Nov-2016,09:16:18,15.0510,145.5810,,401677445,-132,,0,19-Nov-2016,09:16:19,,,,,,,,,,48,37,210,216,0,88,129,2,8,0,0,,,,,,,,,,,,,,,,,,,,,
5947,166342,31,N,B,65,19-Nov-2016,21:14:05,15.0420,145.6090,,401677451,-125,,0,19-Nov-2016,21:14:05,,,,,,,,,,115,57,130,217,7,71,30,17,145,239,75,163,248,131,16,116,203,91,232,28,108,39,106,2,137,99,48,124,80,10,48,
5947,166342,11,A,B,66,20-Nov-2016,01:13:44,15.0440,145.6030,,401677449,-126,,0,20-Nov-2016,01:13:45,,,,,,,,,,46,180,162,228,192,138,126,28,128,0,0,,,,,,,,,,,,,,,,,,,,,
5947,166342,15,R,B,67,20-Nov-2016,19:35:49,15.0410,145.5900,,401677450,-124,,0,20-Nov-2016,19:35:19,,,62,,,,,,,23,109,66,226,104,0,134,161,125,166,4,133,2,128,0,,,,,,,,,,,,,,,,,
5947,166342,27,R,B,67,20-Nov-2016,19:35:49,15.0410,145.5900,,401677450,-124,,0,20-Nov-2016,19:36:21,,,62,,,,,,,117,204,130,229,7,164,27,112,75,53,134,133,16,96,126,250,62,30,168,191,210,125,0,240,0,62,24,,,,,
5947,166342,11,K,B,68,20-Nov-2016,21:24:25,15.0410,145.6000,,401677455,-128,,0,20-Nov-2016,21:24:25,,,,,,,,,,48,34,50,225,40,113,201,64,222,129,2,,,,,,,,,,,,,,,,,,,,,
5947,166342,15,A,A,69,22-Nov-2016,00:26:10,15.0450,145.6160,,401677458,-120,,0,22-Nov-2016,00:25:21,,,100,,,,,,,76,116,82,235,32,126,129,0,0,8,32,0,128,0,0,,,,,,,,,,,,,,,,,
5947,166342,11,A,A,69,22-Nov-2016,00:26:10,15.0450,145.6160,,401677458,-120,,0,22-Nov-2016,00:26:11,,,100,,,,,,,53,113,98,235,38,128,2,4,8,32,32,,,,,,,,,,,,,,,,,,,,,
5947,166342,23,A,A,69,22-Nov-2016,00:26:10,15.0450,145.6160,,401677458,-120,,0,22-Nov-2016,00:27:01,,,100,,,,,,,125,136,66,224,101,67,144,165,187,133,65,96,154,22,155,206,253,153,84,66,192,0,0,,,,,,,,,
5947,166342,11,R, ,70,23-Nov-2016,19:40:32,,,,,,,0,23-Nov-2016,19:40:32,,,,,,,,,,38,254,82,228,0,139,69,107,3,128,0,,,,,,,,,,,,,,,,,,,,,
5947,166342,15,P,B,71,24-Nov-2016,03:40:51,15.0460,145.6070,,401677457,-133,,0,24-Nov-2016,03:40:22,,,59,,,,,,,20,103,178,226,8,1,4,128,132,169,238,13,4,128,0,,,,,,,,,,,,,,,,,
5947,166342,27,P,B,71,24-Nov-2016,03:40:51,15.0460,145.6070,,401677457,-133,,0,24-Nov-2016,03:41:21,,,59,,,,,,,4,2,240,58,84,79,223,50,88,4,80,4,192,164,83,253,68,0,66,128,115,128,51,239,128,0,0,,,,,
5947,166342,31,P,B,72,24-Nov-2016,05:16:40,15.0550,145.6130,,401677453,-132,,0,24-Nov-2016,05:16:41,,,,,,,,,,116,138,66,232,5,64,225,57,58,103,175,234,240,173,141,157,163,149,2,163,73,244,123,25,61,26,209,156,150,132,128,
5947,166342,31,R,B,73,24-Nov-2016,08:01:57,15.0580,145.6150,,401677450,-134,,0,24-Nov-2016,08:01:57,,,,,,,,,,117,10,210,231,22,118,157,100,6,62,176,191,100,69,239,51,197,3,141,130,179,235,66,133,217,197,104,52,0,0,0,
5947,166342,11,N,A,74,24-Nov-2016,20:18:08,15.0620,145.5820,,401677450,-132,,0,24-Nov-2016,20:18:08,,,103,,,,,,,79,182,34,238,0,190,129,2,8,0,0,,,,,,,,,,,,,,,,,,,,,
5947,166342,11,N,A,74,24-Nov-2016,20:18:08,15.0620,145.5820,,401677450,-132,,0,24-Nov-2016,20:18:55,,,103,,,,,,,59,113,226,238,1,90,137,5,4,0,0,,,,,,,,,,,,,,,,,,,,,
5947,166342,31,N,A,74,24-Nov-2016,20:18:08,15.0620,145.5820,,401677450,-132,,0,24-Nov-2016,20:19:51,,,103,,,,,,,118,27,48,26,139,9,102,215,148,175,0,0,192,26,176,70,29,207,21,198,155,155,79,2,18,125,215,146,76,226,68,
5947,166342,11,R,B,75,24-Nov-2016,20:48:48,15.0510,145.6010,,401677449,-131,,0,24-Nov-2016,20:48:49,,,,,,,,,,47,26,2,238,128,10,32,237,255,74,125,,,,,,,,,,,,,,,,,,,,,
5947,166342,11,A,B,76,24-Nov-2016,23:30:12,15.0470,145.6050,,401677453,-131,,0,24-Nov-2016,23:30:12,,,,,,,,,,45,236,2,236,192,137,120,25,64,5,0,,,,,,,,,,,,,,,,,,,,,
5947,166342,11,B,B,77,25-Nov-2016,00:23:51,15.0480,145.6030,,401677452,-129,,0,25-Nov-2016,00:23:52,,,,,,,,,,73,244,34,236,96,190,193,0,5,239,223,,,,,,,,,,,,,,,,,,,,,
5947,166342,11,P,B,78,25-Nov-2016,05:05:12,15.0370,145.6210,,401677453,-129,,0,25-Nov-2016,05:04:45,,,56,,,,,,,53,113,98,235,38,128,2,4,8,32,32,,,,,,,,,,,,,,,,,,,,,
5947,166342,11,P,B,78,25-Nov-2016,05:05:12,15.0370,145.6210,,401677453,-129,,0,25-Nov-2016,05:05:41,,,56,,,,,,,36,198,18,235,32,138,117,130,128,0,0,,,,,,,,,,,,,,,,,,,,,
5947,166342,11,K,B,79,25-Nov-2016,08:25:08,15.0290,145.6280,,401677456,-133,,0,25-Nov-2016,08:25:09,,,,,,,,,,41,249,66,234,96,138,54,125,128,0,0,,,,,,,,,,,,,,,,,,,,,
5947,166342,11,R,B,80,25-Nov-2016,09:09:20,15.0300,145.6240,,401677457,-135,,0,25-Nov-2016,09:09:20,,,,,,,,,,16,121,50,234,100,0,216,231,78,0,0,,,,,,,,,,,,,,,,,,,,,
5947,166342,11,R,B,81,26-Nov-2016,08:43:34,15.0370,145.6240,,401677456,-126,,0,26-Nov-2016,08:43:35,,,,,,,,,,33,171,162,230,96,138,5,242,128,0,0,,,,,,,,,,,,,,,,,,,,,
5947,166342,11,N,B,82,26-Nov-2016,21:37:13,15.0100,145.6580,Lat > 4 deviations from mean,401677440,-131,,0,26-Nov-2016,21:37:14,,,,,,,,,,27,171,226,244,196,32,131,114,164,128,0,,,,,,,,,,,,,,,,,,,,,
5947,166342,27,P,B,83,27-Nov-2016,04:50:25,15.0560,145.6060,,401677452,-126,,0,27-Nov-2016,04:50:02,,,47,,,,,,,4,2,246,76,129,128,198,49,231,229,32,4,192,140,79,253,68,0,66,128,127,128,50,97,40,187,163,,,,,
5947,166342,7,P,B,83,27-Nov-2016,04:50:25,15.0560,145.6060,,401677452,-126,,0,27-Nov-2016,04:50:49,,,47,,,,,,,35,65,98,242,192,137,120,,,,,,,,,,,,,,,,,,,,,,,,,
5947,166342,11,P,B,84,28-Nov-2016,04:34:55,15.0440,145.6030,,401677449,-127,,0,28-Nov-2016,04:34:56,,,,,,,,,,43,203,178,238,96,138,5,242,128,0,0,,,,,,,,,,,,,,,,,,,,,
5947,166342,11,K,B,85,28-Nov-2016,08:52:52,15.0450,145.5940,,401677451,-126,,0,28-Nov-2016,08:52:53,,,,,,,,,,73,104,50,237,32,158,129,2,0,8,32,,,,,,,,,,,,,,,,,,,,,
5947,166342,11,A,B,86,28-Nov-2016,11:10:36,15.0450,145.5920,,401677451,-122,,0,28-Nov-2016,11:10:37,,,,,,,,,,32,169,162,237,32,138,119,143,128,0,0,,,,,,,,,,,,,,,,,,,,,
5947,166342,11,A,B,87,28-Nov-2016,12:49:27,15.0440,145.5920,,401677451,-126,,0,28-Nov-2016,12:49:28,,,,,,,,,,73,82,226,236,192,190,132,0,4,0,0,,,,,,,,,,,,,,,,,,,,,
5947,166342,11,P,B,88,28-Nov-2016,17:16:20,15.0450,145.5890,,401677450,-129,,0,28-Nov-2016,17:16:21,,,,,,,,,,19,85,233,72,41,3,110,126,125,66,203,,,,,,,,,,,,,,,,,,,,,
5947,166342,31,B,B,89,29-Nov-2016,00:35:30,15.0430,145.5880,,401677451,-134,,0,29-Nov-2016,00:35:31,,,,,,,,,,121,96,146,244,101,234,160,164,108,95,61,78,140,241,176,163,85,177,109,197,73,37,137,156,72,235,45,161,221,199,0,
5947,166342,11,P,B,90,29-Nov-2016,04:20:40,15.0450,145.5850,,401677452,-139,,0,29-Nov-2016,04:20:41,,,,,,,,,,20,148,66,248,100,0,193,35,107,128,0,,,,,,,,,,,,,,,,,,,,,
5947,166342,31,P,B,91,29-Nov-2016,16:57:58,15.0400,145.5900,,401677454,-130,,0,29-Nov-2016,16:57:58,,,,,,,,,,125,250,194,242,151,177,97,80,193,36,164,87,18,138,233,215,76,27,103,178,4,187,191,13,30,37,153,161,27,199,128,
5947,166342,11,B,B,92,30-Nov-2016,00:19:40,15.0400,145.5850,,401677454,-128,,0,30-Nov-2016,00:19:41,,,,,,,,,,67,237,2,244,192,206,131,4,0,0,0,,,,,,,,,,,,,,,,,,,,,
5947,166342,3,A,1,93,01-Dec-2016,00:39:24,15.0430,145.5910,,401677454,-119,,0,01-Dec-2016,00:38:10,,,151,,,,,,,33,112,146,,,,,,,,,,,,,,,,,,,,,,,,,,,,,
5947,166342,15,A,1,93,01-Dec-2016,00:39:24,15.0430,145.5910,,401677454,-119,,0,01-Dec-2016,00:38:57,,,151,,,,,,,30,99,34,240,9,1,6,0,130,237,189,55,18,15,0,,,,,,,,,,,,,,,,,
5947,166342,11,A,1,93,01-Dec-2016,00:39:24,15.0430,145.5910,,401677454,-119,,0,01-Dec-2016,00:39:51,,,151,,,,,,,66,36,34,239,32,158,129,0,4,8,16,,,,,,,,,,,,,,,,,,,,,
5947,166342,23,A,1,93,01-Dec-2016,00:39:24,15.0430,145.5910,,401677454,-119,,0,01-Dec-2016,00:40:41,,,151,,,,,,,116,226,210,253,69,52,81,123,48,236,217,248,37,130,144,115,241,165,224,66,64,0,0,,,,,,,,,
5947,166342,11,P,B,94,01-Dec-2016,04:07:22,15.0400,145.5930,,401677454,-137,,0,01-Dec-2016,04:07:23,,,48,,,,,,,70,138,242,252,192,174,129,8,0,16,0,,,,,,,,,,,,,,,,,,,,,
5947,166342,27,P,B,94,01-Dec-2016,04:07:22,15.0400,145.5930,,401677454,-137,,0,01-Dec-2016,04:08:11,,,48,,,,,,,120,172,2,252,214,73,216,29,210,160,236,79,226,236,181,101,45,215,48,58,155,97,165,160,7,0,0,,,,,
5947,166342,11,K,B,95,01-Dec-2016,07:40:07,15.0400,145.5940,,401677454,-129,,0,01-Dec-2016,07:40:07,,,,,,,,,,35,80,114,252,0,138,120,14,128,0,0,,,,,,,,,,,,,,,,,,,,,
5947,166342,31,N, ,96,02-Dec-2016,09:31:04,,,,,,,0,02-Dec-2016,09:31:04,,,,,,,,,,122,223,146,248,246,94,159,123,55,171,113,31,242,139,145,198,235,74,23,33,223,130,254,122,218,61,224,64,0,0,0,
5947,166342,11,A, ,97,03-Dec-2016,00:00:16,,,,,,,0,03-Dec-2016,00:00:16,,,,,,,,,,67,225,146,243,32,174,129,2,0,32,0,,,,,,,,,,,,,,,,,,,,,
5947,166342,7,K,A,98,03-Dec-2016,20:58:02,15.0360,145.5900,,401677452,-129,,0,03-Dec-2016,20:55:36,,,342,,,,,,,45,97,66,253,32,137,120,,,,,,,,,,,,,,,,,,,,,,,,,
5947,166342,15,K,A,98,03-Dec-2016,20:58:02,15.0360,145.5900,,401677452,-129,,0,03-Dec-2016,20:57:14,,,342,,,,,,,18,99,66,253,38,0,117,206,153,42,6,128,0,0,0,,,,,,,,,,,,,,,,,
5947,166342,11,K,A,98,03-Dec-2016,20:58:02,15.0360,145.5900,,401677452,-129,,0,03-Dec-2016,21:01:18,,,342,,,,,,,70,138,242,252,192,174,129,8,0,16,0,,,,,,,,,,,,,,,,,,,,,
5947,166342,27,P,B,99,04-Dec-2016,17:44:04,15.0380,145.5930,,401677451,-129,,0,04-Dec-2016,17:44:04,,,,,,,,,,123,250,19,3,116,60,219,151,105,146,232,150,110,157,162,204,206,237,239,76,0,105,166,225,68,64,0,,,,,
5947,166342,15,R,B,100,04-Dec-2016,20:36:27,15.0400,145.5910,,401677452,-122,,0,04-Dec-2016,20:36:27,,,,,,,,,,25,83,162,248,7,0,133,7,4,20,120,150,128,0,0,,,,,,,,,,,,,,,,,
5947,166342,15,K,B,101,04-Dec-2016,20:36:27,15.0400,145.5910,,401677453,-122,,0,04-Dec-2016,20:36:27,,,,,,,,,,25,83,162,248,7,0,133,7,4,20,120,150,128,0,0,,,,,,,,,,,,,,,,,
5947,166342,27,R,B,102,05-Dec-2016,20:04:29,15.0430,145.5880,,401677453,-132,,0,05-Dec-2016,20:04:29,,,,,,,,,,114,86,146,250,85,192,24,84,168,138,158,133,238,97,122,155,39,6,175,219,249,165,224,124,198,241,192,,,,,
5947,166342,27,K,B,103,05-Dec-2016,20:13:05,15.0420,145.5960,,401677455,-123,,0,05-Dec-2016,20:04:29,,,516,,,,,,,114,86,146,250,85,192,24,84,168,138,158,133,238,97,122,155,39,6,175,219,249,163,133,31,198,74,111,,,,,
5947,166342,19,K,B,103,05-Dec-2016,20:13:05,15.0420,145.5960,,401677455,-123,,0,05-Dec-2016,20:13:05,,,516,,,,,,,71,226,243,6,14,129,0,0,0,0,0,0,0,2,0,8,0,128,0,,,,,,,,,,,,,
5947,166342,11,N,B,104,05-Dec-2016,21:24:18,15.0370,145.5950,,401677453,-128,,0,05-Dec-2016,21:23:46,,,65,,,,,,,78,164,67,5,32,190,130,0,8,0,0,,,,,,,,,,,,,,,,,,,,,
5947,166342,11,N,B,104,05-Dec-2016,21:24:18,15.0370,145.5950,,401677453,-128,,0,05-Dec-2016,21:24:51,,,65,,,,,,,43,158,3,5,32,137,120,25,192,2,4,,,,,,,,,,,,,,,,,,,,,
5947,166342,23,N,B,105,06-Dec-2016,21:19:55,15.0210,145.5830,,401677450,-124,,0,06-Dec-2016,21:19:55,,,,,,,,,,120,100,163,6,5,226,150,50,14,18,73,116,162,211,166,123,120,67,203,26,126,24,56,,,,,,,,,
5947,166342,15,A,B,106,07-Dec-2016,11:31:30,15.0310,145.5880,,401677453,-126,,0,07-Dec-2016,11:31:31,,,,,,,,,,21,126,51,11,38,0,140,84,98,56,18,128,2,0,0,,,,,,,,,,,,,,,,,
5947,166342,11,K,B,107,07-Dec-2016,20:56:57,15.0300,145.5940,,401677452,-133,,0,07-Dec-2016,20:56:58,,,,,,,,,,29,197,51,9,37,0,47,109,32,156,0,,,,,,,,,,,,,,,,,,,,,
5947,166342,11,P,B,108,08-Dec-2016,06:02:36,15.0370,145.5900,,401677454,-129,,0,08-Dec-2016,06:02:37,,,,,,,,,,38,116,19,6,192,137,120,25,192,2,8,,,,,,,,,,,,,,,,,,,,,
5947,166342,15,A,B,109,08-Dec-2016,11:04:30,15.0400,145.5910,,401677455,-117,,0,08-Dec-2016,11:04:31,,,,,,,,,,52,19,227,6,8,129,0,0,0,16,0,193,0,0,0,,,,,,,,,,,,,,,,,
5947,166342,11,A,B,110,09-Dec-2016,10:48:54,15.0390,145.5960,,401677453,-126,,0,09-Dec-2016,10:48:55,,,,,,,,,,45,83,243,16,0,138,116,131,128,0,0,,,,,,,,,,,,,,,,,,,,,
5947,166342,27,A,B,111,09-Dec-2016,23:17:30,15.0380,145.5960,,401677453,-123,,0,09-Dec-2016,23:17:31,,,,,,,,,,4,197,93,116,94,8,218,51,8,3,80,4,224,140,79,253,72,0,67,250,233,128,173,0,81,247,64,,,,,
5947,166342,11,A,B,112,10-Dec-2016,00:53:53,15.0400,145.5930,,401677453,-120,,0,10-Dec-2016,00:53:27,,,54,,,,,,,60,90,131,12,96,86,129,64,222,129,0,,,,,,,,,,,,,,,,,,,,,
5947,166342,11,A,B,112,10-Dec-2016,00:53:53,15.0400,145.5930,,401677453,-120,,0,10-Dec-2016,00:54:21,,,54,,,,,,,38,195,163,12,96,138,110,70,0,0,0,,,,,,,,,,,,,,,,,,,,,
5947,166342,11,A,B,113,10-Dec-2016,12:07:18,15.0430,145.5910,,401677454,-125,,0,10-Dec-2016,12:07:18,,,,,,,,,,49,69,131,10,0,88,130,2,4,0,0,,,,,,,,,,,,,,,,,,,,,
5947,166342,7,A,B,114,11-Dec-2016,00:33:30,15.0480,145.5910,,401677453,-126,,0,11-Dec-2016,00:33:30,,,,,,,,,,43,97,195,21,32,137,120,,,,,,,,,,,,,,,,,,,,,,,,,
5947,166342,11,P,B,115,12-Dec-2016,05:21:34,15.0440,145.5900,,401677455,-129,,0,12-Dec-2016,05:20:38,,,112,,,,,,,53,51,243,15,37,128,4,16,16,16,1,,,,,,,,,,,,,,,,,,,,,
5947,166342,7,P,B,115,12-Dec-2016,05:21:34,15.0440,145.5900,,401677455,-129,,0,12-Dec-2016,05:22:30,,,112,,,,,,,42,225,179,15,32,137,120,,,,,,,,,,,,,,,,,,,,,,,,,
5947,166342,3,B,B,116,13-Dec-2016,00:44:33,15.0330,145.5980,,401677453,-132,,0,13-Dec-2016,00:44:34,,,77,,,,,,,127,99,3,,,,,,,,,,,,,,,,,,,,,,,,,,,,,
5947,166342,11,B,B,116,13-Dec-2016,00:44:33,15.0330,145.5980,,401677453,-132,,0,13-Dec-2016,00:45:51,,,77,,,,,,,79,154,115,25,34,158,129,4,16,0,32,,,,,,,,,,,,,,,,,,,,,
5947,166342,23,P,B,117,13-Dec-2016,17:47:56,15.0330,145.5960,,401677454,-129,,0,13-Dec-2016,17:47:56,,,,,,,,,,121,114,147,16,164,70,81,66,189,88,28,82,75,239,122,165,249,172,104,196,0,0,0,,,,,,,,,
5947,166342,11,K,B,118,13-Dec-2016,20:11:31,15.0390,145.6020,,401677453,-125,,0,13-Dec-2016,20:11:31,,,,,,,,,,27,26,147,21,37,0,146,14,248,129,0,,,,,,,,,,,,,,,,,,,,,
5947,166342,27,R,B,119,14-Dec-2016,09:24:44,15.0450,145.6120,,401677454,-127,,0,14-Dec-2016,09:24:44,,,,,,,,,,4,3,28,150,44,116,54,50,216,19,224,4,224,112,83,253,64,0,66,128,191,128,92,231,192,0,0,,,,,
5947,166342,27,P,B,120,14-Dec-2016,17:35:54,15.0460,145.6100,,401677455,-127,,0,14-Dec-2016,17:35:23,,,62,,,,,,,115,13,195,26,71,120,89,191,201,159,133,240,66,108,139,75,30,145,245,113,104,173,176,172,68,64,0,,,,,
5947,166342,11,P,B,120,14-Dec-2016,17:35:54,15.0460,145.6100,,401677455,-127,,0,14-Dec-2016,17:36:25,,,62,,,,,,,28,223,179,16,101,0,37,33,124,21,128,,,,,,,,,,,,,,,,,,,,,
5947,166342,31,R,B,121,14-Dec-2016,20:22:22,15.0480,145.5890,,401677453,-127,,0,14-Dec-2016,20:22:22,,,482,,,,,,,112,68,115,25,101,13,158,240,153,18,213,239,158,196,102,214,154,41,213,12,81,32,106,251,91,6,196,112,0,0,0,
5947,166342,19,R,B,121,14-Dec-2016,20:22:22,15.0480,145.5890,,401677453,-127,,0,14-Dec-2016,20:30:24,,,482,,,,,,,67,143,40,231,15,32,131,33,55,85,55,8,206,37,148,194,35,57,133,,,,,,,,,,,,,
5947,166342,7,A,A,122,14-Dec-2016,23:14:22,15.0380,145.5830,,401677449,-122,,0,14-Dec-2016,23:13:54,,,106,,,,,,,42,225,179,15,32,137,105,,,,,,,,,,,,,,,,,,,,,,,,,
5947,166342,11,A,A,122,14-Dec-2016,23:14:22,15.0380,145.5830,,401677449,-122,,0,14-Dec-2016,23:14:50,,,106,,,,,,,31,169,227,15,37,0,149,77,109,136,0,,,,,,,,,,,,,,,,,,,,,
5947,166342,11,A,A,122,14-Dec-2016,23:14:22,15.0380,145.5830,,401677449,-122,,0,14-Dec-2016,23:15:40,,,106,,,,,,,70,86,35,14,192,174,130,8,0,8,0,,,,,,,,,,,,,,,,,,,,,
5947,166342,23,B,A,123,15-Dec-2016,00:11:09,15.0280,145.5850,,401677453,-127,,0,15-Dec-2016,00:10:17,,,103,,,,,,,114,248,227,24,231,104,83,114,121,63,57,122,31,60,180,63,49,176,43,195,128,0,0,,,,,,,,,
5947,166342,11,B,A,123,15-Dec-2016,00:11:09,15.0280,145.5850,,401677453,-127,,0,15-Dec-2016,00:11:10,,,103,,,,,,,77,40,227,29,32,174,129,0,0,16,0,,,,,,,,,,,,,,,,,,,,,
5947,166342,11,B,A,123,15-Dec-2016,00:11:09,15.0280,145.5850,,401677453,-127,,0,15-Dec-2016,00:12:00,,,103,,,,,,,55,26,243,29,36,128,2,4,8,0,0,,,,,,,,,,,,,,,,,,,,,
5947,166342,15,R,B,124,15-Dec-2016,08:52:34,15.0370,145.5860,,401677451,-123,,0,15-Dec-2016,08:52:35,,,,,,,,,,18,177,195,28,6,0,7,129,10,74,123,128,0,0,0,,,,,,,,,,,,,,,,,
5947,166342,27,B,B,125,15-Dec-2016,23:45:15,15.0360,145.6070,,401677451,-133,,0,15-Dec-2016,23:45:16,,,64,,,,,,,4,3,15,123,79,233,99,50,40,20,192,4,224,116,83,253,72,0,66,128,194,128,92,217,192,0,0,,,,,
5947,166342,11,B,B,125,15-Dec-2016,23:45:15,15.0360,145.6070,,401677451,-133,,0,15-Dec-2016,23:46:20,,,64,,,,,,,50,44,131,25,37,128,2,12,8,28,0,,,,,,,,,,,,,,,,,,,,,
5947,166342,11,P,B,126,16-Dec-2016,04:37:50,15.0310,145.6030,,401677456,-131,,0,16-Dec-2016,04:37:50,,,,,,,,,,58,90,243,24,0,53,131,8,0,0,0,,,,,,,,,,,,,,,,,,,,,
5947,166342,11,N, ,127,17-Dec-2016,08:13:38,,,,,,,0,17-Dec-2016,08:13:38,,,,,,,,,,51,219,115,32,0,104,132,2,129,189,10,,,,,,,,,,,,,,,,,,,,,
5947,166342,11,K, ,128,17-Dec-2016,20:05:51,,,,,,,0,17-Dec-2016,20:05:51,,,,,,,,,,65,172,99,30,96,158,129,4,4,0,32,,,,,,,,,,,,,,,,,,,,,
5947,166342,19,N,B,129,18-Dec-2016,20:40:22,15.0310,145.6090,,401677456,-126,,0,18-Dec-2016,20:39:55,,,55,,,,,,,79,216,227,26,14,130,0,0,0,0,0,0,0,0,8,0,32,96,0,,,,,,,,,,,,,
5947,166342,27,N,B,129,18-Dec-2016,20:40:22,15.0310,145.6090,,401677456,-126,,0,18-Dec-2016,20:40:50,,,55,,,,,,,4,71,33,98,42,207,114,122,92,182,167,219,33,6,227,161,137,37,74,99,198,145,243,106,172,61,71,,,,,
5947,166342,11,R, ,130,20-Dec-2016,09:36:39,,,,,,,0,20-Dec-2016,09:36:39,,,,,,,,,,58,111,131,35,38,128,0,8,48,208,40,,,,,,,,,,,,,,,,,,,,,
5947,166342,31,A, ,131,20-Dec-2016,12:01:52,,,,,,,0,20-Dec-2016,12:01:52,,,,,,,,,,112,189,163,35,68,72,166,110,219,233,178,38,200,59,39,61,153,155,53,242,68,150,105,47,154,103,110,148,178,235,117,
5947,166342,7,N, ,132,21-Dec-2016,21:40:57,,,,,,,0,21-Dec-2016,21:40:57,,,,,,,,,,47,225,227,28,96,137,120,,,,,,,,,,,,,,,,,,,,,,,,,
5947,166342,11,P, ,133,22-Dec-2016,05:02:53,,,,,,,0,22-Dec-2016,05:02:53,,,,,,,,,,30,150,51,42,100,0,75,24,244,128,0,,,,,,,,,,,,,,,,,,,,,
5947,166342,11,N, ,134,22-Dec-2016,08:57:46,,,,,,,0,22-Dec-2016,08:57:46,,,,,,,,,,23,17,83,41,37,0,167,159,125,148,0,,,,,,,,,,,,,,,,,,,,,
5947,166342,11,K, ,135,22-Dec-2016,08:57:46,,,,,,,0,22-Dec-2016,08:57:46,,,,,,,,,,23,17,83,41,37,0,167,159,125,148,0,,,,,,,,,,,,,,,,,,,,,
5947,166342,7,R, ,136,23-Dec-2016,08:04:02,,,,,,,0,23-Dec-2016,08:04:02,,,,,,,,,,40,1,51,36,0,137,120,,,,,,,,,,,,,,,,,,,,,,,,,
5947,166342,15,K, ,137,25-Dec-2016,20:15:03,,,,,,,0,25-Dec-2016,20:15:03,,,,,,,,,,66,20,211,37,32,110,129,0,0,0,16,0,2,0,0,,,,,,,,,,,,,,,,,
5947,166342,15,P,B,138,26-Dec-2016,04:21:04,15.0550,145.6070,,401677455,-130,,0,26-Dec-2016,04:20:38,,,52,,,,,,,23,26,211,50,102,0,64,143,247,130,14,128,0,0,0,,,,,,,,,,,,,,,,,
5947,166342,31,P,B,138,26-Dec-2016,04:21:04,15.0550,145.6070,,401677455,-130,,0,26-Dec-2016,04:21:30,,,52,,,,,,,120,216,83,42,118,249,161,236,35,153,227,74,90,102,112,232,105,84,123,105,200,107,55,108,43,48,25,183,179,3,0,
5947,166342,11,R,B,139,26-Dec-2016,08:08:04,15.0430,145.5970,,401677456,-131,,0,26-Dec-2016,08:07:39,,,51,,,,,,,55,239,67,48,102,128,0,8,0,0,32,,,,,,,,,,,,,,,,,,,,,
5947,166342,31,R,B,139,26-Dec-2016,08:08:04,15.0430,145.5970,,401677456,-131,,0,26-Dec-2016,08:08:30,,,51,,,,,,,112,133,211,41,12,210,96,135,26,244,221,138,18,158,17,192,233,108,24,66,32,11,117,187,78,99,205,183,49,197,0,
5947,166342,31,N,B,140,26-Dec-2016,08:08:30,15.0420,145.5980,,401677455,-130,,0,26-Dec-2016,08:08:30,,,,,,,,,,112,133,211,41,4,214,96,135,26,244,221,138,18,158,17,192,233,108,24,66,32,11,117,187,78,99,205,183,49,197,0,
5947,166342,19,A,B,141,26-Dec-2016,11:33:27,15.0400,145.5940,,401677456,-119,,0,26-Dec-2016,11:33:27,,,,,,,,,,68,12,147,48,14,129,0,0,0,0,0,0,0,0,0,32,32,32,0,,,,,,,,,,,,,
5947,166342,11,N,B,142,26-Dec-2016,20:43:39,15.0400,145.5960,,401677456,-127,,0,26-Dec-2016,20:43:39,,,,,,,,,,77,114,35,46,192,172,129,14,0,0,0,,,,,,,,,,,,,,,,,,,,,
5947,166342,7,B,B,143,27-Dec-2016,01:03:10,15.0370,145.5920,,401677454,-133,,0,27-Dec-2016,01:03:10,,,,,,,,,,37,129,3,46,0,137,120,,,,,,,,,,,,,,,,,,,,,,,,,
5947,166342,11,P, ,144,28-Dec-2016,18:12:08,,,,,,,0,28-Dec-2016,18:12:08,,,,,,,,,,58,175,147,51,38,128,0,8,16,16,32,,,,,,,,,,,,,,,,,,,,,
5947,166342,11,R, ,145,28-Dec-2016,19:48:55,,,,,,,0,28-Dec-2016,19:48:55,,,,,,,,,,74,237,179,50,192,190,131,2,8,0,0,,,,,,,,,,,,,,,,,,,,,
5947,166342,11,B, ,146,29-Dec-2016,00:19:30,,,,,,,0,29-Dec-2016,00:19:30,,,,,,,,,,48,205,131,49,37,136,0,16,8,32,0,,,,,,,,,,,,,,,,,,,,,
5947,166342,11,N,B,147,29-Dec-2016,21:53:45,15.0370,145.6030,,401677455,-127,,0,29-Dec-2016,21:53:21,,,49,,,,,,,37,196,19,44,192,121,0,248,0,0,0,,,,,,,,,,,,,,,,,,,,,
5947,166342,11,N,B,147,29-Dec-2016,21:53:45,15.0370,145.6030,,401677455,-127,,0,29-Dec-2016,21:54:10,,,49,,,,,,,26,9,179,44,196,0,132,36,114,0,0,,,,,,,,,,,,,,,,,,,,,
5947,166342,11,K, ,148,29-Dec-2016,21:53:21,,,,,,,0,29-Dec-2016,21:53:21,,,,,,,,,,37,196,19,46,192,121,0,248,0,0,98,,,,,,,,,,,,,,,,,,,,,
5947,166342,11,K,B,149,30-Dec-2016,21:29:30,15.0280,145.5850,,401677453,-132,,0,30-Dec-2016,21:29:31,,,,,,,,,,33,210,227,55,32,121,5,242,128,0,0,,,,,,,,,,,,,,,,,,,,,
5947,166342,7,R,B,150,31-Dec-2016,19:59:54,15.0360,145.5880,,401677456,-133,,0,31-Dec-2016,19:59:54,,,,,,,,,,36,1,115,52,2,213,107,,,,,,,,,,,,,,,,,,,,,,,,,
5947,166342,11,K,B,151,01-Jan-2017,08:06:49,15.0350,145.5760,,401677456,-132,,0,01-Jan-2017,08:06:49,,,,,,,,,,49,4,163,63,37,128,0,12,8,16,0,,,,,,,,,,,,,,,,,,,,,
5947,166342,31,K,B,152,01-Jan-2017,20:32:09,15.0330,145.5730,,401677455,-125,,0,01-Jan-2017,20:32:09,,,,,,,,,,122,118,211,60,31,4,186,157,138,229,157,15,26,95,235,3,98,164,10,158,37,98,100,166,114,107,164,74,237,126,135,
5947,166342,11,N,B,153,01-Jan-2017,21:12:56,15.0360,145.5820,,401677454,-130,,0,01-Jan-2017,21:12:56,,,,,,,,,,33,24,211,61,32,121,119,128,128,0,0,,,,,,,,,,,,,,,,,,,,,
5947,166342,11,A, ,154,01-Jan-2017,23:41:28,,,,,,,0,01-Jan-2017,23:41:28,,,102,,,,,,,76,24,131,60,96,174,130,0,12,16,0,,,,,,,,,,,,,,,,,,,,,
5947,166342,11,A, ,154,01-Jan-2017,23:41:28,,,,,,,0,01-Jan-2017,23:42:20,,,102,,,,,,,49,132,115,60,96,53,133,4,0,0,0,,,,,,,,,,,,,,,,,,,,,
5947,166342,11,A, ,154,01-Jan-2017,23:41:28,,,,,,,0,01-Jan-2017,23:43:10,,,102,,,,,,,37,174,3,60,96,121,0,248,0,0,0,,,,,,,,,,,,,,,,,,,,,
5947,166342,11,B, ,155,02-Jan-2017,00:36:26,,,,,,,0,02-Jan-2017,00:36:26,,,104,,,,,,,27,137,131,60,101,0,2,2,243,128,128,,,,,,,,,,,,,,,,,,,,,
5947,166342,11,B, ,155,02-Jan-2017,00:36:26,,,,,,,0,02-Jan-2017,00:38:10,,,104,,,,,,,44,187,35,60,0,137,120,24,52,64,133,,,,,,,,,,,,,,,,,,,,,
5947,166342,7,R,B,156,02-Jan-2017,20:34:08,15.0470,145.5920,,401677451,-122,,0,02-Jan-2017,20:32:11,,,118,,,,,,,32,225,67,56,96,137,120,,,,,,,,,,,,,,,,,,,,,,,,,
5947,166342,11,R,B,156,02-Jan-2017,20:34:08,15.0470,145.5920,,401677451,-122,,0,02-Jan-2017,20:34:09,,,118,,,,,,,26,157,227,56,101,0,49,9,249,0,128,,,,,,,,,,,,,,,,,,,,,
5947,166342,11,R,B,157,03-Jan-2017,09:02:53,15.0470,145.6160,,401677454,-127,,0,03-Jan-2017,09:02:53,,,,,,,,,,76,42,195,54,0,174,129,2,4,16,0,,,,,,,,,,,,,,,,,,,,,
5947,166342,7,A,B,158,03-Jan-2017,12:03:24,15.0480,145.6060,,401677458,-123,,0,03-Jan-2017,12:03:25,,,,,,,,,,64,20,147,53,32,222,132,,,,,,,,,,,,,,,,,,,,,,,,,
5947,166342,11,R,B,159,03-Jan-2017,20:06:53,15.0510,145.6130,,401677456,-127,,0,03-Jan-2017,20:06:54,,,,,,,,,,79,248,196,70,0,206,130,4,0,0,0,,,,,,,,,,,,,,,,,,,,,
5947,166342,11,N,B,160,04-Jan-2017,08:06:58,15.0470,145.6090,,401677456,-129,,0,04-Jan-2017,08:06:59,,,,,,,,,,28,210,100,66,100,0,53,138,34,64,102,,,,,,,,,,,,,,,,,,,,,
5947,166342,11,A,A,161,04-Jan-2017,22:37:19,15.0360,145.5940,,401677455,-126,,0,04-Jan-2017,22:36:28,,,102,,,,,,,44,162,115,60,192,121,125,218,128,0,0,,,,,,,,,,,,,,,,,,,,,
5947,166342,11,A,A,161,04-Jan-2017,22:37:19,15.0360,145.5940,,401677455,-126,,0,04-Jan-2017,22:37:20,,,102,,,,,,,27,250,83,60,196,0,1,129,117,128,0,,,,,,,,,,,,,,,,,,,,,
5947,166342,11,A,A,161,04-Jan-2017,22:37:19,15.0360,145.5940,,401677455,-126,,0,04-Jan-2017,22:38:10,,,102,,,,,,,76,24,131,60,96,174,130,0,12,16,0,,,,,,,,,,,,,,,,,,,,,
5947,166342,11,B,B,162,04-Jan-2017,23:31:50,15.0400,145.6100,,401677457,-134,,0,04-Jan-2017,23:31:50,,,,,,,,,,27,137,131,60,101,0,2,2,243,128,128,,,,,,,,,,,,,,,,,,,,,
5947,166342,15,N,B,163,05-Jan-2017,20:26:14,15.0470,145.6240,,401677453,-133,,0,05-Jan-2017,20:26:15,,,,,,,,,,64,104,116,73,32,94,129,0,0,8,0,0,65,129,0,,,,,,,,,,,,,,,,,
5947,166342,11,K,B,164,05-Jan-2017,20:35:40,15.0350,145.6070,,401677454,-132,,0,05-Jan-2017,20:35:41,,,,,,,,,,50,151,244,73,37,128,0,12,16,32,0,,,,,,,,,,,,,,,,,,,,,
5947,166342,11,A,B,165,06-Jan-2017,12:45:23,15.0430,145.6170,,401677456,-124,,0,06-Jan-2017,12:45:23,,,,,,,,,,61,157,4,68,196,128,0,20,8,0,0,,,,,,,,,,,,,,,,,,,,,
5947,166342,7,A,B,166,07-Jan-2017,10:49:15,15.0480,145.6130,,401677459,-125,,0,07-Jan-2017,10:49:16,,,,,,,,,,78,244,163,62,0,222,132,,,,,,,,,,,,,,,,,,,,,,,,,
5947,166342,11,B,B,167,07-Jan-2017,11:40:21,15.0410,145.6080,,401677458,-134,,0,07-Jan-2017,11:40:22,,,,,,,,,,49,181,227,62,0,72,130,0,4,8,1,,,,,,,,,,,,,,,,,,,,,
5947,166342,23,A,B,168,08-Jan-2017,01:00:30,15.0350,145.6040,,401677454,-131,,0,08-Jan-2017,01:00:30,,,,,,,,,,120,72,84,77,119,98,148,213,124,218,99,118,99,117,34,221,79,203,249,152,92,68,32,,,,,,,,,
5947,166342,11,R,B,169,08-Jan-2017,07:58:49,15.0400,145.6040,,401677455,-139,,0,08-Jan-2017,07:58:50,,,,,,,,,,65,243,180,74,192,190,131,2,4,0,0,,,,,,,,,,,,,,,,,,,,,
5947,166342,15,A,B,170,08-Jan-2017,12:06:40,15.0390,145.6060,,401677455,-124,,0,08-Jan-2017,12:06:40,,,,,,,,,,63,57,4,74,103,128,0,8,0,0,0,64,0,0,0,,,,,,,,,,,,,,,,,
5947,166342,11,K,B,171,09-Jan-2017,08:05:09,15.0350,145.6060,,401677457,-125,,0,09-Jan-2017,08:05:09,,,,,,,,,,38,210,100,70,192,121,122,159,128,0,0,,,,,,,,,,,,,,,,,,,,,
5947,166342,11,N,B,172,09-Jan-2017,08:44:00,15.0360,145.6060,,401677457,-133,,0,09-Jan-2017,08:44:01,,,,,,,,,,23,186,100,70,196,0,3,12,120,0,0,,,,,,,,,,,,,,,,,,,,,
5947,166342,15,R,B,173,10-Jan-2017,08:41:31,15.0400,145.6080,,401677456,-121,,0,10-Jan-2017,08:41:32,,,,,,,,,,70,136,52,81,32,126,129,0,0,0,0,64,128,0,0,,,,,,,,,,,,,,,,,
5947,166342,31,N,B,174,10-Jan-2017,10:14:09,15.0410,145.6040,,401677458,-135,,0,10-Jan-2017,10:14:09,,,,,,,,,,115,158,132,70,6,4,228,191,188,12,180,98,40,10,14,206,19,208,204,146,87,26,103,231,164,190,168,227,92,16,40,
5947,166342,11,A,B,175,10-Jan-2017,23:55:22,15.0400,145.5970,,401677455,-122,,0,10-Jan-2017,23:54:59,,,47,,,,,,,75,228,68,78,192,189,130,10,0,0,0,,,,,,,,,,,,,,,,,,,,,
5947,166342,11,A,B,175,10-Jan-2017,23:55:22,15.0400,145.5970,,401677455,-122,,0,10-Jan-2017,23:55:46,,,47,,,,,,,58,29,4,78,196,128,0,20,16,0,0,,,,,,,,,,,,,,,,,,,,,
5947,166342,11,N,B,176,11-Jan-2017,08:22:02,15.0440,145.5830,,401677456,-127,,0,11-Jan-2017,08:22:03,,,,,,,,,,72,113,164,76,96,190,131,0,4,0,0,,,,,,,,,,,,,,,,,,,,,
5947,166342,11,P,B,177,11-Jan-2017,17:08:55,15.0420,145.5890,,401677457,-130,,0,11-Jan-2017,17:08:56,,,,,,,,,,41,173,180,75,32,121,126,9,0,0,0,,,,,,,,,,,,,,,,,,,,,
5947,166342,11,P, ,178,13-Jan-2017,05:53:03,,,,,,,0,13-Jan-2017,05:53:03,,,,,,,,,,66,74,116,90,232,226,102,2,113,205,110,,,,,,,,,,,,,,,,,,,,,
5947,166342,11,K, ,179,13-Jan-2017,08:11:20,,,,,,,0,13-Jan-2017,08:11:20,,,,,,,,,,70,240,20,82,193,189,129,12,0,0,0,,,,,,,,,,,,,,,,,,,,,
5947,166342,11,P,B,180,14-Jan-2017,04:04:54,15.0490,145.6070,,401677455,-132,,0,14-Jan-2017,04:04:29,,,51,,,,,,,57,201,20,79,37,128,2,0,32,16,0,,,,,,,,,,,,,,,,,,,,,
5947,166342,7,P,B,180,14-Jan-2017,04:04:54,15.0490,145.6070,,401677455,-132,,0,14-Jan-2017,04:05:20,,,51,,,,,,,35,239,228,79,32,120,120,,,,,,,,,,,,,,,,,,,,,,,,,
5947,166342,11,A,B,181,14-Jan-2017,11:35:54,15.0510,145.5970,,401677454,-128,,0,14-Jan-2017,11:35:55,,,,,,,,,,30,240,180,78,100,0,81,24,111,0,0,,,,,,,,,,,,,,,,,,,,,
5947,166342,11,P,B,182,14-Jan-2017,18:20:28,15.0410,145.6010,,401677457,-127,,0,14-Jan-2017,18:20:29,,,,,,,,,,39,102,52,92,192,137,120,25,192,0,14,,,,,,,,,,,,,,,,,,,,,
5947,166342,11,K,B,183,15-Jan-2017,07:18:03,15.0360,145.5910,,401677456,-137,,0,15-Jan-2017,07:18:03,,,,,,,,,,53,243,36,90,0,55,129,8,4,8,0,,,,,,,,,,,,,,,,,,,,,
5947,166342,23,K,B,184,15-Jan-2017,08:57:33,15.0390,145.5980,,401677457,-124,,0,15-Jan-2017,08:57:34,,,,,,,,,,124,87,228,89,70,30,145,49,130,110,135,11,128,211,7,82,225,138,142,67,64,4,4,,,,,,,,,
5947,166342,11,A, ,185,16-Jan-2017,11:03:27,,,,,,,0,16-Jan-2017,11:03:27,,,,,,,,,,48,254,196,83,37,128,16,0,0,16,0,,,,,,,,,,,,,,,,,,,,,
5947,166342,11,P,B,186,16-Jan-2017,17:57:44,15.0400,145.6000,,401677457,-129,,0,16-Jan-2017,17:57:19,,,50,,,,,,,16,49,100,82,196,0,3,161,245,0,0,,,,,,,,,,,,,,,,,,,,,
5947,166342,11,P,B,186,16-Jan-2017,17:57:44,15.0400,145.6000,,401677457,-129,,0,16-Jan-2017,17:58:09,,,50,,,,,,,64,121,164,82,96,190,131,0,4,0,0,,,,,,,,,,,,,,,,,,,,,
5947,166342,11,N,B,187,16-Jan-2017,20:03:15,15.0390,145.6010,,401677455,-133,,0,16-Jan-2017,20:03:16,,,,,,,,,,57,118,180,82,101,128,32,12,0,16,0,,,,,,,,,,,,,,,,,,,,,
5947,166342,11,N,B,188,16-Jan-2017,21:37:19,15.0440,145.5980,,401677460,-133,,0,16-Jan-2017,21:37:19,,,,,,,,,,76,12,132,82,0,158,129,2,64,16,32,,,,,,,,,,,,,,,,,,,,,
5947,166342,3,R,B,189,16-Jan-2017,21:37:19,15.0410,145.5980,,401677458,-133,,0,16-Jan-2017,21:37:19,,,,,,,,,,76,12,132,,,,,,,,,,,,,,,,,,,,,,,,,,,,,
5947,166342,23,A,B,190,16-Jan-2017,23:27:43,15.0390,145.5900,,401677455,-119,,0,16-Jan-2017,23:27:44,,,66,,,,,,,123,5,116,95,53,64,18,254,28,227,158,27,129,53,19,238,141,141,16,196,0,0,0,,,,,,,,,
5947,166342,11,A,B,190,16-Jan-2017,23:27:43,15.0390,145.5900,,401677455,-119,,0,16-Jan-2017,23:28:50,,,66,,,,,,,62,47,212,82,0,71,129,6,8,0,0,,,,,,,,,,,,,,,,,,,,,
5947,166342,15,A,B,191,17-Jan-2017,01:09:59,15.0390,145.5880,,401677455,-127,,0,17-Jan-2017,01:09:59,,,,,,,,,,49,167,212,97,40,129,0,4,33,0,228,56,53,33,191,,,,,,,,,,,,,,,,,
5947,166342,11,A,B,192,19-Jan-2017,00:30:39,15.0420,145.5950,,401677456,-119,,0,19-Jan-2017,00:29:38,,,61,,,,,,,44,96,100,88,192,120,120,24,26,194,2,,,,,,,,,,,,,,,,,,,,,
5947,166342,31,A,B,192,19-Jan-2017,00:30:39,15.0420,145.5950,,401677456,-119,,0,19-Jan-2017,00:30:39,,,61,,,,,,,121,51,4,100,151,168,167,174,109,0,169,59,232,134,201,96,111,89,133,221,175,235,116,5,42,135,118,5,33,144,244,
5947,166342,11,P,B,193,19-Jan-2017,04:46:55,15.0470,145.5970,,401677454,-127,,0,19-Jan-2017,04:46:32,,,47,,,,,,,63,104,84,88,0,70,131,4,0,0,0,,,,,,,,,,,,,,,,,,,,,
5947,166342,11,P,B,193,19-Jan-2017,04:46:55,15.0470,145.5970,,401677454,-127,,0,19-Jan-2017,04:47:19,,,47,,,,,,,45,84,68,88,0,121,72,235,128,0,0,,,,,,,,,,,,,,,,,,,,,
5947,166342,11,K,B,194,19-Jan-2017,07:21:51,15.0470,145.5980,,401677455,-140,,0,19-Jan-2017,07:21:52,,,,,,,,,,60,111,68,87,36,128,0,4,32,128,64,,,,,,,,,,,,,,,,,,,,,
5947,166342,11,R,B,195,19-Jan-2017,08:55:27,15.0470,145.5980,,401677456,-130,,0,19-Jan-2017,08:55:27,,,,,,,,,,27,20,19,139,212,249,123,179,255,223,200,,,,,,,,,,,,,,,,,,,,,
5947,166342,11,K,B,196,19-Jan-2017,08:55:27,15.0450,145.5990,,401677455,-130,,0,19-Jan-2017,08:55:27,,,,,,,,,,142,80,32,238,46,118,130,39,4,34,128,,,,,,,,,,,,,,,,,,,,,
5947,166342,11,R,B,197,19-Jan-2017,20:06:13,15.0420,145.6000,,401677456,-131,,0,19-Jan-2017,20:04:28,,,212,,,,,,,34,110,69,100,212,112,120,136,152,74,166,,,,,,,,,,,,,,,,,,,,,
5947,166342,31,R,B,197,19-Jan-2017,20:06:13,15.0420,145.6000,,401677456,-131,,0,19-Jan-2017,20:08:00,,,212,,,,,,,120,201,52,96,245,166,226,23,18,87,56,135,78,14,16,79,2,214,65,70,93,48,231,58,3,95,49,141,209,2,192,
5947,166342,11,K,B,198,19-Jan-2017,21:22:51,15.0400,145.5960,,401677458,-128,,0,19-Jan-2017,21:22:51,,,,,,,,,,43,50,244,109,100,178,73,54,201,36,146,,,,,,,,,,,,,,,,,,,,,
5947,166342,31,A,B,199,20-Jan-2017,00:03:19,15.0390,145.5930,,401677456,-122,,0,20-Jan-2017,00:03:20,,,,,,,,,,115,94,212,64,22,0,221,172,151,188,106,93,236,236,138,87,140,81,79,251,144,162,144,215,88,213,12,96,0,0,0,
5947,166342,31,N,B,200,20-Jan-2017,08:23:10,15.0400,145.5960,,401677455,-128,,0,20-Jan-2017,08:21:51,,,160,,,,,,,113,38,148,94,103,133,231,53,17,100,42,217,145,99,1,70,165,95,28,95,136,175,173,227,190,132,24,158,106,144,200,
5947,166342,7,N,B,200,20-Jan-2017,08:23:10,15.0400,145.5960,,401677455,-128,,0,20-Jan-2017,08:24:31,,,160,,,,,,,71,254,212,98,0,222,132,,,,,,,,,,,,,,,,,,,,,,,,,
5947,166342,7,R,B,201,20-Jan-2017,08:24:30,15.0390,145.5940,,401677455,-132,,0,20-Jan-2017,08:24:31,,,,,,,,,,71,254,212,98,0,222,132,,,,,,,,,,,,,,,,,,,,,,,,,
5947,166342,15,B,B,202,21-Jan-2017,00:42:29,15.0400,145.5940,,401677455,-134,,0,21-Jan-2017,00:42:29,,,,,,,,,,17,100,100,95,38,0,7,13,244,43,0,192,0,4,0,,,,,,,,,,,,,,,,,
5947,166342,7,N,B,203,21-Jan-2017,09:46:49,15.0360,145.5800,,401677454,-133,,0,21-Jan-2017,09:46:49,,,,,,,,,,37,139,244,86,0,137,120,,,,,,,,,,,,,,,,,,,,,,,,,
5947,166342,31,A,B,204,21-Jan-2017,11:00:20,15.0380,145.5820,,401677452,-128,,0,21-Jan-2017,11:00:21,,,,,,,,,,123,190,164,104,38,224,28,178,153,4,147,139,22,190,94,63,162,137,3,90,59,247,128,16,153,13,68,76,0,0,0,
5947,166342,11,B,B,205,21-Jan-2017,11:50:58,15.0430,145.5890,,401677455,-132,,0,21-Jan-2017,11:50:59,,,,,,,,,,76,190,36,93,32,190,129,6,4,0,0,,,,,,,,,,,,,,,,,,,,,
5947,166342,11,R,B,206,22-Jan-2017,09:04:18,15.0440,145.5910,,401677454,-129,,0,22-Jan-2017,09:04:19,,,,,,,,,,43,7,68,104,192,120,120,25,192,0,14,,,,,,,,,,,,,,,,,,,,,
5947,166342,11,N,B,207,23-Jan-2017,07:52:31,15.0490,145.5980,,401677457,-137,,0,23-Jan-2017,07:52:32,,,,,,,,,,50,41,116,100,96,53,129,8,0,0,0,,,,,,,,,,,,,,,,,,,,,
5947,166342,11,N,B,208,23-Jan-2017,09:24:39,15.0570,145.6190,,401677458,-127,,0,23-Jan-2017,09:24:40,,,,,,,,,,20,25,36,100,101,0,2,132,125,3,128,,,,,,,,,,,,,,,,,,,,,
5947,166342,27,P,A,209,24-Jan-2017,05:32:39,15.0430,145.6370,,401677452,-126,,0,24-Jan-2017,05:31:49,,,100,,,,,,,4,4,112,87,242,123,19,50,8,21,16,4,80,132,83,253,76,0,66,129,90,128,178,87,128,0,0,,,,,
5947,166342,15,P,A,209,24-Jan-2017,05:32:39,15.0430,145.6370,,401677452,-126,,0,24-Jan-2017,05:32:39,,,100,,,,,,,25,119,132,111,40,0,5,1,35,254,1,225,130,128,0,,,,,,,,,,,,,,,,,
5947,166342,7,P,A,209,24-Jan-2017,05:32:39,15.0430,145.6370,,401677452,-126,,0,24-Jan-2017,05:33:29,,,100,,,,,,,65,62,228,110,192,222,132,,,,,,,,,,,,,,,,,,,,,,,,,
5947,166342,19,K,B,210,24-Jan-2017,08:32:47,15.0460,145.6290,,401677456,-126,,0,24-Jan-2017,08:32:48,,,,,,,,,,66,11,36,110,14,130,0,0,0,0,0,0,0,0,0,0,0,128,0,,,,,,,,,,,,,
5947,166342,11,A,A,211,24-Jan-2017,11:34:49,15.0410,145.5940,,401677455,-118,,0,24-Jan-2017,11:31:07,,,223,,,,,,,53,17,36,109,32,56,129,2,0,8,32,,,,,,,,,,,,,,,,,,,,,
5947,166342,27,A,A,211,24-Jan-2017,11:34:49,15.0410,145.5940,,401677455,-118,,0,24-Jan-2017,11:32:24,,,223,,,,,,,116,248,101,59,254,17,248,179,43,25,160,34,250,4,202,197,123,216,139,224,230,153,145,84,132,128,0,,,,,
5947,166342,7,A,A,211,24-Jan-2017,11:34:49,15.0410,145.5940,,401677455,-118,,0,24-Jan-2017,11:34:50,,,223,,,,,,,36,111,68,109,32,120,120,,,,,,,,,,,,,,,,,,,,,,,,,
5947,166342,11,A,B,212,25-Jan-2017,00:09:09,15.0310,145.5660,,401677456,-126,,0,25-Jan-2017,00:09:09,,,,,,,,,,38,183,84,106,192,121,120,25,192,0,8,,,,,,,,,,,,,,,,,,,,,
5947,166342,11,A,B,213,25-Jan-2017,11:11:10,15.0400,145.5800,,401677457,-118,,0,25-Jan-2017,11:11:10,,,,,,,,,,38,11,180,104,96,121,60,120,0,0,0,,,,,,,,,,,,,,,,,,,,,
5947,166342,15,P,A,214,26-Jan-2017,05:10:19,15.0140,145.5060,,401677455,-125,,0,26-Jan-2017,05:09:29,,,100,,,,,,,79,50,196,101,32,126,128,2,0,0,0,33,0,0,0,,,,,,,,,,,,,,,,,
5947,166342,31,P,A,214,26-Jan-2017,05:10:19,15.0140,145.5060,,401677455,-125,,0,26-Jan-2017,05:10:19,,,100,,,,,,,117,167,212,114,100,215,34,65,231,51,47,249,252,238,89,54,193,90,254,250,83,19,228,201,0,171,101,149,26,196,192,
5947,166342,11,P,A,214,26-Jan-2017,05:10:19,15.0140,145.5060,,401677455,-125,,0,26-Jan-2017,05:11:09,,,100,,,,,,,57,110,148,101,37,128,0,8,24,16,0,,,,,,,,,,,,,,,,,,,,,
5947,166342,23,P,B,215,26-Jan-2017,17:46:44,15.0080,145.4910,,401677457,-125,,0,26-Jan-2017,17:46:45,,,,,,,,,,120,8,132,112,150,84,208,144,4,245,96,104,30,192,126,170,249,148,89,66,64,0,0,,,,,,,,,
5947,166342,11,B,B,216,27-Jan-2017,23:59:44,15.0640,145.5580,,401677457,-127,,0,27-Jan-2017,23:59:19,,,50,,,,,,,21,187,4,108,100,0,56,164,251,0,0,,,,,,,,,,,,,,,,,,,,,
5947,166342,19,B,B,216,27-Jan-2017,23:59:44,15.0640,145.5580,,401677457,-127,,0,28-Jan-2017,00:00:09,,,50,,,,,,,72,67,36,108,14,130,0,0,0,0,0,0,0,0,0,0,16,0,0,,,,,,,,,,,,,
5947,166342,11,N,B,217,28-Jan-2017,21:02:49,15.0660,145.4990,,401677458,-129,,0,28-Jan-2017,21:02:50,,,,,,,,,,59,43,225,72,66,111,8,36,123,116,25,,,,,,,,,,,,,,,,,,,,,
5947,166342,11,K,B,218,28-Jan-2017,21:02:49,15.0460,145.5540,,401677460,-129,,0,28-Jan-2017,21:02:50,,,,,,,,,,59,47,228,123,24,53,124,14,107,111,65,,,,,,,,,,,,,,,,,,,,,
5947,166342,11,K,B,219,29-Jan-2017,09:47:54,15.0380,145.5360,,401677455,-129,,0,29-Jan-2017,09:47:54,,,,,,,,,,43,148,228,116,0,121,119,128,128,0,0,,,,,,,,,,,,,,,,,,,,,
5947,166342,15,A, ,220,30-Jan-2017,12:51:56,,,,,,,0,30-Jan-2017,12:51:56,,,,,,,,,,77,69,100,109,32,142,129,0,0,0,32,64,4,1,0,,,,,,,,,,,,,,,,,
5947,166342,15,P, ,221,30-Jan-2017,18:37:22,,,,,,,0,30-Jan-2017,18:37:22,,,,,,,,,,70,86,88,209,103,193,194,107,195,202,76,11,100,31,7,,,,,,,,,,,,,,,,,
5947,166342,11,N, ,222,30-Jan-2017,22:26:29,,,,,,,0,30-Jan-2017,22:26:29,,,,,,,,,,48,11,62,110,56,227,142,56,227,142,56,,,,,,,,,,,,,,,,,,,,,
5947,166342,31,B,B,223,31-Jan-2017,00:30:29,15.0730,145.5660,Lat > 4 deviations from mean,401677454,-130,,0,31-Jan-2017,00:29:39,,,50,,,,,,,127,94,4,120,183,106,103,117,127,16,93,203,251,130,33,8,240,128,146,42,48,222,255,141,180,23,133,103,19,17,124,
5947,166342,11,B,B,223,31-Jan-2017,00:30:29,15.0730,145.5660,Lat > 4 deviations from mean,401677454,-130,,0,31-Jan-2017,00:30:29,,,50,,,,,,,22,113,116,122,196,0,3,5,127,0,0,,,,,,,,,,,,,,,,,,,,,
5947,166342,11,N,B,224,31-Jan-2017,07:56:42,15.0410,145.5990,,401677456,-129,,0,31-Jan-2017,07:56:43,,,,,,,,,,77,224,164,120,0,158,129,12,50,71,31,,,,,,,,,,,,,,,,,,,,,
5947,166342,11,N,B,225,31-Jan-2017,09:38:39,15.0410,145.5990,,401677455,-131,,0,31-Jan-2017,09:38:40,,,,,,,,,,34,211,52,120,0,121,120,0,128,0,0,,,,,,,,,,,,,,,,,,,,,
5947,166342,15,N,B,226,31-Jan-2017,20:29:50,15.0370,145.6000,,401677454,-123,,0,31-Jan-2017,20:29:50,,,,,,,,,,24,222,132,118,8,0,9,1,2,23,121,90,23,128,0,,,,,,,,,,,,,,,,,
5947,166342,15,R,B,227,31-Jan-2017,20:29:50,15.0400,145.5980,,401677456,-123,,0,31-Jan-2017,20:29:50,,,,,,,,,,24,222,132,118,8,0,9,1,2,23,121,90,23,128,0,,,,,,,,,,,,,,,,,
5947,166342,11,A,A,228,31-Jan-2017,23:19:48,15.0360,145.5950,,401677456,-122,,0,31-Jan-2017,23:18:57,,,102,,,,,,,25,218,164,116,197,0,1,128,244,17,0,,,,,,,,,,,,,,,,,,,,,
5947,166342,19,A,A,228,31-Jan-2017,23:19:48,15.0360,145.5950,,401677456,-122,,0,31-Jan-2017,23:19:49,,,102,,,,,,,74,141,180,116,110,129,0,0,0,0,0,0,128,0,0,0,0,128,0,,,,,,,,,,,,,
5947,166342,15,A,A,228,31-Jan-2017,23:19:48,15.0360,145.5950,,401677456,-122,,0,31-Jan-2017,23:20:39,,,102,,,,,,,48,188,20,116,104,129,0,0,8,48,0,0,128,0,0,,,,,,,,,,,,,,,,,
5947,166342,3,B,B,229,01-Feb-2017,00:07:19,15.0360,145.5950,,401677457,-133,,0,01-Feb-2017,00:07:19,,,,,,,,,,123,57,100,,,,,,,,,,,,,,,,,,,,,,,,,,,,,
5947,166342,11,A,B,230,01-Feb-2017,12:04:01,15.0350,145.5890,,401677455,-122,,0,01-Feb-2017,12:03:33,,,56,,,,,,,72,42,212,127,32,190,132,0,4,0,0,,,,,,,,,,,,,,,,,,,,,
5947,166342,11,A,B,230,01-Feb-2017,12:04:01,15.0350,145.5890,,401677455,-122,,0,01-Feb-2017,12:04:29,,,56,,,,,,,49,5,100,127,38,128,0,8,8,0,64,,,,,,,,,,,,,,,,,,,,,
5947,166342,19,R,B,231,01-Feb-2017,20:01:32,15.0370,145.5920,,401677456,-128,,0,01-Feb-2017,20:01:09,,,47,,,,,,,70,124,36,126,14,129,0,0,0,0,0,0,0,2,0,24,32,32,0,,,,,,,,,,,,,
5947,166342,15,R,B,231,01-Feb-2017,20:01:32,15.0370,145.5920,,401677456,-128,,0,01-Feb-2017,20:01:56,,,47,,,,,,,62,83,20,126,8,129,0,0,0,64,32,64,128,0,0,,,,,,,,,,,,,,,,,
5947,166342,11,B,B,232,01-Feb-2017,23:55:29,15.0420,145.5970,,401677458,-128,,0,01-Feb-2017,23:53:49,,,100,,,,,,,48,62,188,155,68,1,127,79,83,240,0,,,,,,,,,,,,,,,,,,,,,
5947,166342,31,B,B,232,01-Feb-2017,23:55:29,15.0420,145.5970,,401677458,-128,,0,01-Feb-2017,23:55:29,,,100,,,,,,,126,194,212,124,84,94,98,143,159,178,6,133,156,4,49,24,1,93,181,37,171,58,176,120,159,29,117,153,96,68,0,
5947,166342,11,A,B,233,02-Feb-2017,00:36:52,15.0420,145.5960,,401677459,-120,,0,02-Feb-2017,00:36:52,,,,,,,,,,23,213,100,124,101,0,38,146,250,0,128,,,,,,,,,,,,,,,,,,,,,
5947,166342,27,P,B,234,02-Feb-2017,03:50:56,15.0400,145.5980,,401677456,-139,,0,02-Feb-2017,03:50:56,,,,,,,,,,116,169,20,122,229,44,90,9,141,79,10,254,202,76,214,151,89,7,151,6,158,105,152,222,3,192,0,,,,,
5947,166342,23,R,B,235,02-Feb-2017,08:20:25,15.0420,145.6030,,401677456,-130,,0,02-Feb-2017,08:20:26,,,415,,,,,,,116,12,180,114,20,114,254,99,236,83,80,71,140,6,92,243,120,85,4,162,107,254,88,,,,,,,,,
5947,166342,19,R,B,235,02-Feb-2017,08:20:25,15.0420,145.6030,,401677456,-130,,0,02-Feb-2017,08:27:21,,,415,,,,,,,70,170,4,121,46,129,0,0,0,0,0,0,0,0,0,24,48,32,0,,,,,,,,,,,,,
5947,166342,15,K,B,236,02-Feb-2017,20:41:17,15.0470,145.6020,,401677457,-125,,0,02-Feb-2017,20:40:46,,,63,,,,,,,24,12,244,120,7,48,9,150,173,182,43,238,141,100,183,,,,,,,,,,,,,,,,,
5947,166342,27,K,B,236,02-Feb-2017,20:41:17,15.0470,145.6020,,401677457,-125,,0,02-Feb-2017,20:41:49,,,63,,,,,,,126,119,4,120,84,144,25,88,5,158,15,89,139,9,51,225,14,141,31,165,222,85,151,157,67,0,0,,,,,
5947,166342,19,R,B,237,03-Feb-2017,07:50:45,15.0430,145.6020,,401677456,-127,,0,03-Feb-2017,07:50:21,,,48,,,,,,,72,25,4,133,46,131,0,0,0,0,0,196,2,0,5,16,48,32,0,,,,,,,,,,,,,
5947,166342,31,R,B,237,03-Feb-2017,07:50:45,15.0430,145.6020,,401677456,-127,,0,03-Feb-2017,07:51:09,,,48,,,,,,,113,81,212,134,52,48,33,138,245,138,197,154,171,157,36,153,105,249,250,49,216,41,177,210,233,205,145,156,228,194,64,
5947,166342,11,R,B,238,03-Feb-2017,09:31:28,15.0430,145.6000,,401677457,-131,,0,03-Feb-2017,09:31:29,,,,,,,,,,29,104,36,129,165,0,23,220,106,41,72,,,,,,,,,,,,,,,,,,,,,
5947,166342,11,P,B,239,03-Feb-2017,17:55:04,15.0420,145.5960,,401677457,-127,,0,03-Feb-2017,17:55:04,,,,,,,,,,21,106,132,132,101,0,28,25,122,68,0,,,,,,,,,,,,,,,,,,,,,
5947,166342,19,K,B,240,03-Feb-2017,20:14:30,15.0370,145.5970,,401677454,-127,,0,03-Feb-2017,20:14:07,,,48,,,,,,,64,91,68,132,13,130,0,0,0,0,0,0,0,0,8,32,32,0,0,,,,,,,,,,,,,
5947,166342,11,K,B,240,03-Feb-2017,20:14:30,15.0370,145.5970,,401677454,-127,,0,03-Feb-2017,20:14:55,,,48,,,,,,,56,217,228,132,6,130,0,0,0,112,32,,,,,,,,,,,,,,,,,,,,,
5947,166342,27,A,0,241,03-Feb-2017,23:52:04,15.0390,145.6020,,401677458,-122,,0,03-Feb-2017,23:50:52,,,147,,,,,,,122,43,164,131,116,208,25,181,190,8,28,56,195,167,39,69,200,190,125,5,66,149,155,226,194,128,0,,,,,
5947,166342,27,A,0,241,03-Feb-2017,23:52:04,15.0390,145.6020,,401677458,-122,,0,03-Feb-2017,23:51:39,,,147,,,,,,,4,197,67,124,232,19,26,50,40,36,208,4,32,112,83,153,76,0,67,37,239,129,133,128,202,103,64,,,,,
5947,166342,11,A,0,241,03-Feb-2017,23:52:04,15.0390,145.6020,,401677458,-122,,0,03-Feb-2017,23:52:29,,,147,,,,,,,17,168,84,130,196,0,2,2,243,128,0,,,,,,,,,,,,,,,,,,,,,
5947,166342,19,A,0,241,03-Feb-2017,23:52:04,15.0390,145.6020,,401677458,-122,,0,03-Feb-2017,23:53:19,,,147,,,,,,,65,102,122,134,140,135,240,231,9,245,190,185,92,3,37,252,154,73,144,,,,,,,,,,,,,
5947,166342,31,K,B,242,04-Feb-2017,07:22:26,15.0370,145.6020,,401677458,-132,,0,04-Feb-2017,07:22:26,,,,,,,,,,127,90,164,130,23,28,93,224,165,221,231,37,216,64,86,69,101,242,160,50,213,174,253,150,20,38,175,210,99,244,86,
5947,166342,11,R,B,243,04-Feb-2017,20:03:12,15.0440,145.5980,,401677455,-123,,0,04-Feb-2017,20:02:46,,,53,,,,,,,29,103,244,125,37,0,37,34,246,26,128,,,,,,,,,,,,,,,,,,,,,
5947,166342,19,R,B,243,04-Feb-2017,20:03:12,15.0440,145.5980,,401677455,-123,,0,04-Feb-2017,20:03:39,,,53,,,,,,,75,246,212,124,206,129,4,0,0,0,0,0,0,0,8,40,0,32,0,,,,,,,,,,,,,
5947,166342,11,R,B,244,04-Feb-2017,21:42:09,15.0440,145.5970,,401677456,-136,,0,04-Feb-2017,21:42:09,,,,,,,,,,48,62,164,126,101,128,0,12,0,16,0,,,,,,,,,,,,,,,,,,,,,
5947,166342,27,B,B,245,05-Feb-2017,00:30:14,15.0410,145.5940,,401677457,-131,,0,05-Feb-2017,00:30:14,,,,,,,,,,127,44,212,125,23,70,218,226,99,98,220,12,127,68,18,233,219,155,146,45,79,81,153,224,69,0,0,,,,,
5947,166342,31,P,B,246,05-Feb-2017,06:30:21,15.0390,145.5900,,401677457,-133,,0,05-Feb-2017,06:30:22,,,,,,,,,,127,165,148,123,103,151,157,161,70,60,254,48,201,177,133,29,120,184,117,31,178,206,116,255,25,146,4,40,0,0,0,
5947,166342,15,N,A,247,05-Feb-2017,08:37:34,15.0380,145.5920,,401677457,-124,,0,05-Feb-2017,08:35:27,,,262,,,,,,,49,118,68,138,7,130,0,0,0,0,96,192,0,0,0,,,,,,,,,,,,,,,,,
5947,166342,15,N,A,247,05-Feb-2017,08:37:34,15.0380,145.5920,,401677457,-124,,0,05-Feb-2017,08:37:29,,,262,,,,,,,25,159,84,138,7,0,8,1,10,51,117,156,128,0,0,,,,,,,,,,,,,,,,,
5947,166342,19,N,A,247,05-Feb-2017,08:37:34,15.0380,145.5920,,401677457,-124,,0,05-Feb-2017,08:39:49,,,262,,,,,,,70,118,244,137,46,133,0,0,0,0,0,0,0,2,4,0,0,128,0,,,,,,,,,,,,,
5947,166342,15,K,B,248,05-Feb-2017,08:37:29,15.0390,145.5920,,401677457,-130,,0,05-Feb-2017,08:37:29,,,,,,,,,,25,159,84,138,7,0,8,1,10,51,117,156,128,6,13,,,,,,,,,,,,,,,,,
5947,166342,19,N,B,249,06-Feb-2017,08:26:56,15.0300,145.5800,,401677457,-131,,0,06-Feb-2017,08:26:57,,,,,,,,,,66,52,100,131,46,129,0,0,0,0,0,0,0,0,0,32,16,64,0,,,,,,,,,,,,,
5947,166342,31,A,B,250,06-Feb-2017,11:59:56,15.0350,145.5850,,401677455,-120,,0,06-Feb-2017,11:59:56,,,,,,,,,,118,226,36,134,166,86,99,81,89,29,45,239,122,237,8,155,109,28,66,170,228,48,27,140,160,16,197,157,37,67,192,
5947,166342,19,B,B,251,06-Feb-2017,23:54:33,15.0320,145.5820,,401677457,-130,,0,06-Feb-2017,23:54:33,,,,,,,,,,64,52,4,125,46,129,0,0,0,0,0,0,1,0,4,16,16,32,0,,,,,,,,,,,,,
5947,166342,15,K,B,252,07-Feb-2017,07:41:12,14.9490,145.5270,,401677445,-126,,0,07-Feb-2017,07:41:13,,,,,,,,,,72,50,208,1,112,110,144,4,32,236,200,36,69,158,146,,,,,,,,,,,,,,,,,
5947,166342,19,R,B,253,07-Feb-2017,09:10:48,15.0330,145.6160,,401677452,-128,,0,07-Feb-2017,09:10:26,,,46,,,,,,,75,87,68,138,206,129,2,0,24,0,1,240,0,0,127,85,235,193,75,,,,,,,,,,,,,
5947,166342,11,R,B,253,07-Feb-2017,09:10:48,15.0330,145.6160,,401677452,-128,,0,07-Feb-2017,09:11:12,,,46,,,,,,,62,18,84,138,197,129,2,0,24,48,0,,,,,,,,,,,,,,,,,,,,,
5947,166342,11,N,B,254,07-Feb-2017,20:44:29,15.1380,145.8560,,401677446,-130,,0,07-Feb-2017,20:44:07,,,46,,,,,,,29,54,212,136,101,0,21,33,43,246,128,,,,,,,,,,,,,,,,,,,,,
5947,166342,15,N,B,254,07-Feb-2017,20:44:29,15.1380,145.8560,,401677446,-130,,0,07-Feb-2017,20:44:53,,,46,,,,,,,74,231,36,136,0,142,129,0,0,8,32,64,0,0,0,,,,,,,,,,,,,,,,,
5947,166342,3,P,B,255,08-Feb-2017,05:54:15,15.2540,145.8590,,401677490,-133,,0,08-Feb-2017,05:54:15,,,,,,,,,,56,102,68,,,,,,,,,,,,,,,,,,,,,,,,,,,,,
5947,166342,19,R,B,256,08-Feb-2017,08:40:15,15.2260,145.8360,,401677486,-129,,0,08-Feb-2017,08:40:15,,,,,,,,,,69,253,52,130,204,129,0,0,0,0,0,0,0,0,0,56,0,0,0,,,,,,,,,,,,,
5947,166342,11,P,B,257,08-Feb-2017,16:56:35,15.0480,145.6220,,401677471,-125,,0,08-Feb-2017,16:56:12,,,48,,,,,,,72,42,212,127,32,190,132,0,4,0,0,,,,,,,,,,,,,,,,,,,,,
5947,166342,31,P,B,257,08-Feb-2017,16:56:35,15.0480,145.6220,,401677471,-125,,0,08-Feb-2017,16:57:00,,,48,,,,,,,117,174,20,138,134,30,95,94,62,136,11,92,6,102,63,180,211,182,192,157,188,154,30,113,25,238,100,76,0,0,0,
5947,166342,27,R, ,258,28-Aug-2019,15:42:09,,,,,,,0,28-Aug-2019,15:42:09,,,,,,,,,,27,179,241,2,35,239,62,245,230,26,112,148,1,212,43,255,101,25,244,48,152,28,212,101,132,147,87,,,,,
,,,,,,,,,,,,,,,,,,,,,,,,,,,,,,,,,,,,,,,,,,,,,,,,,,,,,,,,,
,,,,,,,,,,,,,,,,,,,,,,,,,,,,,,,,,,,,,,,,,,,,,,,,,,,,,,,,,
PTT,Diags,Passes,Msgs,,,,,,,,,,,,,,,,,,,,,,,,,,,,,,,,,,,,,,,,,,,,,,,,,,,,,,
166342,0,256,374,,,,,,,,,,,,,,,,,,,,,,,,,,,,,,,,,,,,,,,,,,,,,,,,,,,,,,
